2025-09-26 12:58:41,889 - server.tcp_server - INFO - 启动控制器服务器 0.0.0.0:8888
2025-09-26 12:58:41,890 - server.tcp_server - INFO - 控制器服务器已启动
2025-09-26 12:59:33,609 - server.tcp_server - INFO - 新客户端连接: ('192.168.31.254', 42656)
2025-09-26 12:59:33,609 - server.tcp_server - INFO - 开始处理连接RealSense相机命令，客户端ID: client_1
2025-09-26 12:59:33,754 - controller.realsense_controller - INFO - 相机内参读取成功
2025-09-26 12:59:33,754 - controller.realsense_controller - INFO - RealSense相机连接成功
2025-09-26 12:59:33,754 - server.tcp_server - INFO - 返回成功响应: {"type": "response", "status": "success", "message": "RealSense相机连接成功", "data": {"connected": true}, "message_id": "msg_1_1758862773"}
2025-09-26 12:59:34,368 - controller.realsense_controller - INFO - RealSense相机连接已断开
2025-09-26 12:59:34,369 - server.tcp_server - INFO - 客户端 client_1 资源已清理
2025-09-26 15:55:15,069 - server.tcp_server - INFO - 新客户端连接: ('192.168.31.254', 37184)
2025-09-26 15:55:15,069 - server.tcp_server - INFO - 开始处理连接RealSense相机命令，客户端ID: client_2
2025-09-26 15:55:15,235 - controller.realsense_controller - INFO - 相机内参读取成功
2025-09-26 15:55:15,235 - controller.realsense_controller - INFO - RealSense相机连接成功
2025-09-26 15:55:15,235 - server.tcp_server - INFO - 返回成功响应: {"type": "response", "status": "success", "message": "RealSense相机连接成功", "data": {"connected": true}, "message_id": "msg_1_1758873315"}
2025-09-26 15:55:16,096 - controller.realsense_controller - INFO - RealSense相机连接已断开
2025-09-26 15:55:16,097 - server.tcp_server - INFO - 客户端 client_2 资源已清理
2025-09-29 13:42:25,207 - server.tcp_server - INFO - 启动控制器服务器 0.0.0.0:8888
2025-09-29 13:42:25,207 - server.tcp_server - INFO - 控制器服务器已启动
2025-09-29 13:42:28,481 - server.tcp_server - INFO - 新客户端连接: ('192.168.31.254', 43144)
2025-09-29 13:42:28,482 - server.tcp_server - INFO - 开始处理连接机器人命令，客户端ID: client_1
2025-09-29 13:42:28,482 - controller.robot_controller - INFO - 正在连接机器人 192.168.0.10:10003
2025-09-29 13:42:28,482 - controller.robot_controller - INFO - 机器人连接成功
2025-09-29 13:42:28,483 - server.tcp_server - INFO - 机器人连接结果: True
2025-09-29 13:42:28,483 - server.tcp_server - INFO - 返回成功响应: {"type": "response", "status": "success", "message": "机器人连接成功", "data": {"connected": true}, "message_id": "msg_1_1759124548"}
2025-09-29 13:42:28,483 - server.tcp_server - INFO - 开始处理连接RealSense相机命令，客户端ID: client_1
2025-09-29 13:42:28,638 - controller.realsense_controller - INFO - 相机内参读取成功
2025-09-29 13:42:28,638 - controller.realsense_controller - INFO - RealSense相机连接成功
2025-09-29 13:42:28,639 - server.tcp_server - INFO - 返回成功响应: {"type": "response", "status": "success", "message": "RealSense相机连接成功", "data": {"connected": true}, "message_id": "msg_2_1759124548"}
2025-09-29 13:42:28,641 - root - INFO - 机器人已处于使能状态
2025-09-29 13:42:28,641 - controller.robot_controller - INFO - 机器人已使能
2025-09-29 13:46:31,789 - root - INFO - 去使能指令发送成功，等待机器人进入去使能状态
2025-09-29 13:46:32,291 - root - INFO - 机器人已成功去使能
2025-09-29 13:46:32,291 - controller.robot_controller - INFO - 机器人已去使能
2025-09-29 13:46:32,380 - controller.realsense_controller - INFO - RealSense相机连接已断开
2025-09-29 13:46:32,382 - controller.robot_controller - INFO - 机器人连接已断开
2025-09-29 13:46:32,384 - server.tcp_server - INFO - 客户端 client_1 资源已清理
2025-09-29 13:48:07,111 - server.tcp_server - INFO - 新客户端连接: ('192.168.31.254', 39384)
2025-09-29 13:48:07,111 - server.tcp_server - INFO - 开始处理连接RealSense相机命令，客户端ID: client_2
2025-09-29 13:48:07,264 - controller.realsense_controller - INFO - 相机内参读取成功
2025-09-29 13:48:07,264 - controller.realsense_controller - INFO - RealSense相机连接成功
2025-09-29 13:48:07,265 - server.tcp_server - INFO - 返回成功响应: {"type": "response", "status": "success", "message": "RealSense相机连接成功", "data": {"connected": true}, "message_id": "msg_1_1759124887"}
2025-09-29 13:48:07,906 - controller.realsense_controller - INFO - RealSense相机连接已断开
2025-09-29 13:48:07,907 - server.tcp_server - INFO - 客户端 client_2 资源已清理
2025-09-29 13:50:20,983 - server.tcp_server - INFO - 新客户端连接: ('192.168.31.254', 35222)
2025-09-29 13:50:20,983 - server.tcp_server - INFO - 开始处理连接RealSense相机命令，客户端ID: client_3
2025-09-29 13:50:21,136 - controller.realsense_controller - INFO - 相机内参读取成功
2025-09-29 13:50:21,136 - controller.realsense_controller - INFO - RealSense相机连接成功
2025-09-29 13:50:21,136 - server.tcp_server - INFO - 返回成功响应: {"type": "response", "status": "success", "message": "RealSense相机连接成功", "data": {"connected": true}, "message_id": "msg_1_1759125020"}
2025-09-29 13:50:21,868 - controller.realsense_controller - INFO - RealSense相机连接已断开
2025-09-29 13:50:21,870 - server.tcp_server - INFO - 客户端 client_3 资源已清理
2025-09-29 13:56:42,022 - server.tcp_server - INFO - 新客户端连接: ('192.168.31.254', 32852)
2025-09-29 13:56:42,023 - server.tcp_server - INFO - 开始处理连接机器人命令，客户端ID: client_4
2025-09-29 13:56:42,023 - controller.robot_controller - INFO - 正在连接机器人 192.168.0.10:10003
2025-09-29 13:56:42,026 - controller.robot_controller - INFO - 机器人连接成功
2025-09-29 13:56:42,026 - server.tcp_server - INFO - 机器人连接结果: True
2025-09-29 13:56:42,026 - server.tcp_server - INFO - 返回成功响应: {"type": "response", "status": "success", "message": "机器人连接成功", "data": {"connected": true}, "message_id": "msg_1_1759125402"}
2025-09-29 13:56:42,036 - controller.robot_controller - ERROR - 机器人使能失败: 机器人错误 20018: 使能机器人失败: command forbidden in this state{7---Blackout48V}
2025-09-29 13:57:12,246 - controller.robot_controller - ERROR - 机器人去使能失败: 机器人错误 -1: 去使能失败，当前状态不允许去使能: 24 (机器人去使能)
2025-09-29 13:57:12,246 - root - INFO - 机器人已处于去使能状态
2025-09-29 13:57:12,246 - controller.robot_controller - INFO - 机器人已去使能
2025-09-29 13:57:12,246 - server.tcp_server - INFO - 客户端 client_4 的机器人已去使能
2025-09-29 13:57:12,246 - controller.robot_controller - INFO - 机器人连接已断开
2025-09-29 13:57:12,246 - server.tcp_server - INFO - 客户端 client_4 的机器人连接已断开
2025-09-29 13:57:12,246 - server.tcp_server - INFO - 客户端 client_4 资源已清理
2025-09-29 13:57:12,249 - server.tcp_server - INFO - 新客户端连接: ('192.168.31.254', 53694)
2025-09-29 13:57:12,250 - server.tcp_server - INFO - 开始处理连接机器人命令，客户端ID: client_5
2025-09-29 13:57:12,250 - controller.robot_controller - INFO - 正在连接机器人 192.168.0.10:10003
2025-09-29 13:57:12,254 - controller.robot_controller - INFO - 机器人连接成功
2025-09-29 13:57:12,254 - server.tcp_server - INFO - 机器人连接结果: True
2025-09-29 13:57:12,254 - server.tcp_server - INFO - 返回成功响应: {"type": "response", "status": "success", "message": "机器人连接成功", "data": {"connected": true}, "message_id": "msg_1_1759125432"}
2025-09-29 13:57:13,809 - root - INFO - 机器人已成功使能
2025-09-29 13:57:13,809 - controller.robot_controller - INFO - 机器人已使能
2025-09-29 13:57:13,840 - root - INFO - 去使能指令发送成功，等待机器人进入去使能状态
2025-09-29 13:57:14,343 - root - INFO - 机器人已成功去使能
2025-09-29 13:57:14,343 - controller.robot_controller - INFO - 机器人已去使能
2025-09-29 13:57:14,344 - controller.robot_controller - INFO - 机器人连接已断开
2025-09-29 13:57:14,344 - server.tcp_server - INFO - 客户端 client_5 资源已清理
2025-09-29 13:57:15,332 - server.tcp_server - INFO - 新客户端连接: ('192.168.31.254', 53702)
2025-09-29 13:57:15,336 - server.tcp_server - INFO - 开始处理连接机器人命令，客户端ID: client_6
2025-09-29 13:57:15,336 - controller.robot_controller - INFO - 正在连接机器人 192.168.0.10:10003
2025-09-29 13:57:15,339 - controller.robot_controller - INFO - 机器人连接成功
2025-09-29 13:57:15,339 - server.tcp_server - INFO - 机器人连接结果: True
2025-09-29 13:57:15,339 - server.tcp_server - INFO - 返回成功响应: {"type": "response", "status": "success", "message": "机器人连接成功", "data": {"connected": true}, "message_id": "msg_1_1759125435"}
2025-09-29 13:57:16,894 - root - INFO - 机器人已成功使能
2025-09-29 13:57:16,894 - controller.robot_controller - INFO - 机器人已使能
2025-09-29 13:57:16,927 - root - INFO - 去使能指令发送成功，等待机器人进入去使能状态
2025-09-29 13:57:17,429 - root - INFO - 机器人已成功去使能
2025-09-29 13:57:17,429 - controller.robot_controller - INFO - 机器人已去使能
2025-09-29 13:57:17,430 - controller.robot_controller - INFO - 机器人连接已断开
2025-09-29 13:57:17,431 - server.tcp_server - INFO - 客户端 client_6 资源已清理
2025-09-29 13:57:49,687 - server.tcp_server - INFO - 新客户端连接: ('192.168.31.254', 41562)
2025-09-29 13:57:49,694 - server.tcp_server - INFO - 开始处理连接机器人命令，客户端ID: client_7
2025-09-29 13:57:49,694 - controller.robot_controller - INFO - 正在连接机器人 192.168.0.10:10003
2025-09-29 13:57:49,695 - controller.robot_controller - INFO - 机器人连接成功
2025-09-29 13:57:49,695 - server.tcp_server - INFO - 机器人连接结果: True
2025-09-29 13:57:49,695 - server.tcp_server - INFO - 返回成功响应: {"type": "response", "status": "success", "message": "机器人连接成功", "data": {"connected": true}, "message_id": "msg_1_1759125469"}
2025-09-29 13:57:51,251 - root - INFO - 机器人已成功使能
2025-09-29 13:57:51,251 - controller.robot_controller - INFO - 机器人已使能
2025-09-29 13:58:21,354 - controller.robot_controller - ERROR - 运动到指定关节位置失败: 关节运动执行失败: 机器人错误 -1: 等待运动完成超时
2025-09-29 13:58:22,384 - root - INFO - 去使能指令发送成功，等待机器人进入去使能状态
2025-09-29 13:58:22,886 - root - INFO - 机器人已成功去使能
2025-09-29 13:58:22,887 - controller.robot_controller - INFO - 机器人已去使能
2025-09-29 13:58:22,887 - root - INFO - 机器人已处于去使能状态
2025-09-29 13:58:22,888 - controller.robot_controller - INFO - 机器人已去使能
2025-09-29 13:58:22,888 - server.tcp_server - INFO - 客户端 client_7 的机器人已去使能
2025-09-29 13:58:22,888 - controller.robot_controller - INFO - 机器人连接已断开
2025-09-29 13:58:22,888 - server.tcp_server - INFO - 客户端 client_7 的机器人连接已断开
2025-09-29 13:58:22,888 - server.tcp_server - INFO - 客户端 client_7 资源已清理
2025-09-29 14:00:36,419 - server.tcp_server - INFO - 新客户端连接: ('192.168.31.254', 54684)
2025-09-29 14:00:36,419 - server.tcp_server - INFO - 开始处理连接机器人命令，客户端ID: client_8
2025-09-29 14:00:36,419 - controller.robot_controller - INFO - 正在连接机器人 192.168.0.10:10003
2025-09-29 14:00:36,420 - controller.robot_controller - INFO - 机器人连接成功
2025-09-29 14:00:36,420 - server.tcp_server - INFO - 机器人连接结果: True
2025-09-29 14:00:36,420 - server.tcp_server - INFO - 返回成功响应: {"type": "response", "status": "success", "message": "机器人连接成功", "data": {"connected": true}, "message_id": "msg_1_1759125636"}
2025-09-29 14:00:37,975 - root - INFO - 机器人已成功使能
2025-09-29 14:00:37,976 - controller.robot_controller - INFO - 机器人已使能
2025-09-29 14:00:38,492 - root - INFO - 关节运动完成
2025-09-29 14:00:38,492 - controller.robot_controller - INFO - 运动到指定关节位置完成
2025-09-29 14:00:38,525 - root - INFO - 去使能指令发送成功，等待机器人进入去使能状态
2025-09-29 14:00:39,028 - root - INFO - 机器人已成功去使能
2025-09-29 14:00:39,028 - controller.robot_controller - INFO - 机器人已去使能
2025-09-29 14:00:39,030 - controller.robot_controller - INFO - 机器人连接已断开
2025-09-29 14:00:39,030 - server.tcp_server - INFO - 客户端 client_8 资源已清理
2025-09-29 15:04:45,554 - server.tcp_server - INFO - 新客户端连接: ('192.168.31.254', 49638)
2025-09-29 15:04:45,555 - server.tcp_server - INFO - 开始处理连接机器人命令，客户端ID: client_9
2025-09-29 15:04:45,555 - controller.robot_controller - INFO - 正在连接机器人 192.168.0.10:10003
2025-09-29 15:04:45,555 - controller.robot_controller - INFO - 机器人连接成功
2025-09-29 15:04:45,555 - server.tcp_server - INFO - 机器人连接结果: True
2025-09-29 15:04:45,555 - server.tcp_server - INFO - 返回成功响应: {"type": "response", "status": "success", "message": "机器人连接成功", "data": {"connected": true}, "message_id": "msg_1_1759129485"}
2025-09-29 15:04:47,108 - root - INFO - 机器人已成功使能
2025-09-29 15:04:47,108 - controller.robot_controller - INFO - 机器人已使能
2025-09-29 15:04:47,625 - root - INFO - 关节运动完成
2025-09-29 15:04:47,625 - controller.robot_controller - INFO - 运动到指定关节位置完成
2025-09-29 15:04:47,666 - root - INFO - 去使能指令发送成功，等待机器人进入去使能状态
2025-09-29 15:04:48,168 - root - INFO - 机器人已成功去使能
2025-09-29 15:04:48,168 - controller.robot_controller - INFO - 机器人已去使能
2025-09-29 15:04:48,170 - controller.robot_controller - INFO - 机器人连接已断开
2025-09-29 15:04:48,171 - server.tcp_server - INFO - 客户端 client_9 资源已清理
2025-09-29 15:48:25,945 - server.tcp_server - INFO - 新客户端连接: ('192.168.31.254', 36340)
2025-09-29 15:48:25,945 - server.tcp_server - INFO - 开始处理连接机器人命令，客户端ID: client_10
2025-09-29 15:48:25,945 - controller.robot_controller - INFO - 正在连接机器人 192.168.0.10:10003
2025-09-29 15:48:25,945 - controller.robot_controller - INFO - 机器人连接成功
2025-09-29 15:48:25,945 - server.tcp_server - INFO - 机器人连接结果: True
2025-09-29 15:48:25,946 - server.tcp_server - INFO - 返回成功响应: {"type": "response", "status": "success", "message": "机器人连接成功", "data": {"connected": true}, "message_id": "msg_1_1759132105"}
2025-09-29 15:48:27,500 - root - INFO - 机器人已成功使能
2025-09-29 15:48:27,500 - controller.robot_controller - INFO - 机器人已使能
2025-09-29 15:48:28,017 - root - INFO - 关节运动完成
2025-09-29 15:48:28,017 - controller.robot_controller - INFO - 运动到指定关节位置完成
2025-09-29 15:48:28,054 - root - INFO - 去使能指令发送成功，等待机器人进入去使能状态
2025-09-29 15:48:28,556 - root - INFO - 机器人已成功去使能
2025-09-29 15:48:28,556 - controller.robot_controller - INFO - 机器人已去使能
2025-09-29 15:48:28,557 - controller.robot_controller - INFO - 机器人连接已断开
2025-09-29 15:48:28,558 - server.tcp_server - INFO - 客户端 client_10 资源已清理
2025-09-29 15:50:27,048 - server.tcp_server - INFO - 新客户端连接: ('192.168.31.254', 50884)
2025-09-29 15:50:27,052 - server.tcp_server - INFO - 开始处理连接机器人命令，客户端ID: client_11
2025-09-29 15:50:27,052 - controller.robot_controller - INFO - 正在连接机器人 192.168.0.10:10003
2025-09-29 15:50:27,053 - controller.robot_controller - INFO - 机器人连接成功
2025-09-29 15:50:27,053 - server.tcp_server - INFO - 机器人连接结果: True
2025-09-29 15:50:27,053 - server.tcp_server - INFO - 返回成功响应: {"type": "response", "status": "success", "message": "机器人连接成功", "data": {"connected": true}, "message_id": "msg_1_1759132227"}
2025-09-29 15:50:28,611 - root - INFO - 机器人已成功使能
2025-09-29 15:50:28,611 - controller.robot_controller - INFO - 机器人已使能
2025-09-29 15:50:29,127 - root - INFO - 关节运动完成
2025-09-29 15:50:29,127 - controller.robot_controller - INFO - 运动到指定关节位置完成
2025-09-29 15:50:29,164 - root - INFO - 去使能指令发送成功，等待机器人进入去使能状态
2025-09-29 15:50:29,667 - root - INFO - 机器人已成功去使能
2025-09-29 15:50:29,667 - controller.robot_controller - INFO - 机器人已去使能
2025-09-29 15:50:29,668 - controller.robot_controller - INFO - 机器人连接已断开
2025-09-29 15:50:29,669 - server.tcp_server - INFO - 客户端 client_11 资源已清理
2025-09-29 16:29:36,771 - server.tcp_server - INFO - 新客户端连接: ('192.168.31.254', 38448)
2025-09-29 16:29:36,771 - server.tcp_server - INFO - 开始处理连接机器人命令，客户端ID: client_12
2025-09-29 16:29:36,772 - controller.robot_controller - INFO - 正在连接机器人 192.168.0.10:10003
2025-09-29 16:29:36,772 - controller.robot_controller - INFO - 机器人连接成功
2025-09-29 16:29:36,772 - server.tcp_server - INFO - 机器人连接结果: True
2025-09-29 16:29:36,772 - server.tcp_server - INFO - 返回成功响应: {"type": "response", "status": "success", "message": "机器人连接成功", "data": {"connected": true}, "message_id": "msg_1_1759134576"}
2025-09-29 16:29:36,772 - server.tcp_server - INFO - 开始处理连接RealSense相机命令，客户端ID: client_12
2025-09-29 16:29:36,933 - controller.realsense_controller - INFO - 相机内参读取成功
2025-09-29 16:29:36,934 - controller.realsense_controller - INFO - RealSense相机连接成功
2025-09-29 16:29:36,934 - server.tcp_server - INFO - 返回成功响应: {"type": "response", "status": "success", "message": "RealSense相机连接成功", "data": {"connected": true}, "message_id": "msg_2_1759134576"}
2025-09-29 16:29:36,936 - root - INFO - 机器人已处于使能状态
2025-09-29 16:29:36,936 - controller.robot_controller - INFO - 机器人已使能
2025-09-29 16:33:01,537 - root - INFO - 去使能指令发送成功，等待机器人进入去使能状态
2025-09-29 16:33:02,039 - root - INFO - 机器人已成功去使能
2025-09-29 16:33:02,039 - controller.robot_controller - INFO - 机器人已去使能
2025-09-29 16:33:02,377 - controller.realsense_controller - INFO - RealSense相机连接已断开
2025-09-29 16:33:02,379 - controller.robot_controller - INFO - 机器人连接已断开
2025-09-29 16:33:02,380 - server.tcp_server - INFO - 客户端 client_12 资源已清理
2025-09-29 16:35:32,369 - server.tcp_server - INFO - 新客户端连接: ('192.168.31.254', 54242)
2025-09-29 16:35:32,369 - server.tcp_server - INFO - 开始处理连接机器人命令，客户端ID: client_13
2025-09-29 16:35:32,370 - controller.robot_controller - INFO - 正在连接机器人 192.168.0.10:10003
2025-09-29 16:35:32,370 - controller.robot_controller - INFO - 机器人连接成功
2025-09-29 16:35:32,370 - server.tcp_server - INFO - 机器人连接结果: True
2025-09-29 16:35:32,370 - server.tcp_server - INFO - 返回成功响应: {"type": "response", "status": "success", "message": "机器人连接成功", "data": {"connected": true}, "message_id": "msg_1_1759134932"}
2025-09-29 16:35:32,370 - server.tcp_server - INFO - 开始处理连接RealSense相机命令，客户端ID: client_13
2025-09-29 16:35:32,532 - controller.realsense_controller - INFO - 相机内参读取成功
2025-09-29 16:35:32,532 - controller.realsense_controller - INFO - RealSense相机连接成功
2025-09-29 16:35:32,532 - server.tcp_server - INFO - 返回成功响应: {"type": "response", "status": "success", "message": "RealSense相机连接成功", "data": {"connected": true}, "message_id": "msg_2_1759134932"}
2025-09-29 16:35:34,084 - root - INFO - 机器人已成功使能
2025-09-29 16:35:34,084 - controller.robot_controller - INFO - 机器人已使能
2025-09-29 16:39:32,485 - root - INFO - 去使能指令发送成功，等待机器人进入去使能状态
2025-09-29 16:39:32,987 - root - INFO - 机器人已成功去使能
2025-09-29 16:39:32,987 - controller.robot_controller - INFO - 机器人已去使能
2025-09-29 16:39:33,100 - controller.realsense_controller - INFO - RealSense相机连接已断开
2025-09-29 16:39:33,102 - controller.robot_controller - INFO - 机器人连接已断开
2025-09-29 16:39:33,103 - server.tcp_server - INFO - 客户端 client_13 资源已清理
2025-09-29 20:09:05,493 - server.tcp_server - INFO - 新客户端连接: ('192.168.31.254', 52156)
2025-09-29 20:09:05,494 - server.tcp_server - INFO - 开始处理连接RealSense相机命令，客户端ID: client_14
2025-09-29 20:09:05,645 - controller.realsense_controller - INFO - 相机内参读取成功
2025-09-29 20:09:05,646 - controller.realsense_controller - INFO - RealSense相机连接成功
2025-09-29 20:09:05,646 - server.tcp_server - INFO - 返回成功响应: {"type": "response", "status": "success", "message": "RealSense相机连接成功", "data": {"connected": true}, "message_id": "msg_1_1759147745"}
2025-09-29 20:09:40,103 - controller.realsense_controller - INFO - RealSense相机连接已断开
2025-09-29 20:09:40,108 - server.tcp_server - INFO - 客户端 client_14 资源已清理
2025-09-29 20:13:53,111 - server.tcp_server - INFO - 新客户端连接: ('192.168.31.254', 37134)
2025-09-29 20:13:53,112 - server.tcp_server - INFO - 开始处理连接RealSense相机命令，客户端ID: client_15
2025-09-29 20:13:53,273 - controller.realsense_controller - INFO - 相机内参读取成功
2025-09-29 20:13:53,274 - controller.realsense_controller - INFO - RealSense相机连接成功
2025-09-29 20:13:53,274 - server.tcp_server - INFO - 返回成功响应: {"type": "response", "status": "success", "message": "RealSense相机连接成功", "data": {"connected": true}, "message_id": "msg_1_1759148033"}
2025-09-29 20:13:57,679 - controller.realsense_controller - INFO - RealSense相机连接已断开
2025-09-29 20:13:57,683 - server.tcp_server - INFO - 客户端 client_15 资源已清理
2025-09-29 20:14:20,182 - server.tcp_server - INFO - 新客户端连接: ('192.168.31.254', 50106)
2025-09-29 20:14:20,184 - server.tcp_server - INFO - 开始处理连接RealSense相机命令，客户端ID: client_16
2025-09-29 20:14:20,347 - controller.realsense_controller - INFO - 相机内参读取成功
2025-09-29 20:14:20,347 - controller.realsense_controller - INFO - RealSense相机连接成功
2025-09-29 20:14:20,347 - server.tcp_server - INFO - 返回成功响应: {"type": "response", "status": "success", "message": "RealSense相机连接成功", "data": {"connected": true}, "message_id": "msg_1_1759148060"}
2025-09-29 20:14:20,416 - server.tcp_server - INFO - 客户端 client_16 资源已清理
2025-09-29 20:17:46,601 - server.tcp_server - INFO - 新客户端连接: ('192.168.31.254', 42680)
2025-09-29 20:17:46,601 - server.tcp_server - INFO - 开始处理连接RealSense相机命令，客户端ID: client_17
2025-09-29 20:17:46,926 - controller.realsense_controller - INFO - 相机内参读取成功
2025-09-29 20:17:46,927 - controller.realsense_controller - INFO - RealSense相机连接成功
2025-09-29 20:17:46,927 - server.tcp_server - INFO - 返回成功响应: {"type": "response", "status": "success", "message": "RealSense相机连接成功", "data": {"connected": true}, "message_id": "msg_1_1759148266"}
2025-09-29 20:17:49,352 - controller.realsense_controller - INFO - RealSense相机连接已断开
2025-09-29 20:17:49,354 - server.tcp_server - INFO - 客户端 client_17 资源已清理
2025-09-29 20:17:54,611 - server.tcp_server - INFO - 新客户端连接: ('192.168.31.254', 42696)
2025-09-29 20:17:54,611 - server.tcp_server - INFO - 开始处理连接RealSense相机命令，客户端ID: client_18
2025-09-29 20:17:54,773 - controller.realsense_controller - INFO - 相机内参读取成功
2025-09-29 20:17:54,774 - controller.realsense_controller - INFO - RealSense相机连接成功
2025-09-29 20:17:54,774 - server.tcp_server - INFO - 返回成功响应: {"type": "response", "status": "success", "message": "RealSense相机连接成功", "data": {"connected": true}, "message_id": "msg_1_1759148274"}
2025-09-29 20:17:57,200 - controller.realsense_controller - INFO - RealSense相机连接已断开
2025-09-29 20:17:57,205 - server.tcp_server - INFO - 客户端 client_18 资源已清理
2025-09-29 20:19:17,630 - server.tcp_server - INFO - 新客户端连接: ('192.168.31.254', 33210)
2025-09-29 20:19:17,630 - server.tcp_server - INFO - 开始处理连接RealSense相机命令，客户端ID: client_19
2025-09-29 20:19:17,793 - controller.realsense_controller - INFO - 相机内参读取成功
2025-09-29 20:19:17,793 - controller.realsense_controller - INFO - RealSense相机连接成功
2025-09-29 20:19:17,793 - server.tcp_server - INFO - 返回成功响应: {"type": "response", "status": "success", "message": "RealSense相机连接成功", "data": {"connected": true}, "message_id": "msg_1_1759148357"}
2025-09-29 20:19:20,229 - controller.realsense_controller - INFO - RealSense相机连接已断开
2025-09-29 20:19:20,234 - server.tcp_server - INFO - 客户端 client_19 资源已清理
2025-09-29 20:19:35,891 - server.tcp_server - INFO - 新客户端连接: ('192.168.31.254', 33008)
2025-09-29 20:19:35,892 - server.tcp_server - INFO - 开始处理连接RealSense相机命令，客户端ID: client_20
2025-09-29 20:19:36,045 - controller.realsense_controller - INFO - 相机内参读取成功
2025-09-29 20:19:36,045 - controller.realsense_controller - INFO - RealSense相机连接成功
2025-09-29 20:19:36,045 - server.tcp_server - INFO - 返回成功响应: {"type": "response", "status": "success", "message": "RealSense相机连接成功", "data": {"connected": true}, "message_id": "msg_1_1759148375"}
2025-09-29 20:19:40,428 - controller.realsense_controller - INFO - RealSense相机连接已断开
2025-09-29 20:19:40,433 - server.tcp_server - INFO - 客户端 client_20 资源已清理
2025-09-29 20:36:22,671 - server.tcp_server - INFO - 新客户端连接: ('192.168.31.254', 54124)
2025-09-29 20:36:22,673 - server.tcp_server - INFO - 开始处理连接机器人命令，客户端ID: client_21
2025-09-29 20:36:22,673 - controller.robot_controller - INFO - 正在连接机器人 192.168.0.10:10003
2025-09-29 20:36:22,673 - controller.robot_controller - INFO - 机器人连接成功
2025-09-29 20:36:22,674 - server.tcp_server - INFO - 机器人连接结果: True
2025-09-29 20:36:22,674 - server.tcp_server - INFO - 返回成功响应: {"type": "response", "status": "success", "message": "机器人连接成功", "data": {"connected": true}, "message_id": "msg_1_1759149382"}
2025-09-29 20:36:22,678 - controller.robot_controller - ERROR - 机器人使能失败: 机器人错误 20018: 使能机器人失败: command forbidden in this state{7---Blackout48V}
2025-09-29 20:36:52,766 - controller.robot_controller - ERROR - 机器人去使能失败: 机器人错误 -1: 去使能失败，当前状态不允许去使能: 15 (正在初始化控制器)
2025-09-29 20:36:52,766 - server.tcp_server - INFO - 客户端 client_21 的机器人已去使能
2025-09-29 20:36:52,766 - controller.robot_controller - INFO - 机器人连接已断开
2025-09-29 20:36:52,766 - server.tcp_server - INFO - 客户端 client_21 的机器人连接已断开
2025-09-29 20:36:52,767 - server.tcp_server - INFO - 客户端 client_21 资源已清理
2025-09-29 20:37:08,536 - server.tcp_server - INFO - 新客户端连接: ('192.168.31.254', 33126)
2025-09-29 20:37:08,536 - server.tcp_server - INFO - 开始处理连接机器人命令，客户端ID: client_22
2025-09-29 20:37:08,536 - controller.robot_controller - INFO - 正在连接机器人 192.168.0.10:10003
2025-09-29 20:37:08,537 - controller.robot_controller - INFO - 机器人连接成功
2025-09-29 20:37:08,537 - server.tcp_server - INFO - 机器人连接结果: True
2025-09-29 20:37:08,537 - server.tcp_server - INFO - 返回成功响应: {"type": "response", "status": "success", "message": "机器人连接成功", "data": {"connected": true}, "message_id": "msg_1_1759149428"}
2025-09-29 20:37:10,087 - root - INFO - 机器人已成功使能
2025-09-29 20:37:10,088 - controller.robot_controller - INFO - 机器人已使能
2025-09-29 20:37:12,100 - root - INFO - 速度比设置成功
2025-09-29 20:37:12,101 - controller.robot_controller - INFO - 速度比设置为 0.49
2025-09-29 20:37:16,634 - root - INFO - 关节运动完成
2025-09-29 20:37:16,634 - controller.robot_controller - INFO - 运动到指定姿态完成
2025-09-29 20:37:49,732 - controller.robot_controller - ERROR - 机器人去使能失败: 机器人错误 -1: 去使能失败，当前状态不允许去使能: 24 (机器人去使能)
2025-09-29 20:37:49,734 - root - INFO - 机器人已处于去使能状态
2025-09-29 20:37:49,734 - controller.robot_controller - INFO - 机器人已去使能
2025-09-29 20:37:49,734 - server.tcp_server - INFO - 客户端 client_22 的机器人已去使能
2025-09-29 20:37:49,734 - controller.robot_controller - INFO - 机器人连接已断开
2025-09-29 20:37:49,734 - server.tcp_server - INFO - 客户端 client_22 的机器人连接已断开
2025-09-29 20:37:49,734 - server.tcp_server - INFO - 客户端 client_22 资源已清理
2025-09-29 20:39:54,633 - server.tcp_server - INFO - 新客户端连接: ('192.168.31.254', 53422)
2025-09-29 20:39:54,633 - server.tcp_server - INFO - 开始处理连接机器人命令，客户端ID: client_23
2025-09-29 20:39:54,633 - controller.robot_controller - INFO - 正在连接机器人 192.168.0.10:10003
2025-09-29 20:39:54,634 - controller.robot_controller - INFO - 机器人连接成功
2025-09-29 20:39:54,634 - server.tcp_server - INFO - 机器人连接结果: True
2025-09-29 20:39:54,634 - server.tcp_server - INFO - 返回成功响应: {"type": "response", "status": "success", "message": "机器人连接成功", "data": {"connected": true}, "message_id": "msg_1_1759149594"}
2025-09-29 20:39:56,187 - root - INFO - 机器人已成功使能
2025-09-29 20:39:56,187 - controller.robot_controller - INFO - 机器人已使能
2025-09-29 20:39:58,199 - root - INFO - 速度比设置成功
2025-09-29 20:39:58,200 - controller.robot_controller - INFO - 速度比设置为 0.49
2025-09-29 20:40:03,734 - root - INFO - 关节运动完成
2025-09-29 20:40:03,735 - controller.robot_controller - INFO - 运动到指定姿态完成
2025-09-29 20:40:12,289 - root - INFO - 去使能指令发送成功，等待机器人进入去使能状态
2025-09-29 20:40:12,791 - root - INFO - 机器人已成功去使能
2025-09-29 20:40:12,792 - controller.robot_controller - INFO - 机器人已去使能
2025-09-29 20:40:12,792 - controller.robot_controller - INFO - 机器人连接已断开
2025-09-29 20:40:12,792 - server.tcp_server - INFO - 客户端 client_23 资源已清理
2025-09-29 20:41:53,947 - server.tcp_server - INFO - 新客户端连接: ('192.168.31.254', 40430)
2025-09-29 20:41:53,948 - server.tcp_server - INFO - 开始处理连接机器人命令，客户端ID: client_24
2025-09-29 20:41:53,948 - controller.robot_controller - INFO - 正在连接机器人 192.168.0.10:10003
2025-09-29 20:41:53,948 - controller.robot_controller - INFO - 机器人连接成功
2025-09-29 20:41:53,948 - server.tcp_server - INFO - 机器人连接结果: True
2025-09-29 20:41:53,948 - server.tcp_server - INFO - 返回成功响应: {"type": "response", "status": "success", "message": "机器人连接成功", "data": {"connected": true}, "message_id": "msg_1_1759149713"}
2025-09-29 20:41:53,950 - root - INFO - 机器人已处于使能状态
2025-09-29 20:41:53,950 - controller.robot_controller - INFO - 机器人已使能
2025-09-29 20:41:55,959 - root - INFO - 速度比设置成功
2025-09-29 20:41:55,959 - controller.robot_controller - INFO - 速度比设置为 0.49
2025-09-29 20:41:57,983 - root - INFO - 关节运动完成
2025-09-29 20:41:57,984 - controller.robot_controller - INFO - 运动到指定姿态完成
2025-09-29 20:42:31,252 - controller.robot_controller - ERROR - 机器人去使能失败: 机器人错误 -1: 去使能失败，当前状态不允许去使能: 24 (机器人去使能)
2025-09-29 20:42:31,254 - root - INFO - 机器人已处于去使能状态
2025-09-29 20:42:31,254 - controller.robot_controller - INFO - 机器人已去使能
2025-09-29 20:42:31,254 - server.tcp_server - INFO - 客户端 client_24 的机器人已去使能
2025-09-29 20:42:31,254 - controller.robot_controller - INFO - 机器人连接已断开
2025-09-29 20:42:31,254 - server.tcp_server - INFO - 客户端 client_24 的机器人连接已断开
2025-09-29 20:42:31,254 - server.tcp_server - INFO - 客户端 client_24 资源已清理
2025-09-29 21:06:20,228 - server.tcp_server - INFO - 新客户端连接: ('192.168.31.254', 33582)
2025-09-29 21:06:20,228 - server.tcp_server - INFO - 开始处理连接机器人命令，客户端ID: client_25
2025-09-29 21:06:20,228 - controller.robot_controller - INFO - 正在连接机器人 192.168.0.10:10003
2025-09-29 21:06:20,229 - controller.robot_controller - INFO - 机器人连接成功
2025-09-29 21:06:20,229 - server.tcp_server - INFO - 机器人连接结果: True
2025-09-29 21:06:20,229 - server.tcp_server - INFO - 返回成功响应: {"type": "response", "status": "success", "message": "机器人连接成功", "data": {"connected": true}, "message_id": "msg_1_1759151180"}
2025-09-29 21:06:21,780 - root - INFO - 机器人已成功使能
2025-09-29 21:06:21,781 - controller.robot_controller - INFO - 机器人已使能
2025-09-29 21:06:26,816 - root - INFO - 去使能指令发送成功，等待机器人进入去使能状态
2025-09-29 21:06:27,319 - root - INFO - 机器人已成功去使能
2025-09-29 21:06:27,319 - controller.robot_controller - INFO - 机器人已去使能
2025-09-29 21:06:27,320 - controller.robot_controller - INFO - 机器人连接已断开
2025-09-29 21:06:27,321 - server.tcp_server - INFO - 客户端 client_25 资源已清理
2025-09-29 21:46:15,745 - server.tcp_server - INFO - 新客户端连接: ('192.168.31.254', 41200)
2025-09-29 21:46:15,745 - server.tcp_server - INFO - 开始处理连接机器人命令，客户端ID: client_26
2025-09-29 21:46:15,745 - controller.robot_controller - INFO - 正在连接机器人 192.168.0.10:10003
2025-09-29 21:46:15,746 - controller.robot_controller - INFO - 机器人连接成功
2025-09-29 21:46:15,746 - server.tcp_server - INFO - 机器人连接结果: True
2025-09-29 21:46:15,746 - server.tcp_server - INFO - 返回成功响应: {"type": "response", "status": "success", "message": "机器人连接成功", "data": {"connected": true}, "message_id": "msg_1_1759153575"}
2025-09-29 21:46:15,747 - root - INFO - 机器人已处于使能状态
2025-09-29 21:46:15,747 - controller.robot_controller - INFO - 机器人已使能
2025-09-29 21:46:15,774 - root - INFO - 去使能指令发送成功，等待机器人进入去使能状态
2025-09-29 21:46:16,275 - root - INFO - 机器人已成功去使能
2025-09-29 21:46:16,275 - controller.robot_controller - INFO - 机器人已去使能
2025-09-29 21:46:16,276 - controller.robot_controller - INFO - 机器人连接已断开
2025-09-29 21:46:16,277 - server.tcp_server - INFO - 客户端 client_26 资源已清理
2025-09-29 21:46:21,414 - server.tcp_server - INFO - 正在停止控制器服务器...
2025-09-29 21:46:21,415 - server.tcp_server - INFO - 控制器服务器已停止
2025-09-29 21:47:34,035 - server.tcp_server - INFO - 启动控制器服务器 0.0.0.0:8888
2025-09-29 21:47:34,035 - server.tcp_server - INFO - 控制器服务器已启动
2025-09-29 21:47:36,646 - server.tcp_server - INFO - 新客户端连接: ('192.168.31.254', 59170)
2025-09-29 21:47:36,647 - server.tcp_server - INFO - 开始处理连接机器人命令，客户端ID: client_1
2025-09-29 21:47:36,647 - controller.robot_controller - INFO - 正在连接机器人 192.168.0.10:10003
2025-09-29 21:47:36,648 - controller.robot_controller - INFO - 机器人连接成功
2025-09-29 21:47:36,648 - server.tcp_server - INFO - 机器人连接结果: True
2025-09-29 21:47:36,648 - server.tcp_server - INFO - 返回成功响应: {"type": "response", "status": "success", "message": "机器人连接成功", "data": {"connected": true}, "message_id": "msg_1_1759153656"}
2025-09-29 21:47:38,200 - root - INFO - 机器人已成功使能
2025-09-29 21:47:38,200 - controller.robot_controller - INFO - 机器人已使能
2025-09-29 21:47:38,230 - root - INFO - 去使能指令发送成功，等待机器人进入去使能状态
2025-09-29 21:47:38,733 - root - INFO - 机器人已成功去使能
2025-09-29 21:47:38,733 - controller.robot_controller - INFO - 机器人已去使能
2025-09-29 21:47:38,734 - controller.robot_controller - INFO - 机器人连接已断开
2025-09-29 21:47:38,735 - server.tcp_server - INFO - 客户端 client_1 资源已清理
2025-09-29 21:48:16,865 - server.tcp_server - INFO - 新客户端连接: ('192.168.31.254', 38316)
2025-09-29 21:48:16,865 - server.tcp_server - INFO - 开始处理连接机器人命令，客户端ID: client_2
2025-09-29 21:48:16,865 - controller.robot_controller - INFO - 正在连接机器人 192.168.0.10:10003
2025-09-29 21:48:16,865 - controller.robot_controller - INFO - 机器人连接成功
2025-09-29 21:48:16,865 - server.tcp_server - INFO - 机器人连接结果: True
2025-09-29 21:48:16,865 - server.tcp_server - INFO - 返回成功响应: {"type": "response", "status": "success", "message": "机器人连接成功", "data": {"connected": true}, "message_id": "msg_1_1759153696"}
2025-09-29 21:48:18,417 - root - INFO - 机器人已成功使能
2025-09-29 21:48:18,417 - controller.robot_controller - INFO - 机器人已使能
2025-09-29 21:48:21,449 - root - INFO - 去使能指令发送成功，等待机器人进入去使能状态
2025-09-29 21:48:21,952 - root - INFO - 机器人已成功去使能
2025-09-29 21:48:21,952 - controller.robot_controller - INFO - 机器人已去使能
2025-09-29 21:48:21,953 - controller.robot_controller - INFO - 机器人连接已断开
2025-09-29 21:48:21,954 - server.tcp_server - INFO - 客户端 client_2 资源已清理
2025-09-29 21:49:49,091 - server.tcp_server - INFO - 新客户端连接: ('192.168.31.254', 46674)
2025-09-29 21:49:49,091 - server.tcp_server - INFO - 开始处理连接机器人命令，客户端ID: client_3
2025-09-29 21:49:49,091 - controller.robot_controller - INFO - 正在连接机器人 192.168.0.10:10003
2025-09-29 21:49:49,091 - controller.robot_controller - INFO - 机器人连接成功
2025-09-29 21:49:49,091 - server.tcp_server - INFO - 机器人连接结果: True
2025-09-29 21:49:49,091 - server.tcp_server - INFO - 返回成功响应: {"type": "response", "status": "success", "message": "机器人连接成功", "data": {"connected": true}, "message_id": "msg_1_1759153789"}
2025-09-29 21:49:49,093 - root - INFO - 机器人已处于使能状态
2025-09-29 21:49:49,093 - controller.robot_controller - INFO - 机器人已使能
2025-09-29 21:49:49,119 - root - INFO - 去使能指令发送成功，等待机器人进入去使能状态
2025-09-29 21:49:49,621 - root - INFO - 机器人已成功去使能
2025-09-29 21:49:49,621 - controller.robot_controller - INFO - 机器人已去使能
2025-09-29 21:49:49,622 - controller.robot_controller - INFO - 机器人连接已断开
2025-09-29 21:49:49,623 - server.tcp_server - INFO - 客户端 client_3 资源已清理
2025-09-29 21:50:35,277 - server.tcp_server - INFO - 新客户端连接: ('192.168.31.254', 46764)
2025-09-29 21:50:35,277 - server.tcp_server - INFO - 开始处理连接机器人命令，客户端ID: client_4
2025-09-29 21:50:35,277 - controller.robot_controller - INFO - 正在连接机器人 192.168.0.10:10003
2025-09-29 21:50:35,278 - controller.robot_controller - INFO - 机器人连接成功
2025-09-29 21:50:35,278 - server.tcp_server - INFO - 机器人连接结果: True
2025-09-29 21:50:35,278 - server.tcp_server - INFO - 返回成功响应: {"type": "response", "status": "success", "message": "机器人连接成功", "data": {"connected": true}, "message_id": "msg_1_1759153835"}
2025-09-29 21:50:36,831 - root - INFO - 机器人已成功使能
2025-09-29 21:50:36,831 - controller.robot_controller - INFO - 机器人已使能
2025-09-29 21:50:36,839 - root - INFO - 速度比设置成功
2025-09-29 21:50:36,840 - controller.robot_controller - INFO - 速度比设置为 0.09
2025-09-29 21:50:57,421 - root - INFO - 关节运动完成
2025-09-29 21:50:57,422 - controller.robot_controller - INFO - 运动到指定姿态完成
2025-09-29 21:51:00,456 - root - INFO - 去使能指令发送成功，等待机器人进入去使能状态
2025-09-29 21:51:00,958 - root - INFO - 机器人已成功去使能
2025-09-29 21:51:00,959 - controller.robot_controller - INFO - 机器人已去使能
2025-09-29 21:51:00,960 - controller.robot_controller - INFO - 机器人连接已断开
2025-09-29 21:51:00,961 - server.tcp_server - INFO - 客户端 client_4 资源已清理
2025-09-30 11:06:34,355 - server.tcp_server - INFO - 正在停止控制器服务器...
2025-09-30 11:06:34,355 - server.tcp_server - INFO - 控制器服务器已停止
2025-09-30 11:06:35,490 - server.tcp_server - INFO - 启动控制器服务器 0.0.0.0:8888
2025-09-30 11:06:35,491 - server.tcp_server - INFO - 控制器服务器已启动
2025-09-30 11:06:38,195 - server.tcp_server - INFO - 正在停止控制器服务器...
2025-09-30 11:06:38,195 - server.tcp_server - INFO - 控制器服务器已停止
2025-09-30 11:06:41,505 - server.tcp_server - INFO - 启动控制器服务器 0.0.0.0:8888
2025-09-30 11:06:41,506 - server.tcp_server - INFO - 控制器服务器已启动
2025-09-30 11:06:51,687 - server.tcp_server - INFO - 新客户端连接: ('192.168.31.254', 33014)
2025-09-30 11:06:51,688 - server.tcp_server - INFO - 开始处理连接机器人命令，客户端ID: client_1
2025-09-30 11:06:51,688 - controller.robot_controller - INFO - 正在连接机器人 192.168.0.10:10003
2025-09-30 11:06:51,689 - controller.robot_controller - INFO - 机器人连接成功
2025-09-30 11:06:51,689 - server.tcp_server - INFO - 机器人连接结果: True
2025-09-30 11:06:51,689 - server.tcp_server - INFO - 返回成功响应: {"type": "response", "status": "success", "message": "机器人连接成功", "data": {"connected": true}, "message_id": "msg_1_1759201611"}
2025-09-30 11:06:53,242 - root - INFO - 机器人已成功使能
2025-09-30 11:06:53,243 - controller.robot_controller - INFO - 机器人已使能
2025-09-30 11:06:53,251 - root - INFO - 速度比设置成功
2025-09-30 11:06:53,252 - controller.robot_controller - INFO - 速度比设置为 0.09
2025-09-30 11:06:53,772 - root - INFO - 关节运动完成
2025-09-30 11:06:53,772 - controller.robot_controller - INFO - 运动到指定姿态完成
2025-09-30 11:06:56,804 - root - INFO - 去使能指令发送成功，等待机器人进入去使能状态
2025-09-30 11:06:57,307 - root - INFO - 机器人已成功去使能
2025-09-30 11:06:57,307 - controller.robot_controller - INFO - 机器人已去使能
2025-09-30 11:06:57,308 - controller.robot_controller - INFO - 机器人连接已断开
2025-09-30 11:06:57,309 - server.tcp_server - INFO - 客户端 client_1 资源已清理
2025-09-30 11:13:26,290 - server.tcp_server - INFO - 新客户端连接: ('192.168.31.254', 55798)
2025-09-30 11:13:26,291 - server.tcp_server - INFO - 开始处理连接RealSense相机命令，客户端ID: client_2
2025-09-30 11:13:26,446 - controller.realsense_controller - INFO - 相机内参读取成功
2025-09-30 11:13:26,447 - controller.realsense_controller - INFO - RealSense相机连接成功
2025-09-30 11:13:26,447 - server.tcp_server - INFO - 返回成功响应: {"type": "response", "status": "success", "message": "RealSense相机连接成功", "data": {"connected": true}, "message_id": "msg_1_1759202006"}
2025-09-30 11:13:33,861 - controller.realsense_controller - INFO - RealSense相机连接已断开
2025-09-30 11:13:33,866 - server.tcp_server - INFO - 客户端 client_2 资源已清理
2025-09-30 11:21:07,461 - server.tcp_server - INFO - 新客户端连接: ('192.168.31.254', 49070)
2025-09-30 11:21:07,462 - server.tcp_server - INFO - 开始处理连接RealSense相机命令，客户端ID: client_3
2025-09-30 11:21:07,627 - controller.realsense_controller - INFO - 相机内参读取成功
2025-09-30 11:21:07,627 - controller.realsense_controller - INFO - RealSense相机连接成功
2025-09-30 11:21:07,627 - server.tcp_server - INFO - 返回成功响应: {"type": "response", "status": "success", "message": "RealSense相机连接成功", "data": {"connected": true}, "message_id": "msg_1_1759202467"}
2025-09-30 11:21:12,029 - controller.realsense_controller - INFO - RealSense相机连接已断开
2025-09-30 11:21:12,034 - server.tcp_server - INFO - 客户端 client_3 资源已清理
2025-09-30 11:30:31,797 - server.tcp_server - INFO - 新客户端连接: ('192.168.31.254', 43260)
2025-09-30 11:30:31,797 - server.tcp_server - INFO - 开始处理连接RealSense相机命令，客户端ID: client_4
2025-09-30 11:30:31,950 - controller.realsense_controller - INFO - 相机内参读取成功
2025-09-30 11:30:31,950 - controller.realsense_controller - INFO - RealSense相机连接成功
2025-09-30 11:30:31,950 - server.tcp_server - INFO - 返回成功响应: {"type": "response", "status": "success", "message": "RealSense相机连接成功", "data": {"connected": true}, "message_id": "msg_1_1759203031"}
2025-09-30 11:30:36,324 - controller.realsense_controller - INFO - RealSense相机连接已断开
2025-09-30 11:30:36,328 - server.tcp_server - INFO - 客户端 client_4 资源已清理
2025-09-30 11:33:33,415 - server.tcp_server - INFO - 新客户端连接: ('192.168.31.254', 47452)
2025-09-30 11:33:33,415 - server.tcp_server - INFO - 开始处理连接RealSense相机命令，客户端ID: client_5
2025-09-30 11:33:33,568 - controller.realsense_controller - INFO - 相机内参读取成功
2025-09-30 11:33:33,568 - controller.realsense_controller - INFO - RealSense相机连接成功
2025-09-30 11:33:33,568 - server.tcp_server - INFO - 返回成功响应: {"type": "response", "status": "success", "message": "RealSense相机连接成功", "data": {"connected": true}, "message_id": "msg_1_1759203213"}
2025-09-30 11:33:35,940 - controller.realsense_controller - INFO - RealSense相机连接已断开
2025-09-30 11:33:35,944 - server.tcp_server - INFO - 客户端 client_5 资源已清理
2025-09-30 11:33:45,183 - server.tcp_server - INFO - 新客户端连接: ('192.168.31.254', 37322)
2025-09-30 11:33:45,184 - server.tcp_server - INFO - 开始处理连接RealSense相机命令，客户端ID: client_6
2025-09-30 11:33:45,337 - controller.realsense_controller - INFO - 相机内参读取成功
2025-09-30 11:33:45,338 - controller.realsense_controller - INFO - RealSense相机连接成功
2025-09-30 11:33:45,338 - server.tcp_server - INFO - 返回成功响应: {"type": "response", "status": "success", "message": "RealSense相机连接成功", "data": {"connected": true}, "message_id": "msg_1_1759203225"}
2025-09-30 11:33:47,712 - controller.realsense_controller - INFO - RealSense相机连接已断开
2025-09-30 11:33:47,717 - server.tcp_server - INFO - 客户端 client_6 资源已清理
2025-09-30 12:49:48,639 - server.tcp_server - INFO - 新客户端连接: ('192.168.31.254', 59946)
2025-09-30 12:49:48,640 - server.tcp_server - INFO - 开始处理连接RealSense相机命令，客户端ID: client_7
2025-09-30 12:49:48,803 - controller.realsense_controller - INFO - 相机内参读取成功
2025-09-30 12:49:48,803 - controller.realsense_controller - INFO - RealSense相机连接成功
2025-09-30 12:49:48,804 - server.tcp_server - INFO - 返回成功响应: {"type": "response", "status": "success", "message": "RealSense相机连接成功", "data": {"connected": true}, "message_id": "msg_1_1759207788"}
2025-09-30 12:49:55,188 - controller.realsense_controller - INFO - RealSense相机连接已断开
2025-09-30 12:49:55,193 - server.tcp_server - INFO - 客户端 client_7 资源已清理
2025-09-30 12:50:50,196 - server.tcp_server - INFO - 新客户端连接: ('192.168.31.254', 36914)
2025-09-30 12:50:50,196 - server.tcp_server - INFO - 开始处理连接RealSense相机命令，客户端ID: client_8
2025-09-30 12:50:50,360 - controller.realsense_controller - INFO - 相机内参读取成功
2025-09-30 12:50:50,360 - controller.realsense_controller - INFO - RealSense相机连接成功
2025-09-30 12:50:50,361 - server.tcp_server - INFO - 返回成功响应: {"type": "response", "status": "success", "message": "RealSense相机连接成功", "data": {"connected": true}, "message_id": "msg_1_1759207850"}
2025-09-30 12:50:55,736 - controller.realsense_controller - INFO - RealSense相机连接已断开
2025-09-30 12:50:55,740 - server.tcp_server - INFO - 客户端 client_8 资源已清理
2025-09-30 12:54:24,279 - server.tcp_server - INFO - 新客户端连接: ('192.168.31.254', 43802)
2025-09-30 12:54:24,280 - server.tcp_server - INFO - 开始处理连接RealSense相机命令，客户端ID: client_9
2025-09-30 12:54:24,442 - controller.realsense_controller - INFO - 相机内参读取成功
2025-09-30 12:54:24,442 - controller.realsense_controller - INFO - RealSense相机连接成功
2025-09-30 12:54:24,443 - server.tcp_server - INFO - 返回成功响应: {"type": "response", "status": "success", "message": "RealSense相机连接成功", "data": {"connected": true}, "message_id": "msg_1_1759208064"}
2025-09-30 12:54:28,905 - controller.realsense_controller - INFO - RealSense相机连接已断开
2025-09-30 12:54:28,909 - server.tcp_server - INFO - 客户端 client_9 资源已清理
2025-09-30 12:59:19,328 - server.tcp_server - INFO - 新客户端连接: ('192.168.31.254', 38956)
2025-09-30 12:59:19,329 - server.tcp_server - INFO - 开始处理连接RealSense相机命令，客户端ID: client_10
2025-09-30 12:59:19,493 - controller.realsense_controller - INFO - 相机内参读取成功
2025-09-30 12:59:19,493 - controller.realsense_controller - INFO - RealSense相机连接成功
2025-09-30 12:59:19,493 - server.tcp_server - INFO - 返回成功响应: {"type": "response", "status": "success", "message": "RealSense相机连接成功", "data": {"connected": true}, "message_id": "msg_1_1759208359"}
2025-09-30 12:59:24,928 - controller.realsense_controller - INFO - RealSense相机连接已断开
2025-09-30 12:59:24,932 - server.tcp_server - INFO - 客户端 client_10 资源已清理
2025-09-30 13:00:10,474 - server.tcp_server - INFO - 新客户端连接: ('192.168.31.254', 47906)
2025-09-30 13:00:10,475 - server.tcp_server - INFO - 开始处理连接RealSense相机命令，客户端ID: client_11
2025-09-30 13:00:10,625 - controller.realsense_controller - INFO - 相机内参读取成功
2025-09-30 13:00:10,625 - controller.realsense_controller - INFO - RealSense相机连接成功
2025-09-30 13:00:10,626 - server.tcp_server - INFO - 返回成功响应: {"type": "response", "status": "success", "message": "RealSense相机连接成功", "data": {"connected": true}, "message_id": "msg_1_1759208410"}
2025-09-30 13:00:31,071 - controller.realsense_controller - INFO - RealSense相机连接已断开
2025-09-30 13:00:31,075 - server.tcp_server - INFO - 客户端 client_11 资源已清理
2025-09-30 13:00:37,449 - server.tcp_server - INFO - 新客户端连接: ('192.168.31.254', 60996)
2025-09-30 13:00:37,450 - server.tcp_server - INFO - 开始处理连接RealSense相机命令，客户端ID: client_12
2025-09-30 13:00:37,612 - controller.realsense_controller - INFO - 相机内参读取成功
2025-09-30 13:00:37,612 - controller.realsense_controller - INFO - RealSense相机连接成功
2025-09-30 13:00:37,612 - server.tcp_server - INFO - 返回成功响应: {"type": "response", "status": "success", "message": "RealSense相机连接成功", "data": {"connected": true}, "message_id": "msg_1_1759208437"}
2025-09-30 13:00:48,072 - controller.realsense_controller - INFO - RealSense相机连接已断开
2025-09-30 13:00:48,076 - server.tcp_server - INFO - 客户端 client_12 资源已清理
2025-09-30 13:25:42,788 - server.tcp_server - INFO - 新客户端连接: ('192.168.31.254', 54730)
2025-09-30 13:25:42,790 - server.tcp_server - INFO - 开始处理连接机器人命令，客户端ID: client_13
2025-09-30 13:25:42,790 - controller.robot_controller - INFO - 正在连接机器人 192.168.0.10:10003
2025-09-30 13:25:42,790 - controller.robot_controller - INFO - 机器人连接成功
2025-09-30 13:25:42,790 - server.tcp_server - INFO - 机器人连接结果: True
2025-09-30 13:25:42,790 - server.tcp_server - INFO - 返回成功响应: {"type": "response", "status": "success", "message": "机器人连接成功", "data": {"connected": true}, "message_id": "msg_1_1759209942"}
2025-09-30 13:25:42,791 - root - INFO - 机器人已处于使能状态
2025-09-30 13:25:42,791 - controller.robot_controller - INFO - 机器人已使能
2025-09-30 13:25:42,794 - root - INFO - 速度比设置成功
2025-09-30 13:25:42,794 - controller.robot_controller - INFO - 速度比设置为 0.09
2025-09-30 13:26:03,863 - root - INFO - 关节运动完成
2025-09-30 13:26:03,863 - controller.robot_controller - INFO - 运动到指定姿态完成
2025-09-30 13:26:06,895 - root - INFO - 去使能指令发送成功，等待机器人进入去使能状态
2025-09-30 13:26:07,397 - root - INFO - 机器人已成功去使能
2025-09-30 13:26:07,398 - controller.robot_controller - INFO - 机器人已去使能
2025-09-30 13:26:07,399 - controller.robot_controller - INFO - 机器人连接已断开
2025-09-30 13:26:07,399 - server.tcp_server - INFO - 客户端 client_13 资源已清理
2025-09-30 13:48:36,849 - server.tcp_server - INFO - 新客户端连接: ('192.168.31.254', 37102)
2025-09-30 13:48:36,849 - server.tcp_server - INFO - 开始处理连接机器人命令，客户端ID: client_14
2025-09-30 13:48:36,849 - controller.robot_controller - INFO - 正在连接机器人 192.168.0.10:10003
2025-09-30 13:48:36,849 - controller.robot_controller - INFO - 机器人连接成功
2025-09-30 13:48:36,849 - server.tcp_server - INFO - 机器人连接结果: True
2025-09-30 13:48:36,849 - server.tcp_server - INFO - 返回成功响应: {"type": "response", "status": "success", "message": "机器人连接成功", "data": {"connected": true}, "message_id": "msg_1_1759211316"}
2025-09-30 13:48:38,402 - root - INFO - 机器人已成功使能
2025-09-30 13:48:38,402 - controller.robot_controller - INFO - 机器人已使能
2025-09-30 13:48:38,407 - root - INFO - 速度比设置成功
2025-09-30 13:48:38,407 - controller.robot_controller - INFO - 速度比设置为 0.09
2025-09-30 13:49:08,514 - controller.robot_controller - ERROR - 运动到指定姿态失败: 关节运动执行失败: 机器人错误 -1: 等待运动完成超时
2025-09-30 13:49:15,003 - server.tcp_server - ERROR - 处理客户端消息失败 client_14: [Errno 104] Connection reset by peer
2025-09-30 13:49:15,003 - server.tcp_server - ERROR - 客户端处理线程异常 client_14: [Errno 32] Broken pipe
2025-09-30 13:49:15,029 - root - INFO - 去使能指令发送成功，等待机器人进入去使能状态
2025-09-30 13:49:15,532 - root - INFO - 机器人已成功去使能
2025-09-30 13:49:15,532 - controller.robot_controller - INFO - 机器人已去使能
2025-09-30 13:49:15,532 - server.tcp_server - INFO - 客户端 client_14 的机器人已去使能
2025-09-30 13:49:15,532 - controller.robot_controller - INFO - 机器人连接已断开
2025-09-30 13:49:15,532 - server.tcp_server - INFO - 客户端 client_14 的机器人连接已断开
2025-09-30 13:49:15,532 - server.tcp_server - INFO - 客户端 client_14 资源已清理
2025-09-30 13:49:49,512 - server.tcp_server - INFO - 新客户端连接: ('192.168.31.254', 38274)
2025-09-30 13:49:49,512 - server.tcp_server - INFO - 开始处理连接机器人命令，客户端ID: client_15
2025-09-30 13:49:49,512 - controller.robot_controller - INFO - 正在连接机器人 192.168.0.10:10003
2025-09-30 13:49:49,512 - controller.robot_controller - INFO - 机器人连接成功
2025-09-30 13:49:49,512 - server.tcp_server - INFO - 机器人连接结果: True
2025-09-30 13:49:49,512 - server.tcp_server - INFO - 返回成功响应: {"type": "response", "status": "success", "message": "机器人连接成功", "data": {"connected": true}, "message_id": "msg_1_1759211389"}
2025-09-30 13:49:51,065 - root - INFO - 机器人已成功使能
2025-09-30 13:49:51,066 - controller.robot_controller - INFO - 机器人已使能
2025-09-30 13:49:51,074 - root - INFO - 速度比设置成功
2025-09-30 13:49:51,074 - controller.robot_controller - INFO - 速度比设置为 0.09
2025-09-30 13:49:51,593 - root - INFO - 关节运动完成
2025-09-30 13:49:51,594 - controller.robot_controller - INFO - 运动到指定姿态完成
2025-09-30 13:49:58,028 - root - INFO - 去使能指令发送成功，等待机器人进入去使能状态
2025-09-30 13:49:58,530 - root - INFO - 机器人已成功去使能
2025-09-30 13:49:58,531 - controller.robot_controller - INFO - 机器人已去使能
2025-09-30 13:49:58,531 - server.tcp_server - INFO - 客户端 client_15 的机器人已去使能
2025-09-30 13:49:58,531 - controller.robot_controller - INFO - 机器人连接已断开
2025-09-30 13:49:58,531 - server.tcp_server - INFO - 客户端 client_15 的机器人连接已断开
2025-09-30 13:49:58,531 - server.tcp_server - INFO - 客户端 client_15 资源已清理
2025-09-30 14:05:53,124 - server.tcp_server - INFO - 新客户端连接: ('192.168.31.254', 47260)
2025-09-30 14:05:53,124 - server.tcp_server - INFO - 开始处理连接机器人命令，客户端ID: client_16
2025-09-30 14:05:53,124 - controller.robot_controller - INFO - 正在连接机器人 192.168.0.10:10003
2025-09-30 14:05:53,125 - controller.robot_controller - INFO - 机器人连接成功
2025-09-30 14:05:53,125 - server.tcp_server - INFO - 机器人连接结果: True
2025-09-30 14:05:53,125 - server.tcp_server - INFO - 返回成功响应: {"type": "response", "status": "success", "message": "机器人连接成功", "data": {"connected": true}, "message_id": "msg_1_1759212353"}
2025-09-30 14:05:54,679 - root - INFO - 机器人已成功使能
2025-09-30 14:05:54,680 - controller.robot_controller - INFO - 机器人已使能
2025-09-30 14:05:54,684 - root - INFO - 速度比设置成功
2025-09-30 14:05:54,685 - controller.robot_controller - INFO - 速度比设置为 0.49
2025-09-30 14:05:55,204 - root - INFO - 关节运动完成
2025-09-30 14:05:55,205 - controller.robot_controller - INFO - 运动到指定姿态完成
2025-09-30 14:06:27,265 - root - INFO - 去使能指令发送成功，等待机器人进入去使能状态
2025-09-30 14:06:27,767 - root - INFO - 机器人已成功去使能
2025-09-30 14:06:27,768 - controller.robot_controller - INFO - 机器人已去使能
2025-09-30 14:06:27,768 - server.tcp_server - INFO - 客户端 client_16 的机器人已去使能
2025-09-30 14:06:27,768 - controller.robot_controller - INFO - 机器人连接已断开
2025-09-30 14:06:27,768 - server.tcp_server - INFO - 客户端 client_16 的机器人连接已断开
2025-09-30 14:06:27,768 - server.tcp_server - INFO - 客户端 client_16 资源已清理
2025-09-30 14:06:56,995 - server.tcp_server - INFO - 新客户端连接: ('192.168.31.254', 38556)
2025-09-30 14:06:56,996 - server.tcp_server - INFO - 开始处理连接机器人命令，客户端ID: client_17
2025-09-30 14:06:56,996 - controller.robot_controller - INFO - 正在连接机器人 192.168.0.10:10003
2025-09-30 14:06:56,996 - controller.robot_controller - INFO - 机器人连接成功
2025-09-30 14:06:56,996 - server.tcp_server - INFO - 机器人连接结果: True
2025-09-30 14:06:56,996 - server.tcp_server - INFO - 返回成功响应: {"type": "response", "status": "success", "message": "机器人连接成功", "data": {"connected": true}, "message_id": "msg_1_1759212416"}
2025-09-30 14:06:58,551 - root - INFO - 机器人已成功使能
2025-09-30 14:06:58,551 - controller.robot_controller - INFO - 机器人已使能
2025-09-30 14:06:58,559 - root - INFO - 速度比设置成功
2025-09-30 14:06:58,559 - controller.robot_controller - INFO - 速度比设置为 0.49
2025-09-30 14:06:59,080 - root - INFO - 关节运动完成
2025-09-30 14:06:59,080 - controller.robot_controller - INFO - 运动到指定姿态完成
2025-09-30 14:07:01,085 - server.tcp_server - INFO - 新客户端连接: ('192.168.31.254', 38560)
2025-09-30 14:07:01,087 - server.tcp_server - INFO - 开始处理连接RealSense相机命令，客户端ID: client_18
2025-09-30 14:07:01,243 - controller.realsense_controller - INFO - 相机内参读取成功
2025-09-30 14:07:01,243 - controller.realsense_controller - INFO - RealSense相机连接成功
2025-09-30 14:07:01,243 - server.tcp_server - INFO - 返回成功响应: {"type": "response", "status": "success", "message": "RealSense相机连接成功", "data": {"connected": true}, "message_id": "msg_1_1759212421"}
2025-09-30 14:07:01,319 - server.tcp_server - INFO - 客户端 client_18 资源已清理
2025-09-30 14:07:01,347 - root - INFO - 去使能指令发送成功，等待机器人进入去使能状态
2025-09-30 14:07:01,849 - root - INFO - 机器人已成功去使能
2025-09-30 14:07:01,849 - controller.robot_controller - INFO - 机器人已去使能
2025-09-30 14:07:01,849 - server.tcp_server - INFO - 客户端 client_17 的机器人已去使能
2025-09-30 14:07:01,849 - controller.robot_controller - INFO - 机器人连接已断开
2025-09-30 14:07:01,849 - server.tcp_server - INFO - 客户端 client_17 的机器人连接已断开
2025-09-30 14:07:01,849 - server.tcp_server - INFO - 客户端 client_17 资源已清理
2025-09-30 14:07:09,188 - server.tcp_server - INFO - 新客户端连接: ('192.168.31.254', 51754)
2025-09-30 14:07:09,189 - server.tcp_server - INFO - 开始处理连接机器人命令，客户端ID: client_19
2025-09-30 14:07:09,189 - controller.robot_controller - INFO - 正在连接机器人 192.168.0.10:10003
2025-09-30 14:07:09,189 - controller.robot_controller - INFO - 机器人连接成功
2025-09-30 14:07:09,189 - server.tcp_server - INFO - 机器人连接结果: True
2025-09-30 14:07:09,189 - server.tcp_server - INFO - 返回成功响应: {"type": "response", "status": "success", "message": "机器人连接成功", "data": {"connected": true}, "message_id": "msg_1_1759212429"}
2025-09-30 14:07:10,740 - root - INFO - 机器人已成功使能
2025-09-30 14:07:10,741 - controller.robot_controller - INFO - 机器人已使能
2025-09-30 14:07:10,746 - root - INFO - 速度比设置成功
2025-09-30 14:07:10,746 - controller.robot_controller - INFO - 速度比设置为 0.49
2025-09-30 14:07:11,268 - root - INFO - 关节运动完成
2025-09-30 14:07:11,268 - controller.robot_controller - INFO - 运动到指定姿态完成
2025-09-30 14:07:13,272 - server.tcp_server - INFO - 新客户端连接: ('192.168.31.254', 51762)
2025-09-30 14:07:13,273 - server.tcp_server - INFO - 开始处理连接RealSense相机命令，客户端ID: client_20
2025-09-30 14:07:13,694 - controller.realsense_controller - INFO - 相机内参读取成功
2025-09-30 14:07:13,695 - controller.realsense_controller - INFO - RealSense相机连接成功
2025-09-30 14:07:13,695 - server.tcp_server - INFO - 返回成功响应: {"type": "response", "status": "success", "message": "RealSense相机连接成功", "data": {"connected": true}, "message_id": "msg_1_1759212433"}
2025-09-30 14:07:16,571 - root - INFO - 速度比设置成功
2025-09-30 14:07:16,571 - controller.robot_controller - INFO - 速度比设置为 0.49
2025-09-30 14:07:17,589 - root - INFO - 关节运动完成
2025-09-30 14:07:17,589 - controller.robot_controller - INFO - 运动到指定姿态完成
2025-09-30 14:07:19,242 - root - INFO - 速度比设置成功
2025-09-30 14:07:19,242 - controller.robot_controller - INFO - 速度比设置为 0.49
2025-09-30 14:07:20,260 - root - INFO - 关节运动完成
2025-09-30 14:07:20,260 - controller.robot_controller - INFO - 运动到指定姿态完成
2025-09-30 14:07:21,897 - root - INFO - 速度比设置成功
2025-09-30 14:07:21,897 - controller.robot_controller - INFO - 速度比设置为 0.49
2025-09-30 14:07:23,416 - root - INFO - 关节运动完成
2025-09-30 14:07:23,416 - controller.robot_controller - INFO - 运动到指定姿态完成
2025-09-30 14:07:25,064 - root - INFO - 速度比设置成功
2025-09-30 14:07:25,064 - controller.robot_controller - INFO - 速度比设置为 0.49
2025-09-30 14:07:27,088 - root - INFO - 关节运动完成
2025-09-30 14:07:27,089 - controller.robot_controller - INFO - 运动到指定姿态完成
2025-09-30 14:07:28,738 - root - INFO - 速度比设置成功
2025-09-30 14:07:28,738 - controller.robot_controller - INFO - 速度比设置为 0.49
2025-09-30 14:07:31,764 - root - INFO - 关节运动完成
2025-09-30 14:07:31,765 - controller.robot_controller - INFO - 运动到指定姿态完成
2025-09-30 14:07:33,404 - root - INFO - 速度比设置成功
2025-09-30 14:07:33,404 - controller.robot_controller - INFO - 速度比设置为 0.49
2025-09-30 14:07:35,926 - root - INFO - 关节运动完成
2025-09-30 14:07:35,926 - controller.robot_controller - INFO - 运动到指定姿态完成
2025-09-30 14:07:37,566 - root - INFO - 速度比设置成功
2025-09-30 14:07:37,566 - controller.robot_controller - INFO - 速度比设置为 0.49
2025-09-30 14:07:39,086 - root - INFO - 关节运动完成
2025-09-30 14:07:39,086 - controller.robot_controller - INFO - 运动到指定姿态完成
2025-09-30 14:07:40,729 - root - INFO - 速度比设置成功
2025-09-30 14:07:40,729 - controller.robot_controller - INFO - 速度比设置为 0.49
2025-09-30 14:07:41,747 - root - INFO - 关节运动完成
2025-09-30 14:07:41,747 - controller.robot_controller - INFO - 运动到指定姿态完成
2025-09-30 14:07:43,384 - root - INFO - 速度比设置成功
2025-09-30 14:07:43,384 - controller.robot_controller - INFO - 速度比设置为 0.49
2025-09-30 14:07:44,903 - root - INFO - 关节运动完成
2025-09-30 14:07:44,903 - controller.robot_controller - INFO - 运动到指定姿态完成
2025-09-30 14:07:46,552 - root - INFO - 速度比设置成功
2025-09-30 14:07:46,552 - controller.robot_controller - INFO - 速度比设置为 0.49
2025-09-30 14:07:48,074 - root - INFO - 关节运动完成
2025-09-30 14:07:48,074 - controller.robot_controller - INFO - 运动到指定姿态完成
2025-09-30 14:07:49,734 - root - INFO - 速度比设置成功
2025-09-30 14:07:49,734 - controller.robot_controller - INFO - 速度比设置为 0.49
2025-09-30 14:07:51,760 - root - INFO - 关节运动完成
2025-09-30 14:07:51,760 - controller.robot_controller - INFO - 运动到指定姿态完成
2025-09-30 14:07:53,405 - root - INFO - 速度比设置成功
2025-09-30 14:07:53,405 - controller.robot_controller - INFO - 速度比设置为 0.49
2025-09-30 14:07:55,929 - root - INFO - 关节运动完成
2025-09-30 14:07:55,930 - controller.robot_controller - INFO - 运动到指定姿态完成
2025-09-30 14:07:57,582 - root - INFO - 速度比设置成功
2025-09-30 14:07:57,583 - controller.robot_controller - INFO - 速度比设置为 0.49
2025-09-30 14:08:00,108 - root - INFO - 关节运动完成
2025-09-30 14:08:00,109 - controller.robot_controller - INFO - 运动到指定姿态完成
2025-09-30 14:08:01,765 - root - INFO - 速度比设置成功
2025-09-30 14:08:01,765 - controller.robot_controller - INFO - 速度比设置为 0.49
2025-09-30 14:08:03,284 - root - INFO - 关节运动完成
2025-09-30 14:08:03,284 - controller.robot_controller - INFO - 运动到指定姿态完成
2025-09-30 14:08:04,935 - root - INFO - 速度比设置成功
2025-09-30 14:08:04,936 - controller.robot_controller - INFO - 速度比设置为 0.49
2025-09-30 14:08:05,953 - root - INFO - 关节运动完成
2025-09-30 14:08:05,953 - controller.robot_controller - INFO - 运动到指定姿态完成
2025-09-30 14:08:07,598 - root - INFO - 速度比设置成功
2025-09-30 14:08:07,599 - controller.robot_controller - INFO - 速度比设置为 0.49
2025-09-30 14:08:09,121 - root - INFO - 关节运动完成
2025-09-30 14:08:09,122 - controller.robot_controller - INFO - 运动到指定姿态完成
2025-09-30 14:08:10,769 - root - INFO - 速度比设置成功
2025-09-30 14:08:10,769 - controller.robot_controller - INFO - 速度比设置为 0.49
2025-09-30 14:08:12,288 - root - INFO - 关节运动完成
2025-09-30 14:08:12,288 - controller.robot_controller - INFO - 运动到指定姿态完成
2025-09-30 14:08:13,936 - root - INFO - 速度比设置成功
2025-09-30 14:08:13,936 - controller.robot_controller - INFO - 速度比设置为 0.49
2025-09-30 14:08:15,957 - root - INFO - 关节运动完成
2025-09-30 14:08:15,957 - controller.robot_controller - INFO - 运动到指定姿态完成
2025-09-30 14:08:17,598 - root - INFO - 速度比设置成功
2025-09-30 14:08:17,598 - controller.robot_controller - INFO - 速度比设置为 0.49
2025-09-30 14:08:20,119 - root - INFO - 关节运动完成
2025-09-30 14:08:20,119 - controller.robot_controller - INFO - 运动到指定姿态完成
2025-09-30 14:08:21,769 - root - INFO - 速度比设置成功
2025-09-30 14:08:21,769 - controller.robot_controller - INFO - 速度比设置为 0.49
2025-09-30 14:08:24,294 - root - INFO - 关节运动完成
2025-09-30 14:08:24,295 - controller.robot_controller - INFO - 运动到指定姿态完成
2025-09-30 14:08:25,943 - root - INFO - 速度比设置成功
2025-09-30 14:08:25,943 - controller.robot_controller - INFO - 速度比设置为 0.49
2025-09-30 14:08:28,970 - root - INFO - 关节运动完成
2025-09-30 14:08:28,970 - controller.robot_controller - INFO - 运动到指定姿态完成
2025-09-30 14:08:30,609 - root - INFO - 速度比设置成功
2025-09-30 14:08:30,609 - controller.robot_controller - INFO - 速度比设置为 0.49
2025-09-30 14:08:31,630 - root - INFO - 关节运动完成
2025-09-30 14:08:31,631 - controller.robot_controller - INFO - 运动到指定姿态完成
2025-09-30 14:08:33,280 - root - INFO - 速度比设置成功
2025-09-30 14:08:33,280 - controller.robot_controller - INFO - 速度比设置为 0.49
2025-09-30 14:08:34,807 - root - INFO - 关节运动完成
2025-09-30 14:08:34,807 - controller.robot_controller - INFO - 运动到指定姿态完成
2025-09-30 14:08:36,455 - root - INFO - 速度比设置成功
2025-09-30 14:08:36,455 - controller.robot_controller - INFO - 速度比设置为 0.49
2025-09-30 14:08:37,978 - root - INFO - 关节运动完成
2025-09-30 14:08:37,978 - controller.robot_controller - INFO - 运动到指定姿态完成
2025-09-30 14:08:39,625 - root - INFO - 速度比设置成功
2025-09-30 14:08:39,625 - controller.robot_controller - INFO - 速度比设置为 0.49
2025-09-30 14:08:42,648 - root - INFO - 关节运动完成
2025-09-30 14:08:42,648 - controller.robot_controller - INFO - 运动到指定姿态完成
2025-09-30 14:08:44,288 - root - INFO - 速度比设置成功
2025-09-30 14:08:44,288 - controller.robot_controller - INFO - 速度比设置为 0.49
2025-09-30 14:08:46,813 - root - INFO - 关节运动完成
2025-09-30 14:08:46,813 - controller.robot_controller - INFO - 运动到指定姿态完成
2025-09-30 14:08:48,462 - root - INFO - 速度比设置成功
2025-09-30 14:08:48,462 - controller.robot_controller - INFO - 速度比设置为 0.49
2025-09-30 14:08:51,990 - root - INFO - 关节运动完成
2025-09-30 14:08:51,990 - controller.robot_controller - INFO - 运动到指定姿态完成
2025-09-30 14:08:53,640 - root - INFO - 速度比设置成功
2025-09-30 14:08:53,640 - controller.robot_controller - INFO - 速度比设置为 0.49
2025-09-30 14:08:54,657 - root - INFO - 关节运动完成
2025-09-30 14:08:54,657 - controller.robot_controller - INFO - 运动到指定姿态完成
2025-09-30 14:08:56,303 - root - INFO - 速度比设置成功
2025-09-30 14:08:56,303 - controller.robot_controller - INFO - 速度比设置为 0.49
2025-09-30 14:08:57,326 - root - INFO - 关节运动完成
2025-09-30 14:08:57,326 - controller.robot_controller - INFO - 运动到指定姿态完成
2025-09-30 14:08:58,965 - root - INFO - 速度比设置成功
2025-09-30 14:08:58,966 - controller.robot_controller - INFO - 速度比设置为 0.49
2025-09-30 14:09:00,484 - root - INFO - 关节运动完成
2025-09-30 14:09:00,485 - controller.robot_controller - INFO - 运动到指定姿态完成
2025-09-30 14:09:02,128 - root - INFO - 速度比设置成功
2025-09-30 14:09:02,129 - controller.robot_controller - INFO - 速度比设置为 0.49
2025-09-30 14:09:03,650 - root - INFO - 关节运动完成
2025-09-30 14:09:03,650 - controller.robot_controller - INFO - 运动到指定姿态完成
2025-09-30 14:09:05,295 - root - INFO - 速度比设置成功
2025-09-30 14:09:05,295 - controller.robot_controller - INFO - 速度比设置为 0.49
2025-09-30 14:09:07,820 - root - INFO - 关节运动完成
2025-09-30 14:09:07,821 - controller.robot_controller - INFO - 运动到指定姿态完成
2025-09-30 14:09:09,469 - root - INFO - 速度比设置成功
2025-09-30 14:09:09,469 - controller.robot_controller - INFO - 速度比设置为 0.49
2025-09-30 14:09:12,994 - root - INFO - 关节运动完成
2025-09-30 14:09:12,994 - controller.robot_controller - INFO - 运动到指定姿态完成
2025-09-30 14:09:14,651 - root - INFO - 速度比设置成功
2025-09-30 14:09:14,651 - controller.robot_controller - INFO - 速度比设置为 0.49
2025-09-30 14:09:17,177 - root - INFO - 关节运动完成
2025-09-30 14:09:17,178 - controller.robot_controller - INFO - 运动到指定姿态完成
2025-09-30 14:09:18,837 - root - INFO - 速度比设置成功
2025-09-30 14:09:18,837 - controller.robot_controller - INFO - 速度比设置为 0.49
2025-09-30 14:09:19,854 - root - INFO - 关节运动完成
2025-09-30 14:09:19,854 - controller.robot_controller - INFO - 运动到指定姿态完成
2025-09-30 14:09:21,492 - root - INFO - 速度比设置成功
2025-09-30 14:09:21,493 - controller.robot_controller - INFO - 速度比设置为 0.49
2025-09-30 14:09:22,514 - root - INFO - 关节运动完成
2025-09-30 14:09:22,514 - controller.robot_controller - INFO - 运动到指定姿态完成
2025-09-30 14:09:24,159 - root - INFO - 速度比设置成功
2025-09-30 14:09:24,159 - controller.robot_controller - INFO - 速度比设置为 0.49
2025-09-30 14:09:25,678 - root - INFO - 关节运动完成
2025-09-30 14:09:25,679 - controller.robot_controller - INFO - 运动到指定姿态完成
2025-09-30 14:09:27,326 - root - INFO - 速度比设置成功
2025-09-30 14:09:27,326 - controller.robot_controller - INFO - 速度比设置为 0.49
2025-09-30 14:09:28,849 - root - INFO - 关节运动完成
2025-09-30 14:09:28,849 - controller.robot_controller - INFO - 运动到指定姿态完成
2025-09-30 14:09:30,497 - root - INFO - 速度比设置成功
2025-09-30 14:09:30,497 - controller.robot_controller - INFO - 速度比设置为 0.49
2025-09-30 14:09:32,517 - root - INFO - 关节运动完成
2025-09-30 14:09:32,517 - controller.robot_controller - INFO - 运动到指定姿态完成
2025-09-30 14:09:34,159 - root - INFO - 速度比设置成功
2025-09-30 14:09:34,159 - controller.robot_controller - INFO - 速度比设置为 0.49
2025-09-30 14:09:36,680 - root - INFO - 关节运动完成
2025-09-30 14:09:36,681 - controller.robot_controller - INFO - 运动到指定姿态完成
2025-09-30 14:09:38,330 - root - INFO - 速度比设置成功
2025-09-30 14:09:38,330 - controller.robot_controller - INFO - 速度比设置为 0.49
2025-09-30 14:09:40,355 - root - INFO - 关节运动完成
2025-09-30 14:09:40,355 - controller.robot_controller - INFO - 运动到指定姿态完成
2025-09-30 14:09:41,996 - root - INFO - 速度比设置成功
2025-09-30 14:09:41,997 - controller.robot_controller - INFO - 速度比设置为 0.49
2025-09-30 14:09:44,021 - root - INFO - 关节运动完成
2025-09-30 14:09:44,021 - controller.robot_controller - INFO - 运动到指定姿态完成
2025-09-30 14:09:45,667 - root - INFO - 速度比设置成功
2025-09-30 14:09:45,667 - controller.robot_controller - INFO - 速度比设置为 0.49
2025-09-30 14:09:45,668 - controller.robot_controller - ERROR - 运动到指定姿态失败: 关节运动执行失败: 机器人错误 -1: 机器人未使能，无法执行运动
2025-09-30 14:09:47,302 - root - INFO - 速度比设置成功
2025-09-30 14:09:47,302 - controller.robot_controller - INFO - 速度比设置为 0.49
2025-09-30 14:09:47,304 - controller.robot_controller - ERROR - 运动到指定姿态失败: 关节运动执行失败: 机器人错误 -1: 机器人未使能，无法执行运动
2025-09-30 14:09:48,957 - root - INFO - 速度比设置成功
2025-09-30 14:09:48,957 - controller.robot_controller - INFO - 速度比设置为 0.49
2025-09-30 14:09:48,959 - controller.robot_controller - ERROR - 运动到指定姿态失败: 关节运动执行失败: 机器人错误 -1: 机器人未使能，无法执行运动
2025-09-30 14:09:50,593 - root - INFO - 速度比设置成功
2025-09-30 14:09:50,593 - controller.robot_controller - INFO - 速度比设置为 0.49
2025-09-30 14:09:50,594 - controller.robot_controller - ERROR - 运动到指定姿态失败: 关节运动执行失败: 机器人错误 -1: 机器人未使能，无法执行运动
2025-09-30 14:09:52,241 - root - INFO - 速度比设置成功
2025-09-30 14:09:52,241 - controller.robot_controller - INFO - 速度比设置为 0.49
2025-09-30 14:09:52,243 - controller.robot_controller - ERROR - 运动到指定姿态失败: 关节运动执行失败: 机器人错误 -1: 机器人未使能，无法执行运动
2025-09-30 14:09:53,876 - root - INFO - 速度比设置成功
2025-09-30 14:09:53,876 - controller.robot_controller - INFO - 速度比设置为 0.49
2025-09-30 14:09:53,877 - controller.robot_controller - ERROR - 运动到指定姿态失败: 关节运动执行失败: 机器人错误 -1: 机器人未使能，无法执行运动
2025-09-30 14:09:55,531 - root - INFO - 速度比设置成功
2025-09-30 14:09:55,531 - controller.robot_controller - INFO - 速度比设置为 0.49
2025-09-30 14:09:55,532 - controller.robot_controller - ERROR - 运动到指定姿态失败: 关节运动执行失败: 机器人错误 -1: 机器人未使能，无法执行运动
2025-09-30 14:09:57,166 - root - INFO - 速度比设置成功
2025-09-30 14:09:57,166 - controller.robot_controller - INFO - 速度比设置为 0.49
2025-09-30 14:09:57,168 - controller.robot_controller - ERROR - 运动到指定姿态失败: 关节运动执行失败: 机器人错误 -1: 机器人未使能，无法执行运动
2025-09-30 14:09:58,805 - root - INFO - 速度比设置成功
2025-09-30 14:09:58,806 - controller.robot_controller - INFO - 速度比设置为 0.49
2025-09-30 14:09:58,808 - controller.robot_controller - ERROR - 运动到指定姿态失败: 关节运动执行失败: 机器人错误 -1: 机器人未使能，无法执行运动
2025-09-30 14:10:00,453 - root - INFO - 速度比设置成功
2025-09-30 14:10:00,453 - controller.robot_controller - INFO - 速度比设置为 0.49
2025-09-30 14:10:00,455 - controller.robot_controller - ERROR - 运动到指定姿态失败: 关节运动执行失败: 机器人错误 -1: 机器人未使能，无法执行运动
2025-09-30 14:10:02,092 - root - INFO - 速度比设置成功
2025-09-30 14:10:02,092 - controller.robot_controller - INFO - 速度比设置为 0.49
2025-09-30 14:10:02,094 - controller.robot_controller - ERROR - 运动到指定姿态失败: 关节运动执行失败: 机器人错误 -1: 机器人未使能，无法执行运动
2025-09-30 14:10:03,740 - root - INFO - 速度比设置成功
2025-09-30 14:10:03,740 - controller.robot_controller - INFO - 速度比设置为 0.49
2025-09-30 14:10:03,743 - controller.robot_controller - ERROR - 运动到指定姿态失败: 关节运动执行失败: 机器人错误 -1: 机器人未使能，无法执行运动
2025-09-30 14:10:05,375 - root - INFO - 速度比设置成功
2025-09-30 14:10:05,375 - controller.robot_controller - INFO - 速度比设置为 0.49
2025-09-30 14:10:05,378 - controller.robot_controller - ERROR - 运动到指定姿态失败: 关节运动执行失败: 机器人错误 -1: 机器人未使能，无法执行运动
2025-09-30 14:10:07,022 - root - INFO - 速度比设置成功
2025-09-30 14:10:07,022 - controller.robot_controller - INFO - 速度比设置为 0.49
2025-09-30 14:10:07,024 - controller.robot_controller - ERROR - 运动到指定姿态失败: 关节运动执行失败: 机器人错误 -1: 机器人未使能，无法执行运动
2025-09-30 14:10:08,665 - root - INFO - 速度比设置成功
2025-09-30 14:10:08,665 - controller.robot_controller - INFO - 速度比设置为 0.49
2025-09-30 14:10:08,667 - controller.robot_controller - ERROR - 运动到指定姿态失败: 关节运动执行失败: 机器人错误 -1: 机器人未使能，无法执行运动
2025-09-30 14:10:10,301 - root - INFO - 速度比设置成功
2025-09-30 14:10:10,301 - controller.robot_controller - INFO - 速度比设置为 0.49
2025-09-30 14:10:10,302 - controller.robot_controller - ERROR - 运动到指定姿态失败: 关节运动执行失败: 机器人错误 -1: 机器人未使能，无法执行运动
2025-09-30 14:10:11,948 - root - INFO - 速度比设置成功
2025-09-30 14:10:11,948 - controller.robot_controller - INFO - 速度比设置为 0.49
2025-09-30 14:10:11,950 - controller.robot_controller - ERROR - 运动到指定姿态失败: 关节运动执行失败: 机器人错误 -1: 机器人未使能，无法执行运动
2025-09-30 14:10:13,592 - root - INFO - 速度比设置成功
2025-09-30 14:10:13,592 - controller.robot_controller - INFO - 速度比设置为 0.49
2025-09-30 14:10:13,595 - controller.robot_controller - ERROR - 运动到指定姿态失败: 关节运动执行失败: 机器人错误 -1: 机器人未使能，无法执行运动
2025-09-30 14:10:14,534 - server.tcp_server - INFO - 客户端 client_20 资源已清理
2025-09-30 14:10:45,728 - controller.robot_controller - ERROR - 机器人去使能失败: 机器人错误 -1: 去使能失败，当前状态不允许去使能: 7 (本体供电已切断)
2025-09-30 14:10:45,728 - server.tcp_server - INFO - 客户端 client_19 的机器人已去使能
2025-09-30 14:10:45,729 - controller.robot_controller - INFO - 机器人连接已断开
2025-09-30 14:10:45,729 - server.tcp_server - INFO - 客户端 client_19 的机器人连接已断开
2025-09-30 14:10:45,729 - server.tcp_server - INFO - 客户端 client_19 资源已清理
2025-09-30 14:13:15,140 - server.tcp_server - INFO - 新客户端连接: ('192.168.31.254', 48512)
2025-09-30 14:13:15,141 - server.tcp_server - INFO - 开始处理连接机器人命令，客户端ID: client_21
2025-09-30 14:13:15,141 - controller.robot_controller - INFO - 正在连接机器人 192.168.0.10:10003
2025-09-30 14:13:15,141 - controller.robot_controller - INFO - 机器人连接成功
2025-09-30 14:13:15,141 - server.tcp_server - INFO - 机器人连接结果: True
2025-09-30 14:13:15,141 - server.tcp_server - INFO - 返回成功响应: {"type": "response", "status": "success", "message": "机器人连接成功", "data": {"connected": true}, "message_id": "msg_1_1759212795"}
2025-09-30 14:13:15,195 - controller.robot_controller - ERROR - 机器人使能失败: 机器人错误 40024: 使能机器人失败: Robot not in disable state
2025-09-30 14:13:19,595 - server.tcp_server - INFO - 新客户端连接: ('192.168.31.254', 38884)
2025-09-30 14:13:19,596 - server.tcp_server - INFO - 开始处理连接机器人命令，客户端ID: client_22
2025-09-30 14:13:19,596 - controller.robot_controller - INFO - 正在连接机器人 192.168.0.10:10003
2025-09-30 14:13:19,596 - controller.robot_controller - INFO - 机器人连接成功
2025-09-30 14:13:19,596 - server.tcp_server - INFO - 机器人连接结果: True
2025-09-30 14:13:19,596 - server.tcp_server - INFO - 返回成功响应: {"type": "response", "status": "success", "message": "机器人连接成功", "data": {"connected": true}, "message_id": "msg_1_1759212799"}
2025-09-30 14:13:19,649 - controller.robot_controller - ERROR - 机器人使能失败: 机器人错误 40024: 使能机器人失败: Robot not in disable state
2025-09-30 14:13:20,584 - server.tcp_server - INFO - 新客户端连接: ('192.168.31.254', 38888)
2025-09-30 14:13:20,584 - server.tcp_server - INFO - 开始处理连接机器人命令，客户端ID: client_23
2025-09-30 14:13:20,584 - controller.robot_controller - INFO - 正在连接机器人 192.168.0.10:10003
2025-09-30 14:13:20,584 - controller.robot_controller - INFO - 机器人连接成功
2025-09-30 14:13:20,584 - server.tcp_server - INFO - 机器人连接结果: True
2025-09-30 14:13:20,584 - server.tcp_server - INFO - 返回成功响应: {"type": "response", "status": "success", "message": "机器人连接成功", "data": {"connected": true}, "message_id": "msg_1_1759212800"}
2025-09-30 14:13:20,645 - controller.robot_controller - ERROR - 机器人使能失败: 机器人错误 40024: 使能机器人失败: Robot not in disable state
2025-09-30 14:13:21,078 - server.tcp_server - INFO - 新客户端连接: ('192.168.31.254', 38892)
2025-09-30 14:13:21,078 - server.tcp_server - INFO - 开始处理连接机器人命令，客户端ID: client_24
2025-09-30 14:13:21,078 - controller.robot_controller - INFO - 正在连接机器人 192.168.0.10:10003
2025-09-30 14:13:21,078 - controller.robot_controller - INFO - 机器人连接成功
2025-09-30 14:13:21,078 - server.tcp_server - INFO - 机器人连接结果: True
2025-09-30 14:13:21,078 - server.tcp_server - INFO - 返回成功响应: {"type": "response", "status": "success", "message": "机器人连接成功", "data": {"connected": true}, "message_id": "msg_1_1759212801"}
2025-09-30 14:13:21,133 - controller.robot_controller - ERROR - 机器人使能失败: 机器人错误 40024: 使能机器人失败: Robot not in disable state
2025-09-30 14:13:21,335 - server.tcp_server - INFO - 新客户端连接: ('192.168.31.254', 38894)
2025-09-30 14:13:21,336 - server.tcp_server - INFO - 开始处理连接机器人命令，客户端ID: client_25
2025-09-30 14:13:21,336 - controller.robot_controller - INFO - 正在连接机器人 192.168.0.10:10003
2025-09-30 14:13:21,336 - controller.robot_controller - INFO - 机器人连接成功
2025-09-30 14:13:21,336 - server.tcp_server - INFO - 机器人连接结果: True
2025-09-30 14:13:21,336 - server.tcp_server - INFO - 返回成功响应: {"type": "response", "status": "success", "message": "机器人连接成功", "data": {"connected": true}, "message_id": "msg_1_1759212801"}
2025-09-30 14:13:21,393 - controller.robot_controller - ERROR - 机器人使能失败: 机器人错误 40024: 使能机器人失败: Robot not in disable state
2025-09-30 14:13:21,554 - server.tcp_server - INFO - 新客户端连接: ('192.168.31.254', 38904)
2025-09-30 14:13:21,555 - server.tcp_server - INFO - 开始处理连接机器人命令，客户端ID: client_26
2025-09-30 14:13:21,555 - controller.robot_controller - INFO - 正在连接机器人 192.168.0.10:10003
2025-09-30 14:13:21,555 - controller.robot_controller - INFO - 机器人连接成功
2025-09-30 14:13:21,555 - server.tcp_server - INFO - 机器人连接结果: True
2025-09-30 14:13:21,555 - server.tcp_server - INFO - 返回成功响应: {"type": "response", "status": "success", "message": "机器人连接成功", "data": {"connected": true}, "message_id": "msg_1_1759212801"}
2025-09-30 14:13:21,609 - controller.robot_controller - ERROR - 机器人使能失败: 机器人错误 40024: 使能机器人失败: Robot not in disable state
2025-09-30 14:13:21,828 - server.tcp_server - INFO - 新客户端连接: ('192.168.31.254', 38920)
2025-09-30 14:13:21,828 - server.tcp_server - INFO - 开始处理连接机器人命令，客户端ID: client_27
2025-09-30 14:13:21,828 - controller.robot_controller - INFO - 正在连接机器人 192.168.0.10:10003
2025-09-30 14:13:21,828 - controller.robot_controller - INFO - 机器人连接成功
2025-09-30 14:13:21,828 - server.tcp_server - INFO - 机器人连接结果: True
2025-09-30 14:13:21,828 - server.tcp_server - INFO - 返回成功响应: {"type": "response", "status": "success", "message": "机器人连接成功", "data": {"connected": true}, "message_id": "msg_1_1759212801"}
2025-09-30 14:13:21,889 - controller.robot_controller - ERROR - 机器人使能失败: 机器人错误 40024: 使能机器人失败: Robot not in disable state
2025-09-30 14:13:22,038 - server.tcp_server - INFO - 新客户端连接: ('192.168.31.254', 38936)
2025-09-30 14:13:22,040 - server.tcp_server - INFO - 开始处理连接机器人命令，客户端ID: client_28
2025-09-30 14:13:22,040 - controller.robot_controller - INFO - 正在连接机器人 192.168.0.10:10003
2025-09-30 14:13:22,040 - controller.robot_controller - INFO - 机器人连接成功
2025-09-30 14:13:22,040 - server.tcp_server - INFO - 机器人连接结果: True
2025-09-30 14:13:22,040 - server.tcp_server - INFO - 返回成功响应: {"type": "response", "status": "success", "message": "机器人连接成功", "data": {"connected": true}, "message_id": "msg_1_1759212802"}
2025-09-30 14:13:22,145 - controller.robot_controller - ERROR - 机器人使能失败: 机器人错误 40024: 使能机器人失败: Robot not in disable state
2025-09-30 14:13:22,336 - server.tcp_server - INFO - 新客户端连接: ('192.168.31.254', 38944)
2025-09-30 14:13:22,336 - server.tcp_server - INFO - 开始处理连接机器人命令，客户端ID: client_29
2025-09-30 14:13:22,336 - controller.robot_controller - INFO - 正在连接机器人 192.168.0.10:10003
2025-09-30 14:13:22,336 - controller.robot_controller - INFO - 机器人连接成功
2025-09-30 14:13:22,336 - server.tcp_server - INFO - 机器人连接结果: True
2025-09-30 14:13:22,336 - server.tcp_server - INFO - 返回成功响应: {"type": "response", "status": "success", "message": "机器人连接成功", "data": {"connected": true}, "message_id": "msg_1_1759212802"}
2025-09-30 14:13:22,388 - controller.robot_controller - ERROR - 机器人使能失败: 机器人错误 40024: 使能机器人失败: Robot not in disable state
2025-09-30 14:13:22,763 - server.tcp_server - INFO - 新客户端连接: ('192.168.31.254', 38952)
2025-09-30 14:13:22,763 - server.tcp_server - INFO - 开始处理连接机器人命令，客户端ID: client_30
2025-09-30 14:13:22,763 - controller.robot_controller - INFO - 正在连接机器人 192.168.0.10:10003
2025-09-30 14:13:22,763 - controller.robot_controller - INFO - 机器人连接成功
2025-09-30 14:13:22,763 - server.tcp_server - INFO - 机器人连接结果: True
2025-09-30 14:13:22,763 - server.tcp_server - INFO - 返回成功响应: {"type": "response", "status": "success", "message": "机器人连接成功", "data": {"connected": true}, "message_id": "msg_1_1759212802"}
2025-09-30 14:13:22,862 - controller.robot_controller - ERROR - 机器人使能失败: 机器人错误 40024: 使能机器人失败: Robot not in disable state
2025-09-30 14:13:23,042 - server.tcp_server - INFO - 新客户端连接: ('192.168.31.254', 38964)
2025-09-30 14:13:23,043 - server.tcp_server - INFO - 开始处理连接机器人命令，客户端ID: client_31
2025-09-30 14:13:23,043 - controller.robot_controller - INFO - 正在连接机器人 192.168.0.10:10003
2025-09-30 14:13:23,043 - controller.robot_controller - INFO - 机器人连接成功
2025-09-30 14:13:23,043 - server.tcp_server - INFO - 机器人连接结果: True
2025-09-30 14:13:23,043 - server.tcp_server - INFO - 返回成功响应: {"type": "response", "status": "success", "message": "机器人连接成功", "data": {"connected": true}, "message_id": "msg_1_1759212803"}
2025-09-30 14:13:23,097 - controller.robot_controller - ERROR - 机器人使能失败: 机器人错误 40024: 使能机器人失败: Robot not in disable state
2025-09-30 14:13:23,274 - server.tcp_server - INFO - 新客户端连接: ('192.168.31.254', 38970)
2025-09-30 14:13:23,275 - server.tcp_server - INFO - 开始处理连接机器人命令，客户端ID: client_32
2025-09-30 14:13:23,275 - controller.robot_controller - INFO - 正在连接机器人 192.168.0.10:10003
2025-09-30 14:13:23,275 - controller.robot_controller - INFO - 机器人连接成功
2025-09-30 14:13:23,275 - server.tcp_server - INFO - 机器人连接结果: True
2025-09-30 14:13:23,275 - server.tcp_server - INFO - 返回成功响应: {"type": "response", "status": "success", "message": "机器人连接成功", "data": {"connected": true}, "message_id": "msg_1_1759212803"}
2025-09-30 14:13:23,335 - controller.robot_controller - ERROR - 机器人使能失败: 机器人错误 40024: 使能机器人失败: Robot not in disable state
2025-09-30 14:13:23,747 - server.tcp_server - INFO - 新客户端连接: ('192.168.31.254', 38976)
2025-09-30 14:13:23,747 - server.tcp_server - INFO - 开始处理连接机器人命令，客户端ID: client_33
2025-09-30 14:13:23,747 - controller.robot_controller - INFO - 正在连接机器人 192.168.0.10:10003
2025-09-30 14:13:23,747 - controller.robot_controller - INFO - 机器人连接成功
2025-09-30 14:13:23,747 - server.tcp_server - INFO - 机器人连接结果: True
2025-09-30 14:13:23,747 - server.tcp_server - INFO - 返回成功响应: {"type": "response", "status": "success", "message": "机器人连接成功", "data": {"connected": true}, "message_id": "msg_1_1759212803"}
2025-09-30 14:13:23,820 - controller.robot_controller - ERROR - 机器人使能失败: 机器人错误 40024: 使能机器人失败: Robot not in disable state
2025-09-30 14:13:37,770 - server.tcp_server - INFO - 新客户端连接: ('192.168.31.254', 34324)
2025-09-30 14:13:37,771 - server.tcp_server - INFO - 开始处理连接机器人命令，客户端ID: client_34
2025-09-30 14:13:37,771 - controller.robot_controller - INFO - 正在连接机器人 192.168.0.10:10003
2025-09-30 14:13:37,771 - controller.robot_controller - INFO - 机器人连接成功
2025-09-30 14:13:37,771 - server.tcp_server - INFO - 机器人连接结果: True
2025-09-30 14:13:37,771 - server.tcp_server - INFO - 返回成功响应: {"type": "response", "status": "success", "message": "机器人连接成功", "data": {"connected": true}, "message_id": "msg_1_1759212817"}
2025-09-30 14:13:37,775 - controller.robot_controller - ERROR - 机器人使能失败: 机器人错误 20018: 使能机器人失败: command forbidden in this state{15---ControllerConnecting}
2025-09-30 14:13:42,171 - server.tcp_server - INFO - 新客户端连接: ('192.168.31.254', 34334)
2025-09-30 14:13:42,171 - server.tcp_server - INFO - 开始处理连接机器人命令，客户端ID: client_35
2025-09-30 14:13:42,171 - controller.robot_controller - INFO - 正在连接机器人 192.168.0.10:10003
2025-09-30 14:13:42,172 - controller.robot_controller - INFO - 机器人连接成功
2025-09-30 14:13:42,172 - server.tcp_server - INFO - 机器人连接结果: True
2025-09-30 14:13:42,172 - server.tcp_server - INFO - 返回成功响应: {"type": "response", "status": "success", "message": "机器人连接成功", "data": {"connected": true}, "message_id": "msg_1_1759212822"}
2025-09-30 14:13:42,175 - controller.robot_controller - ERROR - 机器人使能失败: 机器人错误 20018: 使能机器人失败: command forbidden in this state{15---ControllerConnecting}
2025-09-30 14:13:44,350 - server.tcp_server - INFO - 新客户端连接: ('192.168.31.254', 34348)
2025-09-30 14:13:44,351 - server.tcp_server - INFO - 开始处理连接机器人命令，客户端ID: client_36
2025-09-30 14:13:44,351 - controller.robot_controller - INFO - 正在连接机器人 192.168.0.10:10003
2025-09-30 14:13:44,351 - controller.robot_controller - INFO - 机器人连接成功
2025-09-30 14:13:44,351 - server.tcp_server - INFO - 机器人连接结果: True
2025-09-30 14:13:44,351 - server.tcp_server - INFO - 返回成功响应: {"type": "response", "status": "success", "message": "机器人连接成功", "data": {"connected": true}, "message_id": "msg_1_1759212824"}
2025-09-30 14:13:44,354 - controller.robot_controller - ERROR - 机器人使能失败: 机器人错误 20018: 使能机器人失败: command forbidden in this state{15---ControllerConnecting}
2025-09-30 14:13:45,082 - server.tcp_server - INFO - 新客户端连接: ('192.168.31.254', 34354)
2025-09-30 14:13:45,082 - server.tcp_server - INFO - 开始处理连接机器人命令，客户端ID: client_37
2025-09-30 14:13:45,082 - controller.robot_controller - INFO - 正在连接机器人 192.168.0.10:10003
2025-09-30 14:13:45,082 - controller.robot_controller - INFO - 机器人连接成功
2025-09-30 14:13:45,082 - server.tcp_server - INFO - 机器人连接结果: True
2025-09-30 14:13:45,082 - server.tcp_server - INFO - 返回成功响应: {"type": "response", "status": "success", "message": "机器人连接成功", "data": {"connected": true}, "message_id": "msg_1_1759212825"}
2025-09-30 14:13:45,086 - controller.robot_controller - ERROR - 机器人使能失败: 机器人错误 20018: 使能机器人失败: command forbidden in this state{15---ControllerConnecting}
2025-09-30 14:13:45,571 - controller.robot_controller - ERROR - 机器人去使能失败: 机器人错误 -1: 去使能失败，当前状态不允许去使能: 15 (正在初始化控制器)
2025-09-30 14:13:45,571 - server.tcp_server - INFO - 客户端 client_21 的机器人已去使能
2025-09-30 14:13:45,571 - controller.robot_controller - INFO - 机器人连接已断开
2025-09-30 14:13:45,571 - controller.robot_controller - ERROR - 机器人去使能失败: 机器人错误 -1: 获取状态失败: 机器人错误 39503: 获取状态失败，错误码: 39503
2025-09-30 14:13:45,572 - server.tcp_server - INFO - 客户端 client_21 的机器人连接已断开
2025-09-30 14:13:45,572 - controller.robot_controller - ERROR - 机器人去使能失败: 机器人错误 -1: 获取状态失败: 机器人错误 39503: 获取状态失败，错误码: 39503
2025-09-30 14:13:45,572 - server.tcp_server - INFO - 客户端 client_22 的机器人已去使能
2025-09-30 14:13:45,572 - server.tcp_server - INFO - 客户端 client_21 资源已清理
2025-09-30 14:13:45,572 - server.tcp_server - INFO - 客户端 client_23 的机器人已去使能
2025-09-30 14:13:45,573 - controller.robot_controller - ERROR - 机器人去使能失败: 机器人错误 -1: 获取状态失败: 机器人错误 39503: 获取状态失败，错误码: 39503
2025-09-30 14:13:45,573 - server.tcp_server - INFO - 客户端 client_22 的机器人连接已断开
2025-09-30 14:13:45,573 - controller.robot_controller - ERROR - 机器人去使能失败: 机器人错误 -1: 获取状态失败: 机器人错误 39503: 获取状态失败，错误码: 39503
2025-09-30 14:13:45,573 - server.tcp_server - INFO - 客户端 client_23 的机器人连接已断开
2025-09-30 14:13:45,573 - controller.robot_controller - ERROR - 机器人去使能失败: 机器人错误 -1: 获取状态失败: 机器人错误 39503: 获取状态失败，错误码: 39503
2025-09-30 14:13:45,574 - server.tcp_server - INFO - 客户端 client_26 的机器人已去使能
2025-09-30 14:13:45,574 - controller.robot_controller - ERROR - 机器人去使能失败: 机器人错误 -1: 获取状态失败: 机器人错误 39503: 获取状态失败，错误码: 39503
2025-09-30 14:13:45,574 - server.tcp_server - INFO - 客户端 client_24 的机器人已去使能
2025-09-30 14:13:45,574 - server.tcp_server - INFO - 客户端 client_22 资源已清理
2025-09-30 14:13:45,574 - controller.robot_controller - ERROR - 机器人去使能失败: 机器人错误 -1: 获取状态失败: 机器人错误 39503: 获取状态失败，错误码: 39503
2025-09-30 14:13:45,575 - server.tcp_server - INFO - 客户端 client_23 资源已清理
2025-09-30 14:13:45,575 - server.tcp_server - INFO - 客户端 client_28 的机器人已去使能
2025-09-30 14:13:45,575 - server.tcp_server - INFO - 客户端 client_26 的机器人连接已断开
2025-09-30 14:13:45,575 - controller.robot_controller - ERROR - 机器人去使能失败: 机器人错误 -1: 获取状态失败: 机器人错误 39503: 获取状态失败，错误码: 39503
2025-09-30 14:13:45,575 - controller.robot_controller - ERROR - 机器人去使能失败: 机器人错误 -1: 获取状态失败: 机器人错误 39503: 获取状态失败，错误码: 39503
2025-09-30 14:13:45,575 - server.tcp_server - INFO - 客户端 client_29 的机器人已去使能
2025-09-30 14:13:45,575 - server.tcp_server - INFO - 客户端 client_24 的机器人连接已断开
2025-09-30 14:13:45,576 - server.tcp_server - INFO - 客户端 client_27 的机器人已去使能
2025-09-30 14:13:45,576 - server.tcp_server - INFO - 客户端 client_28 的机器人连接已断开
2025-09-30 14:13:45,576 - server.tcp_server - INFO - 客户端 client_33 的机器人已去使能
2025-09-30 14:13:45,576 - server.tcp_server - INFO - 客户端 client_26 资源已清理
2025-09-30 14:13:45,576 - controller.robot_controller - ERROR - 机器人去使能失败: 机器人错误 -1: 获取状态失败: 机器人错误 39503: 获取状态失败，错误码: 39503
2025-09-30 14:13:45,576 - server.tcp_server - INFO - 客户端 client_32 的机器人已去使能
2025-09-30 14:13:45,577 - server.tcp_server - INFO - 客户端 client_29 的机器人连接已断开
2025-09-30 14:13:45,577 - server.tcp_server - INFO - 客户端 client_27 的机器人连接已断开
2025-09-30 14:13:45,577 - server.tcp_server - INFO - 客户端 client_24 资源已清理
2025-09-30 14:13:45,577 - server.tcp_server - INFO - 客户端 client_33 的机器人连接已断开
2025-09-30 14:13:45,577 - server.tcp_server - INFO - 客户端 client_28 资源已清理
2025-09-30 14:13:45,577 - controller.robot_controller - ERROR - 机器人去使能失败: 机器人错误 -1: 获取状态失败: 机器人错误 39503: 获取状态失败，错误码: 39503
2025-09-30 14:13:45,577 - server.tcp_server - INFO - 客户端 client_25 的机器人已去使能
2025-09-30 14:13:45,578 - server.tcp_server - INFO - 客户端 client_32 的机器人连接已断开
2025-09-30 14:13:45,578 - server.tcp_server - INFO - 客户端 client_29 资源已清理
2025-09-30 14:13:45,578 - server.tcp_server - INFO - 客户端 client_27 资源已清理
2025-09-30 14:13:45,578 - server.tcp_server - INFO - 客户端 client_33 资源已清理
2025-09-30 14:13:45,578 - server.tcp_server - INFO - 客户端 client_30 的机器人已去使能
2025-09-30 14:13:45,579 - server.tcp_server - INFO - 客户端 client_30 的机器人连接已断开
2025-09-30 14:13:45,579 - server.tcp_server - INFO - 客户端 client_32 资源已清理
2025-09-30 14:13:45,579 - server.tcp_server - INFO - 客户端 client_30 资源已清理
2025-09-30 14:13:45,578 - server.tcp_server - INFO - 客户端 client_25 的机器人连接已断开
2025-09-30 14:13:45,580 - server.tcp_server - INFO - 客户端 client_25 资源已清理
2025-09-30 14:13:45,587 - controller.robot_controller - ERROR - 机器人去使能失败: 机器人错误 -1: 获取状态失败: 机器人错误 39503: 获取状态失败，错误码: 39503
2025-09-30 14:13:45,587 - server.tcp_server - INFO - 客户端 client_37 的机器人已去使能
2025-09-30 14:13:45,587 - server.tcp_server - INFO - 客户端 client_37 的机器人连接已断开
2025-09-30 14:13:45,587 - server.tcp_server - INFO - 客户端 client_37 资源已清理
2025-09-30 14:13:45,658 - server.tcp_server - INFO - 新客户端连接: ('192.168.31.254', 33792)
2025-09-30 14:13:45,658 - server.tcp_server - INFO - 开始处理连接机器人命令，客户端ID: client_38
2025-09-30 14:13:45,658 - controller.robot_controller - INFO - 正在连接机器人 192.168.0.10:10003
2025-09-30 14:13:45,659 - controller.robot_controller - INFO - 机器人连接成功
2025-09-30 14:13:45,659 - server.tcp_server - INFO - 机器人连接结果: True
2025-09-30 14:13:45,659 - server.tcp_server - INFO - 返回成功响应: {"type": "response", "status": "success", "message": "机器人连接成功", "data": {"connected": true}, "message_id": "msg_1_1759212825"}
2025-09-30 14:13:45,663 - controller.robot_controller - ERROR - 机器人使能失败: 机器人错误 20018: 使能机器人失败: command forbidden in this state{15---ControllerConnecting}
2025-09-30 14:13:46,412 - server.tcp_server - INFO - 新客户端连接: ('192.168.31.254', 33806)
2025-09-30 14:13:46,413 - server.tcp_server - INFO - 开始处理连接机器人命令，客户端ID: client_39
2025-09-30 14:13:46,413 - controller.robot_controller - INFO - 正在连接机器人 192.168.0.10:10003
2025-09-30 14:13:46,413 - controller.robot_controller - INFO - 机器人连接成功
2025-09-30 14:13:46,413 - server.tcp_server - INFO - 机器人连接结果: True
2025-09-30 14:13:46,413 - server.tcp_server - INFO - 返回成功响应: {"type": "response", "status": "success", "message": "机器人连接成功", "data": {"connected": true}, "message_id": "msg_1_1759212826"}
2025-09-30 14:13:46,416 - controller.robot_controller - ERROR - 机器人使能失败: 机器人错误 20018: 使能机器人失败: command forbidden in this state{15---ControllerConnecting}
2025-09-30 14:13:47,227 - server.tcp_server - INFO - 新客户端连接: ('192.168.31.254', 33814)
2025-09-30 14:13:47,227 - server.tcp_server - INFO - 开始处理连接机器人命令，客户端ID: client_40
2025-09-30 14:13:47,227 - controller.robot_controller - INFO - 正在连接机器人 192.168.0.10:10003
2025-09-30 14:13:47,227 - controller.robot_controller - INFO - 机器人连接成功
2025-09-30 14:13:47,227 - server.tcp_server - INFO - 机器人连接结果: True
2025-09-30 14:13:47,227 - server.tcp_server - INFO - 返回成功响应: {"type": "response", "status": "success", "message": "机器人连接成功", "data": {"connected": true}, "message_id": "msg_1_1759212827"}
2025-09-30 14:13:47,233 - controller.robot_controller - ERROR - 机器人使能失败: 机器人错误 20018: 使能机器人失败: command forbidden in this state{15---ControllerConnecting}
2025-09-30 14:13:47,893 - server.tcp_server - INFO - 新客户端连接: ('192.168.31.254', 33820)
2025-09-30 14:13:47,894 - server.tcp_server - INFO - 开始处理连接机器人命令，客户端ID: client_41
2025-09-30 14:13:47,894 - controller.robot_controller - INFO - 正在连接机器人 192.168.0.10:10003
2025-09-30 14:13:47,894 - controller.robot_controller - INFO - 机器人连接成功
2025-09-30 14:13:47,894 - server.tcp_server - INFO - 机器人连接结果: True
2025-09-30 14:13:47,894 - server.tcp_server - INFO - 返回成功响应: {"type": "response", "status": "success", "message": "机器人连接成功", "data": {"connected": true}, "message_id": "msg_1_1759212827"}
2025-09-30 14:13:47,897 - controller.robot_controller - ERROR - 机器人使能失败: 机器人错误 20018: 使能机器人失败: command forbidden in this state{15---ControllerConnecting}
2025-09-30 14:13:48,953 - server.tcp_server - INFO - 正在停止控制器服务器...
2025-09-30 14:13:52,369 - server.tcp_server - INFO - 正在停止控制器服务器...
2025-09-30 14:13:53,195 - controller.robot_controller - ERROR - 机器人去使能失败: 机器人错误 -1: 去使能失败，当前状态不允许去使能: 24 (机器人去使能)
2025-09-30 14:13:53,195 - server.tcp_server - INFO - 客户端 client_31 的机器人已去使能
2025-09-30 14:13:53,195 - server.tcp_server - INFO - 客户端 client_31 资源已清理
2025-09-30 14:13:53,196 - root - ERROR - 程序运行时发生错误: dictionary changed size during iteration
2025-09-30 14:13:57,673 - server.tcp_server - INFO - 启动控制器服务器 0.0.0.0:8888
2025-09-30 14:13:57,674 - server.tcp_server - INFO - 控制器服务器已启动
2025-09-30 14:13:59,786 - server.tcp_server - INFO - 新客户端连接: ('192.168.31.254', 38468)
2025-09-30 14:13:59,786 - server.tcp_server - INFO - 开始处理连接机器人命令，客户端ID: client_1
2025-09-30 14:13:59,786 - controller.robot_controller - INFO - 正在连接机器人 192.168.0.10:10003
2025-09-30 14:13:59,787 - controller.robot_controller - INFO - 机器人连接成功
2025-09-30 14:13:59,787 - server.tcp_server - INFO - 机器人连接结果: True
2025-09-30 14:13:59,787 - server.tcp_server - INFO - 返回成功响应: {"type": "response", "status": "success", "message": "机器人连接成功", "data": {"connected": true}, "message_id": "msg_1_1759212839"}
2025-09-30 14:14:29,925 - controller.robot_controller - ERROR - 机器人使能失败: 机器人错误 -1: 使能超时，机器人未能进入就绪状态
2025-09-30 14:15:00,192 - controller.robot_controller - ERROR - 机器人去使能失败: 机器人错误 -1: 去使能失败，当前状态不允许去使能: 15 (正在初始化控制器)
2025-09-30 14:15:00,192 - server.tcp_server - INFO - 客户端 client_1 的机器人已去使能
2025-09-30 14:15:00,192 - controller.robot_controller - INFO - 机器人连接已断开
2025-09-30 14:15:00,192 - server.tcp_server - INFO - 客户端 client_1 的机器人连接已断开
2025-09-30 14:15:00,192 - server.tcp_server - INFO - 客户端 client_1 资源已清理
2025-09-30 14:17:09,167 - server.tcp_server - INFO - 正在停止控制器服务器...
2025-09-30 14:17:09,167 - server.tcp_server - INFO - 控制器服务器已停止
2025-09-30 14:18:15,319 - server.tcp_server - INFO - 启动控制器服务器 0.0.0.0:8888
2025-09-30 14:18:15,319 - server.tcp_server - INFO - 控制器服务器已启动
2025-09-30 14:18:41,289 - server.tcp_server - INFO - 新客户端连接: ('192.168.31.254', 49388)
2025-09-30 14:18:41,290 - server.tcp_server - INFO - 开始处理连接机器人命令，客户端ID: client_1
2025-09-30 14:18:41,290 - controller.robot_controller - INFO - 正在连接机器人 192.168.0.10:10003
2025-09-30 14:18:41,290 - controller.robot_controller - INFO - 机器人连接成功
2025-09-30 14:18:41,290 - server.tcp_server - INFO - 机器人连接结果: True
2025-09-30 14:18:41,291 - server.tcp_server - INFO - 返回成功响应: {"type": "response", "status": "success", "message": "机器人连接成功", "data": {"connected": true}, "message_id": "msg_1_1759213121"}
2025-09-30 14:18:41,345 - controller.robot_controller - ERROR - 机器人使能失败: 机器人错误 40024: 使能机器人失败: Robot not in disable state
2025-09-30 14:18:56,357 - server.tcp_server - INFO - 新客户端连接: ('192.168.31.254', 39894)
2025-09-30 14:18:56,358 - server.tcp_server - INFO - 开始处理连接机器人命令，客户端ID: client_2
2025-09-30 14:18:56,358 - controller.robot_controller - INFO - 正在连接机器人 192.168.0.10:10003
2025-09-30 14:18:56,358 - controller.robot_controller - INFO - 机器人连接成功
2025-09-30 14:18:56,358 - server.tcp_server - INFO - 机器人连接结果: True
2025-09-30 14:18:56,358 - server.tcp_server - INFO - 返回成功响应: {"type": "response", "status": "success", "message": "机器人连接成功", "data": {"connected": true}, "message_id": "msg_1_1759213136"}
2025-09-30 14:18:56,425 - controller.robot_controller - ERROR - 机器人使能失败: 机器人错误 40024: 使能机器人失败: Robot not in disable state
2025-09-30 14:18:57,185 - server.tcp_server - INFO - 新客户端连接: ('192.168.31.254', 39896)
2025-09-30 14:18:57,185 - server.tcp_server - INFO - 开始处理连接机器人命令，客户端ID: client_3
2025-09-30 14:18:57,185 - controller.robot_controller - INFO - 正在连接机器人 192.168.0.10:10003
2025-09-30 14:18:57,185 - controller.robot_controller - INFO - 机器人连接成功
2025-09-30 14:18:57,185 - server.tcp_server - INFO - 机器人连接结果: True
2025-09-30 14:18:57,186 - server.tcp_server - INFO - 返回成功响应: {"type": "response", "status": "success", "message": "机器人连接成功", "data": {"connected": true}, "message_id": "msg_1_1759213137"}
2025-09-30 14:18:57,244 - controller.robot_controller - ERROR - 机器人使能失败: 机器人错误 40024: 使能机器人失败: Robot not in disable state
2025-09-30 14:19:00,072 - server.tcp_server - INFO - 新客户端连接: ('192.168.31.254', 39900)
2025-09-30 14:19:00,072 - server.tcp_server - INFO - 开始处理连接机器人命令，客户端ID: client_4
2025-09-30 14:19:00,072 - controller.robot_controller - INFO - 正在连接机器人 192.168.0.10:10003
2025-09-30 14:19:00,072 - controller.robot_controller - INFO - 机器人连接成功
2025-09-30 14:19:00,072 - server.tcp_server - INFO - 机器人连接结果: True
2025-09-30 14:19:00,072 - server.tcp_server - INFO - 返回成功响应: {"type": "response", "status": "success", "message": "机器人连接成功", "data": {"connected": true}, "message_id": "msg_1_1759213140"}
2025-09-30 14:19:00,131 - controller.robot_controller - ERROR - 机器人使能失败: 机器人错误 40024: 使能机器人失败: Robot not in disable state
2025-09-30 14:19:03,684 - server.tcp_server - INFO - 新客户端连接: ('192.168.31.254', 39902)
2025-09-30 14:19:03,685 - server.tcp_server - INFO - 开始处理连接机器人命令，客户端ID: client_5
2025-09-30 14:19:03,685 - controller.robot_controller - INFO - 正在连接机器人 192.168.0.10:10003
2025-09-30 14:19:03,685 - controller.robot_controller - INFO - 机器人连接成功
2025-09-30 14:19:03,685 - server.tcp_server - INFO - 机器人连接结果: True
2025-09-30 14:19:03,685 - server.tcp_server - INFO - 返回成功响应: {"type": "response", "status": "success", "message": "机器人连接成功", "data": {"connected": true}, "message_id": "msg_1_1759213143"}
2025-09-30 14:19:03,737 - controller.robot_controller - ERROR - 机器人使能失败: 机器人错误 40024: 使能机器人失败: Robot not in disable state
2025-09-30 14:19:11,847 - controller.robot_controller - ERROR - 机器人去使能失败: 机器人错误 -1: 去使能失败，当前状态不允许去使能: 7 (本体供电已切断)
2025-09-30 14:19:26,519 - controller.robot_controller - ERROR - 机器人去使能失败: 机器人错误 -1: 去使能失败，当前状态不允许去使能: 15 (正在初始化控制器)
2025-09-30 14:19:27,521 - controller.robot_controller - ERROR - 机器人去使能失败: 机器人错误 -1: 去使能失败，当前状态不允许去使能: 15 (正在初始化控制器)
2025-09-30 14:19:28,905 - server.tcp_server - INFO - 新客户端连接: ('192.168.31.254', 34646)
2025-09-30 14:19:28,905 - server.tcp_server - INFO - 开始处理连接机器人命令，客户端ID: client_6
2025-09-30 14:19:28,905 - controller.robot_controller - INFO - 正在连接机器人 192.168.0.10:10003
2025-09-30 14:19:28,905 - controller.robot_controller - INFO - 机器人连接成功
2025-09-30 14:19:28,906 - server.tcp_server - INFO - 机器人连接结果: True
2025-09-30 14:19:28,906 - server.tcp_server - INFO - 返回成功响应: {"type": "response", "status": "success", "message": "机器人连接成功", "data": {"connected": true}, "message_id": "msg_1_1759213168"}
2025-09-30 14:19:28,909 - controller.robot_controller - ERROR - 机器人使能失败: 机器人错误 20018: 使能机器人失败: command forbidden in this state{15---ControllerConnecting}
2025-09-30 14:19:30,527 - controller.robot_controller - ERROR - 机器人去使能失败: 机器人错误 -1: 去使能失败，当前状态不允许去使能: 15 (正在初始化控制器)
2025-09-30 14:19:33,927 - controller.robot_controller - ERROR - 机器人去使能失败: 机器人错误 -1: 去使能失败，当前状态不允许去使能: 24 (机器人去使能)
2025-09-30 14:19:33,929 - root - INFO - 机器人已处于去使能状态
2025-09-30 14:19:33,929 - controller.robot_controller - INFO - 机器人已去使能
2025-09-30 14:19:33,929 - server.tcp_server - INFO - 客户端 client_5 的机器人已去使能
2025-09-30 14:19:33,929 - controller.robot_controller - INFO - 机器人连接已断开
2025-09-30 14:19:33,930 - server.tcp_server - INFO - 客户端 client_5 的机器人连接已断开
2025-09-30 14:19:33,930 - server.tcp_server - INFO - 客户端 client_5 资源已清理
2025-09-30 14:19:33,930 - controller.robot_controller - ERROR - 机器人去使能失败: 机器人错误 -1: 获取状态失败: 机器人错误 39503: 获取状态失败，错误码: 39503
2025-09-30 14:19:33,930 - server.tcp_server - INFO - 客户端 client_2 的机器人已去使能
2025-09-30 14:19:33,930 - server.tcp_server - INFO - 客户端 client_2 的机器人连接已断开
2025-09-30 14:19:33,930 - server.tcp_server - INFO - 客户端 client_2 资源已清理
2025-09-30 14:19:34,426 - controller.robot_controller - ERROR - 机器人去使能失败: 机器人错误 -1: 获取状态失败: 机器人错误 39503: 获取状态失败，错误码: 39503
2025-09-30 14:19:34,426 - server.tcp_server - INFO - 客户端 client_4 的机器人已去使能
2025-09-30 14:19:34,426 - server.tcp_server - INFO - 客户端 client_4 的机器人连接已断开
2025-09-30 14:19:34,426 - server.tcp_server - INFO - 客户端 client_4 资源已清理
2025-09-30 14:19:34,427 - controller.robot_controller - ERROR - 机器人去使能失败: 机器人错误 -1: 获取状态失败: 机器人错误 39503: 获取状态失败，错误码: 39503
2025-09-30 14:19:34,427 - server.tcp_server - INFO - 客户端 client_1 的机器人已去使能
2025-09-30 14:19:34,427 - server.tcp_server - INFO - 客户端 client_1 的机器人连接已断开
2025-09-30 14:19:34,427 - server.tcp_server - INFO - 客户端 client_1 资源已清理
2025-09-30 14:19:34,429 - controller.robot_controller - ERROR - 机器人去使能失败: 机器人错误 -1: 获取状态失败: 机器人错误 39503: 获取状态失败，错误码: 39503
2025-09-30 14:19:34,429 - server.tcp_server - INFO - 客户端 client_3 的机器人已去使能
2025-09-30 14:19:34,429 - server.tcp_server - INFO - 客户端 client_3 的机器人连接已断开
2025-09-30 14:19:34,429 - server.tcp_server - INFO - 客户端 client_3 资源已清理
2025-09-30 14:19:34,429 - controller.robot_controller - ERROR - 机器人去使能失败: 机器人错误 -1: 获取状态失败: 机器人错误 39503: 获取状态失败，错误码: 39503
2025-09-30 14:19:34,431 - controller.robot_controller - ERROR - 机器人未连接，无法去使能
2025-09-30 14:19:34,431 - server.tcp_server - INFO - 客户端 client_6 的机器人已去使能
2025-09-30 14:19:34,431 - server.tcp_server - INFO - 客户端 client_6 的机器人连接已断开
2025-09-30 14:19:34,431 - server.tcp_server - INFO - 客户端 client_6 资源已清理
2025-09-30 14:19:36,812 - server.tcp_server - INFO - 新客户端连接: ('192.168.31.254', 35692)
2025-09-30 14:19:36,813 - server.tcp_server - INFO - 开始处理连接机器人命令，客户端ID: client_7
2025-09-30 14:19:36,813 - controller.robot_controller - INFO - 正在连接机器人 192.168.0.10:10003
2025-09-30 14:19:36,813 - controller.robot_controller - INFO - 机器人连接成功
2025-09-30 14:19:36,813 - server.tcp_server - INFO - 机器人连接结果: True
2025-09-30 14:19:36,813 - server.tcp_server - INFO - 返回成功响应: {"type": "response", "status": "success", "message": "机器人连接成功", "data": {"connected": true}, "message_id": "msg_1_1759213176"}
2025-09-30 14:20:06,948 - controller.robot_controller - ERROR - 机器人使能失败: 机器人错误 -1: 使能超时，机器人未能进入就绪状态
2025-09-30 14:20:37,042 - controller.robot_controller - ERROR - 机器人去使能失败: 机器人错误 -1: 去使能失败，当前状态不允许去使能: 20 (机器人超出安全空间)
2025-09-30 14:21:07,173 - controller.robot_controller - ERROR - 机器人去使能失败: 机器人错误 -1: 去使能失败，当前状态不允许去使能: 20 (机器人超出安全空间)
2025-09-30 14:21:07,173 - server.tcp_server - INFO - 客户端 client_7 的机器人已去使能
2025-09-30 14:21:07,174 - controller.robot_controller - INFO - 机器人连接已断开
2025-09-30 14:21:07,174 - server.tcp_server - INFO - 客户端 client_7 的机器人连接已断开
2025-09-30 14:21:07,174 - server.tcp_server - INFO - 客户端 client_7 资源已清理
2025-09-30 14:24:35,113 - server.tcp_server - INFO - 新客户端连接: ('192.168.31.254', 47448)
2025-09-30 14:24:35,113 - server.tcp_server - INFO - 开始处理连接机器人命令，客户端ID: client_8
2025-09-30 14:24:35,113 - controller.robot_controller - INFO - 正在连接机器人 192.168.0.10:10003
2025-09-30 14:24:35,113 - controller.robot_controller - INFO - 机器人连接成功
2025-09-30 14:24:35,113 - server.tcp_server - INFO - 机器人连接结果: True
2025-09-30 14:24:35,114 - server.tcp_server - INFO - 返回成功响应: {"type": "response", "status": "success", "message": "机器人连接成功", "data": {"connected": true}, "message_id": "msg_1_1759213475"}
2025-09-30 14:24:35,115 - root - INFO - 机器人已处于使能状态
2025-09-30 14:24:35,115 - controller.robot_controller - INFO - 机器人已使能
2025-09-30 14:25:05,222 - controller.robot_controller - ERROR - 运动到指定关节位置失败: 关节运动执行失败: 机器人错误 -1: 等待运动完成超时
2025-09-30 14:25:24,810 - root - INFO - 去使能指令发送成功，等待机器人进入去使能状态
2025-09-30 14:25:25,313 - root - INFO - 机器人已成功去使能
2025-09-30 14:25:25,313 - controller.robot_controller - INFO - 机器人已去使能
2025-09-30 14:25:25,314 - root - INFO - 机器人已处于去使能状态
2025-09-30 14:25:25,314 - controller.robot_controller - INFO - 机器人已去使能
2025-09-30 14:25:25,314 - server.tcp_server - INFO - 客户端 client_8 的机器人已去使能
2025-09-30 14:25:25,314 - controller.robot_controller - INFO - 机器人连接已断开
2025-09-30 14:25:25,314 - server.tcp_server - INFO - 客户端 client_8 的机器人连接已断开
2025-09-30 14:25:25,315 - server.tcp_server - INFO - 客户端 client_8 资源已清理
2025-09-30 14:25:44,731 - server.tcp_server - INFO - 正在停止控制器服务器...
2025-09-30 14:25:44,731 - server.tcp_server - INFO - 控制器服务器已停止
2025-09-30 14:25:45,562 - server.tcp_server - INFO - 启动控制器服务器 0.0.0.0:8888
2025-09-30 14:25:45,562 - server.tcp_server - INFO - 控制器服务器已启动
2025-09-30 14:34:09,584 - server.tcp_server - INFO - 新客户端连接: ('192.168.31.254', 33864)
2025-09-30 14:34:09,584 - server.tcp_server - INFO - 开始处理连接机器人命令，客户端ID: client_1
2025-09-30 14:34:09,584 - controller.robot_controller - INFO - 正在连接机器人 192.168.0.10:10003
2025-09-30 14:34:09,585 - controller.robot_controller - INFO - 机器人连接成功
2025-09-30 14:34:09,585 - server.tcp_server - INFO - 机器人连接结果: True
2025-09-30 14:34:09,585 - server.tcp_server - INFO - 返回成功响应: {"type": "response", "status": "success", "message": "机器人连接成功", "data": {"connected": true}, "message_id": "msg_1_1759214049"}
2025-09-30 14:34:09,586 - root - INFO - 机器人已处于使能状态
2025-09-30 14:34:09,586 - controller.robot_controller - INFO - 机器人已使能
2025-09-30 14:34:09,591 - root - INFO - 速度比设置成功
2025-09-30 14:34:09,591 - controller.robot_controller - INFO - 速度比设置为 0.49
2025-09-30 14:34:11,112 - root - INFO - 关节运动完成
2025-09-30 14:34:11,112 - controller.robot_controller - INFO - 运动到指定姿态完成
2025-09-30 14:34:13,117 - server.tcp_server - INFO - 新客户端连接: ('192.168.31.254', 33878)
2025-09-30 14:34:13,119 - server.tcp_server - INFO - 开始处理连接RealSense相机命令，客户端ID: client_2
2025-09-30 14:34:13,284 - controller.realsense_controller - INFO - 相机内参读取成功
2025-09-30 14:34:13,285 - controller.realsense_controller - INFO - RealSense相机连接成功
2025-09-30 14:34:13,285 - server.tcp_server - INFO - 返回成功响应: {"type": "response", "status": "success", "message": "RealSense相机连接成功", "data": {"connected": true}, "message_id": "msg_1_1759214053"}
2025-09-30 14:34:16,129 - root - INFO - 速度比设置成功
2025-09-30 14:34:16,129 - controller.robot_controller - INFO - 速度比设置为 0.49
2025-09-30 14:34:17,150 - root - INFO - 关节运动完成
2025-09-30 14:34:17,150 - controller.robot_controller - INFO - 运动到指定姿态完成
2025-09-30 14:34:18,803 - root - INFO - 速度比设置成功
2025-09-30 14:34:18,804 - controller.robot_controller - INFO - 速度比设置为 0.49
2025-09-30 14:34:20,322 - root - INFO - 关节运动完成
2025-09-30 14:34:20,322 - controller.robot_controller - INFO - 运动到指定姿态完成
2025-09-30 14:34:21,970 - root - INFO - 速度比设置成功
2025-09-30 14:34:21,971 - controller.robot_controller - INFO - 速度比设置为 0.49
2025-09-30 14:34:23,490 - root - INFO - 关节运动完成
2025-09-30 14:34:23,490 - controller.robot_controller - INFO - 运动到指定姿态完成
2025-09-30 14:34:25,149 - root - INFO - 速度比设置成功
2025-09-30 14:34:25,149 - controller.robot_controller - INFO - 速度比设置为 0.49
2025-09-30 14:34:27,178 - root - INFO - 关节运动完成
2025-09-30 14:34:27,178 - controller.robot_controller - INFO - 运动到指定姿态完成
2025-09-30 14:34:29,092 - root - INFO - 速度比设置成功
2025-09-30 14:34:29,092 - controller.robot_controller - INFO - 速度比设置为 0.49
2025-09-30 14:34:31,613 - root - INFO - 关节运动完成
2025-09-30 14:34:31,613 - controller.robot_controller - INFO - 运动到指定姿态完成
2025-09-30 14:34:33,394 - root - INFO - 速度比设置成功
2025-09-30 14:34:33,394 - controller.robot_controller - INFO - 速度比设置为 0.49
2025-09-30 14:34:35,416 - root - INFO - 关节运动完成
2025-09-30 14:34:35,416 - controller.robot_controller - INFO - 运动到指定姿态完成
2025-09-30 14:34:37,065 - root - INFO - 速度比设置成功
2025-09-30 14:34:37,065 - controller.robot_controller - INFO - 速度比设置为 0.49
2025-09-30 14:34:38,586 - root - INFO - 关节运动完成
2025-09-30 14:34:38,586 - controller.robot_controller - INFO - 运动到指定姿态完成
2025-09-30 14:34:40,248 - root - INFO - 速度比设置成功
2025-09-30 14:34:40,248 - controller.robot_controller - INFO - 速度比设置为 0.49
2025-09-30 14:34:41,266 - root - INFO - 关节运动完成
2025-09-30 14:34:41,266 - controller.robot_controller - INFO - 运动到指定姿态完成
2025-09-30 14:34:42,923 - root - INFO - 速度比设置成功
2025-09-30 14:34:42,923 - controller.robot_controller - INFO - 速度比设置为 0.49
2025-09-30 14:34:43,951 - root - INFO - 关节运动完成
2025-09-30 14:34:43,951 - controller.robot_controller - INFO - 运动到指定姿态完成
2025-09-30 14:34:45,605 - root - INFO - 速度比设置成功
2025-09-30 14:34:45,605 - controller.robot_controller - INFO - 速度比设置为 0.49
2025-09-30 14:34:47,124 - root - INFO - 关节运动完成
2025-09-30 14:34:47,125 - controller.robot_controller - INFO - 运动到指定姿态完成
2025-09-30 14:34:48,776 - root - INFO - 速度比设置成功
2025-09-30 14:34:48,776 - controller.robot_controller - INFO - 速度比设置为 0.49
2025-09-30 14:34:50,297 - root - INFO - 关节运动完成
2025-09-30 14:34:50,297 - controller.robot_controller - INFO - 运动到指定姿态完成
2025-09-30 14:34:51,963 - root - INFO - 速度比设置成功
2025-09-30 14:34:51,963 - controller.robot_controller - INFO - 速度比设置为 0.49
2025-09-30 14:34:54,489 - root - INFO - 关节运动完成
2025-09-30 14:34:54,489 - controller.robot_controller - INFO - 运动到指定姿态完成
2025-09-30 14:34:56,145 - root - INFO - 速度比设置成功
2025-09-30 14:34:56,146 - controller.robot_controller - INFO - 速度比设置为 0.49
2025-09-30 14:34:58,666 - root - INFO - 关节运动完成
2025-09-30 14:34:58,667 - controller.robot_controller - INFO - 运动到指定姿态完成
2025-09-30 14:35:00,313 - root - INFO - 速度比设置成功
2025-09-30 14:35:00,313 - controller.robot_controller - INFO - 速度比设置为 0.49
2025-09-30 14:35:01,835 - root - INFO - 关节运动完成
2025-09-30 14:35:01,835 - controller.robot_controller - INFO - 运动到指定姿态完成
2025-09-30 14:35:03,479 - root - INFO - 速度比设置成功
2025-09-30 14:35:03,479 - controller.robot_controller - INFO - 速度比设置为 0.49
2025-09-30 14:35:04,496 - root - INFO - 关节运动完成
2025-09-30 14:35:04,496 - controller.robot_controller - INFO - 运动到指定姿态完成
2025-09-30 14:35:06,146 - root - INFO - 速度比设置成功
2025-09-30 14:35:06,146 - controller.robot_controller - INFO - 速度比设置为 0.49
2025-09-30 14:35:07,163 - root - INFO - 关节运动完成
2025-09-30 14:35:07,163 - controller.robot_controller - INFO - 运动到指定姿态完成
2025-09-30 14:35:08,817 - root - INFO - 速度比设置成功
2025-09-30 14:35:08,817 - controller.robot_controller - INFO - 速度比设置为 0.49
2025-09-30 14:35:10,340 - root - INFO - 关节运动完成
2025-09-30 14:35:10,341 - controller.robot_controller - INFO - 运动到指定姿态完成
2025-09-30 14:35:11,979 - root - INFO - 速度比设置成功
2025-09-30 14:35:11,980 - controller.robot_controller - INFO - 速度比设置为 0.49
2025-09-30 14:35:13,498 - root - INFO - 关节运动完成
2025-09-30 14:35:13,498 - controller.robot_controller - INFO - 运动到指定姿态完成
2025-09-30 14:35:15,154 - root - INFO - 速度比设置成功
2025-09-30 14:35:15,154 - controller.robot_controller - INFO - 速度比设置为 0.49
2025-09-30 14:35:17,175 - root - INFO - 关节运动完成
2025-09-30 14:35:17,175 - controller.robot_controller - INFO - 运动到指定姿态完成
2025-09-30 14:35:18,833 - root - INFO - 速度比设置成功
2025-09-30 14:35:18,833 - controller.robot_controller - INFO - 速度比设置为 0.49
2025-09-30 14:35:18,836 - controller.robot_controller - ERROR - 运动到指定姿态失败: 逆运动学解算失败: 运动学逆解失败，错误码: 20031
2025-09-30 14:35:20,472 - root - INFO - 速度比设置成功
2025-09-30 14:35:20,472 - controller.robot_controller - INFO - 速度比设置为 0.49
2025-09-30 14:35:21,490 - root - INFO - 关节运动完成
2025-09-30 14:35:21,490 - controller.robot_controller - INFO - 运动到指定姿态完成
2025-09-30 14:35:23,139 - root - INFO - 速度比设置成功
2025-09-30 14:35:23,140 - controller.robot_controller - INFO - 速度比设置为 0.49
2025-09-30 14:35:24,161 - root - INFO - 关节运动完成
2025-09-30 14:35:24,161 - controller.robot_controller - INFO - 运动到指定姿态完成
2025-09-30 14:35:25,798 - root - INFO - 速度比设置成功
2025-09-30 14:35:25,798 - controller.robot_controller - INFO - 速度比设置为 0.49
2025-09-30 14:35:27,317 - root - INFO - 关节运动完成
2025-09-30 14:35:27,317 - controller.robot_controller - INFO - 运动到指定姿态完成
2025-09-30 14:35:28,969 - root - INFO - 速度比设置成功
2025-09-30 14:35:28,969 - controller.robot_controller - INFO - 速度比设置为 0.49
2025-09-30 14:35:30,493 - root - INFO - 关节运动完成
2025-09-30 14:35:30,494 - controller.robot_controller - INFO - 运动到指定姿态完成
2025-09-30 14:35:32,156 - root - INFO - 速度比设置成功
2025-09-30 14:35:32,156 - controller.robot_controller - INFO - 速度比设置为 0.49
2025-09-30 14:35:34,180 - root - INFO - 关节运动完成
2025-09-30 14:35:34,180 - controller.robot_controller - INFO - 运动到指定姿态完成
2025-09-30 14:35:35,838 - root - INFO - 速度比设置成功
2025-09-30 14:35:35,838 - controller.robot_controller - INFO - 速度比设置为 0.49
2025-09-30 14:35:38,359 - root - INFO - 关节运动完成
2025-09-30 14:35:38,359 - controller.robot_controller - INFO - 运动到指定姿态完成
2025-09-30 14:35:40,005 - root - INFO - 速度比设置成功
2025-09-30 14:35:40,005 - controller.robot_controller - INFO - 速度比设置为 0.49
2025-09-30 14:35:42,526 - root - INFO - 关节运动完成
2025-09-30 14:35:42,526 - controller.robot_controller - INFO - 运动到指定姿态完成
2025-09-30 14:35:44,171 - root - INFO - 速度比设置成功
2025-09-30 14:35:44,171 - controller.robot_controller - INFO - 速度比设置为 0.49
2025-09-30 14:35:45,189 - root - INFO - 关节运动完成
2025-09-30 14:35:45,189 - controller.robot_controller - INFO - 运动到指定姿态完成
2025-09-30 14:35:46,834 - root - INFO - 速度比设置成功
2025-09-30 14:35:46,834 - controller.robot_controller - INFO - 速度比设置为 0.49
2025-09-30 14:35:47,851 - root - INFO - 关节运动完成
2025-09-30 14:35:47,852 - controller.robot_controller - INFO - 运动到指定姿态完成
2025-09-30 14:35:49,497 - root - INFO - 速度比设置成功
2025-09-30 14:35:49,497 - controller.robot_controller - INFO - 速度比设置为 0.49
2025-09-30 14:35:51,016 - root - INFO - 关节运动完成
2025-09-30 14:35:51,016 - controller.robot_controller - INFO - 运动到指定姿态完成
2025-09-30 14:35:52,668 - root - INFO - 速度比设置成功
2025-09-30 14:35:52,668 - controller.robot_controller - INFO - 速度比设置为 0.49
2025-09-30 14:35:54,191 - root - INFO - 关节运动完成
2025-09-30 14:35:54,191 - controller.robot_controller - INFO - 运动到指定姿态完成
2025-09-30 14:35:55,839 - root - INFO - 速度比设置成功
2025-09-30 14:35:55,839 - controller.robot_controller - INFO - 速度比设置为 0.49
2025-09-30 14:35:57,859 - root - INFO - 关节运动完成
2025-09-30 14:35:57,859 - controller.robot_controller - INFO - 运动到指定姿态完成
2025-09-30 14:35:59,493 - root - INFO - 速度比设置成功
2025-09-30 14:35:59,493 - controller.robot_controller - INFO - 速度比设置为 0.49
2025-09-30 14:36:02,014 - root - INFO - 关节运动完成
2025-09-30 14:36:02,015 - controller.robot_controller - INFO - 运动到指定姿态完成
2025-09-30 14:36:03,664 - root - INFO - 速度比设置成功
2025-09-30 14:36:03,664 - controller.robot_controller - INFO - 速度比设置为 0.49
2025-09-30 14:36:05,683 - root - INFO - 关节运动完成
2025-09-30 14:36:05,684 - controller.robot_controller - INFO - 运动到指定姿态完成
2025-09-30 14:36:07,334 - root - INFO - 速度比设置成功
2025-09-30 14:36:07,334 - controller.robot_controller - INFO - 速度比设置为 0.49
2025-09-30 14:36:08,351 - root - INFO - 关节运动完成
2025-09-30 14:36:08,351 - controller.robot_controller - INFO - 运动到指定姿态完成
2025-09-30 14:36:09,985 - root - INFO - 速度比设置成功
2025-09-30 14:36:09,985 - controller.robot_controller - INFO - 速度比设置为 0.49
2025-09-30 14:36:11,002 - root - INFO - 关节运动完成
2025-09-30 14:36:11,003 - controller.robot_controller - INFO - 运动到指定姿态完成
2025-09-30 14:36:12,652 - root - INFO - 速度比设置成功
2025-09-30 14:36:12,652 - controller.robot_controller - INFO - 速度比设置为 0.49
2025-09-30 14:36:13,669 - root - INFO - 关节运动完成
2025-09-30 14:36:13,669 - controller.robot_controller - INFO - 运动到指定姿态完成
2025-09-30 14:36:15,307 - root - INFO - 速度比设置成功
2025-09-30 14:36:15,307 - controller.robot_controller - INFO - 速度比设置为 0.49
2025-09-30 14:36:16,826 - root - INFO - 关节运动完成
2025-09-30 14:36:16,826 - controller.robot_controller - INFO - 运动到指定姿态完成
2025-09-30 14:36:18,466 - root - INFO - 速度比设置成功
2025-09-30 14:36:18,466 - controller.robot_controller - INFO - 速度比设置为 0.49
2025-09-30 14:36:19,985 - root - INFO - 关节运动完成
2025-09-30 14:36:19,985 - controller.robot_controller - INFO - 运动到指定姿态完成
2025-09-30 14:36:21,629 - root - INFO - 速度比设置成功
2025-09-30 14:36:21,629 - controller.robot_controller - INFO - 速度比设置为 0.49
2025-09-30 14:36:24,151 - root - INFO - 关节运动完成
2025-09-30 14:36:24,151 - controller.robot_controller - INFO - 运动到指定姿态完成
2025-09-30 14:36:25,791 - root - INFO - 速度比设置成功
2025-09-30 14:36:25,791 - controller.robot_controller - INFO - 速度比设置为 0.49
2025-09-30 14:36:27,811 - root - INFO - 关节运动完成
2025-09-30 14:36:27,811 - controller.robot_controller - INFO - 运动到指定姿态完成
2025-09-30 14:36:29,461 - root - INFO - 速度比设置成功
2025-09-30 14:36:29,462 - controller.robot_controller - INFO - 速度比设置为 0.49
2025-09-30 14:36:31,482 - root - INFO - 关节运动完成
2025-09-30 14:36:31,482 - controller.robot_controller - INFO - 运动到指定姿态完成
2025-09-30 14:36:33,140 - root - INFO - 速度比设置成功
2025-09-30 14:36:33,140 - controller.robot_controller - INFO - 速度比设置为 0.49
2025-09-30 14:36:34,162 - root - INFO - 关节运动完成
2025-09-30 14:36:34,163 - controller.robot_controller - INFO - 运动到指定姿态完成
2025-09-30 14:36:35,799 - root - INFO - 速度比设置成功
2025-09-30 14:36:35,799 - controller.robot_controller - INFO - 速度比设置为 0.49
2025-09-30 14:36:37,318 - root - INFO - 关节运动完成
2025-09-30 14:36:37,318 - controller.robot_controller - INFO - 运动到指定姿态完成
2025-09-30 14:36:38,962 - root - INFO - 速度比设置成功
2025-09-30 14:36:38,962 - controller.robot_controller - INFO - 速度比设置为 0.49
2025-09-30 14:36:40,485 - root - INFO - 关节运动完成
2025-09-30 14:36:40,485 - controller.robot_controller - INFO - 运动到指定姿态完成
2025-09-30 14:36:42,141 - root - INFO - 速度比设置成功
2025-09-30 14:36:42,141 - controller.robot_controller - INFO - 速度比设置为 0.49
2025-09-30 14:36:44,165 - root - INFO - 关节运动完成
2025-09-30 14:36:44,165 - controller.robot_controller - INFO - 运动到指定姿态完成
2025-09-30 14:36:45,807 - root - INFO - 速度比设置成功
2025-09-30 14:36:45,807 - controller.robot_controller - INFO - 速度比设置为 0.49
2025-09-30 14:36:48,830 - root - INFO - 关节运动完成
2025-09-30 14:36:48,831 - controller.robot_controller - INFO - 运动到指定姿态完成
2025-09-30 14:36:50,465 - root - INFO - 速度比设置成功
2025-09-30 14:36:50,465 - controller.robot_controller - INFO - 速度比设置为 0.49
2025-09-30 14:36:52,987 - root - INFO - 关节运动完成
2025-09-30 14:36:52,987 - controller.robot_controller - INFO - 运动到指定姿态完成
2025-09-30 14:36:54,632 - root - INFO - 速度比设置成功
2025-09-30 14:36:54,632 - controller.robot_controller - INFO - 速度比设置为 0.49
2025-09-30 14:36:55,649 - root - INFO - 关节运动完成
2025-09-30 14:36:55,649 - controller.robot_controller - INFO - 运动到指定姿态完成
2025-09-30 14:36:57,295 - root - INFO - 速度比设置成功
2025-09-30 14:36:57,295 - controller.robot_controller - INFO - 速度比设置为 0.49
2025-09-30 14:36:58,314 - root - INFO - 关节运动完成
2025-09-30 14:36:58,314 - controller.robot_controller - INFO - 运动到指定姿态完成
2025-09-30 14:36:59,958 - root - INFO - 速度比设置成功
2025-09-30 14:36:59,958 - controller.robot_controller - INFO - 速度比设置为 0.49
2025-09-30 14:37:01,481 - root - INFO - 关节运动完成
2025-09-30 14:37:01,481 - controller.robot_controller - INFO - 运动到指定姿态完成
2025-09-30 14:37:03,133 - root - INFO - 速度比设置成功
2025-09-30 14:37:03,133 - controller.robot_controller - INFO - 速度比设置为 0.49
2025-09-30 14:37:04,656 - root - INFO - 关节运动完成
2025-09-30 14:37:04,656 - controller.robot_controller - INFO - 运动到指定姿态完成
2025-09-30 14:37:06,291 - root - INFO - 速度比设置成功
2025-09-30 14:37:06,291 - controller.robot_controller - INFO - 速度比设置为 0.49
2025-09-30 14:37:08,311 - root - INFO - 关节运动完成
2025-09-30 14:37:08,312 - controller.robot_controller - INFO - 运动到指定姿态完成
2025-09-30 14:37:09,962 - root - INFO - 速度比设置成功
2025-09-30 14:37:09,962 - controller.robot_controller - INFO - 速度比设置为 0.49
2025-09-30 14:37:12,484 - root - INFO - 关节运动完成
2025-09-30 14:37:12,484 - controller.robot_controller - INFO - 运动到指定姿态完成
2025-09-30 14:37:14,128 - root - INFO - 速度比设置成功
2025-09-30 14:37:14,128 - controller.robot_controller - INFO - 速度比设置为 0.49
2025-09-30 14:37:16,149 - root - INFO - 关节运动完成
2025-09-30 14:37:16,149 - controller.robot_controller - INFO - 运动到指定姿态完成
2025-09-30 14:37:17,795 - root - INFO - 速度比设置成功
2025-09-30 14:37:17,795 - controller.robot_controller - INFO - 速度比设置为 0.49
2025-09-30 14:37:18,813 - root - INFO - 关节运动完成
2025-09-30 14:37:18,813 - controller.robot_controller - INFO - 运动到指定姿态完成
2025-09-30 14:37:20,458 - root - INFO - 速度比设置成功
2025-09-30 14:37:20,458 - controller.robot_controller - INFO - 速度比设置为 0.49
2025-09-30 14:37:21,475 - root - INFO - 关节运动完成
2025-09-30 14:37:21,475 - controller.robot_controller - INFO - 运动到指定姿态完成
2025-09-30 14:37:23,120 - root - INFO - 速度比设置成功
2025-09-30 14:37:23,121 - controller.robot_controller - INFO - 速度比设置为 0.49
2025-09-30 14:37:24,138 - root - INFO - 关节运动完成
2025-09-30 14:37:24,138 - controller.robot_controller - INFO - 运动到指定姿态完成
2025-09-30 14:37:25,772 - root - INFO - 速度比设置成功
2025-09-30 14:37:25,772 - controller.robot_controller - INFO - 速度比设置为 0.49
2025-09-30 14:37:27,291 - root - INFO - 关节运动完成
2025-09-30 14:37:27,291 - controller.robot_controller - INFO - 运动到指定姿态完成
2025-09-30 14:37:28,943 - root - INFO - 速度比设置成功
2025-09-30 14:37:28,943 - controller.robot_controller - INFO - 速度比设置为 0.49
2025-09-30 14:37:30,967 - root - INFO - 关节运动完成
2025-09-30 14:37:30,967 - controller.robot_controller - INFO - 运动到指定姿态完成
2025-09-30 14:37:32,601 - root - INFO - 速度比设置成功
2025-09-30 14:37:32,601 - controller.robot_controller - INFO - 速度比设置为 0.49
2025-09-30 14:37:35,127 - root - INFO - 关节运动完成
2025-09-30 14:37:35,127 - controller.robot_controller - INFO - 运动到指定姿态完成
2025-09-30 14:37:36,767 - root - INFO - 速度比设置成功
2025-09-30 14:37:36,767 - controller.robot_controller - INFO - 速度比设置为 0.49
2025-09-30 14:37:38,792 - root - INFO - 关节运动完成
2025-09-30 14:37:38,792 - controller.robot_controller - INFO - 运动到指定姿态完成
2025-09-30 14:37:40,438 - root - INFO - 速度比设置成功
2025-09-30 14:37:40,438 - controller.robot_controller - INFO - 速度比设置为 0.49
2025-09-30 14:37:41,957 - root - INFO - 关节运动完成
2025-09-30 14:37:41,957 - controller.robot_controller - INFO - 运动到指定姿态完成
2025-09-30 14:37:43,588 - root - INFO - 速度比设置成功
2025-09-30 14:37:43,589 - controller.robot_controller - INFO - 速度比设置为 0.49
2025-09-30 14:37:44,606 - root - INFO - 关节运动完成
2025-09-30 14:37:44,606 - controller.robot_controller - INFO - 运动到指定姿态完成
2025-09-30 14:37:46,255 - root - INFO - 速度比设置成功
2025-09-30 14:37:46,256 - controller.robot_controller - INFO - 速度比设置为 0.49
2025-09-30 14:37:47,275 - root - INFO - 关节运动完成
2025-09-30 14:37:47,276 - controller.robot_controller - INFO - 运动到指定姿态完成
2025-09-30 14:37:48,930 - root - INFO - 速度比设置成功
2025-09-30 14:37:48,930 - controller.robot_controller - INFO - 速度比设置为 0.49
2025-09-30 14:37:50,451 - root - INFO - 关节运动完成
2025-09-30 14:37:50,452 - controller.robot_controller - INFO - 运动到指定姿态完成
2025-09-30 14:37:52,085 - root - INFO - 速度比设置成功
2025-09-30 14:37:52,085 - controller.robot_controller - INFO - 速度比设置为 0.49
2025-09-30 14:37:54,105 - root - INFO - 关节运动完成
2025-09-30 14:37:54,106 - controller.robot_controller - INFO - 运动到指定姿态完成
2025-09-30 14:37:55,756 - root - INFO - 速度比设置成功
2025-09-30 14:37:55,756 - controller.robot_controller - INFO - 速度比设置为 0.49
2025-09-30 14:37:58,783 - root - INFO - 关节运动完成
2025-09-30 14:37:58,783 - controller.robot_controller - INFO - 运动到指定姿态完成
2025-09-30 14:38:00,442 - root - INFO - 速度比设置成功
2025-09-30 14:38:00,442 - controller.robot_controller - INFO - 速度比设置为 0.49
2025-09-30 14:38:02,963 - root - INFO - 关节运动完成
2025-09-30 14:38:02,964 - controller.robot_controller - INFO - 运动到指定姿态完成
2025-09-30 14:38:04,608 - root - INFO - 速度比设置成功
2025-09-30 14:38:04,608 - controller.robot_controller - INFO - 速度比设置为 0.49
2025-09-30 14:38:06,127 - root - INFO - 关节运动完成
2025-09-30 14:38:06,128 - controller.robot_controller - INFO - 运动到指定姿态完成
2025-09-30 14:38:07,767 - root - INFO - 速度比设置成功
2025-09-30 14:38:07,767 - controller.robot_controller - INFO - 速度比设置为 0.49
2025-09-30 14:38:08,790 - root - INFO - 关节运动完成
2025-09-30 14:38:08,790 - controller.robot_controller - INFO - 运动到指定姿态完成
2025-09-30 14:38:10,435 - root - INFO - 速度比设置成功
2025-09-30 14:38:10,435 - controller.robot_controller - INFO - 速度比设置为 0.49
2025-09-30 14:38:11,456 - root - INFO - 关节运动完成
2025-09-30 14:38:11,457 - controller.robot_controller - INFO - 运动到指定姿态完成
2025-09-30 14:38:13,101 - root - INFO - 速度比设置成功
2025-09-30 14:38:13,101 - controller.robot_controller - INFO - 速度比设置为 0.49
2025-09-30 14:38:14,620 - root - INFO - 关节运动完成
2025-09-30 14:38:14,620 - controller.robot_controller - INFO - 运动到指定姿态完成
2025-09-30 14:38:16,264 - root - INFO - 速度比设置成功
2025-09-30 14:38:16,264 - controller.robot_controller - INFO - 速度比设置为 0.49
2025-09-30 14:38:18,284 - root - INFO - 关节运动完成
2025-09-30 14:38:18,284 - controller.robot_controller - INFO - 运动到指定姿态完成
2025-09-30 14:38:19,938 - root - INFO - 速度比设置成功
2025-09-30 14:38:19,938 - controller.robot_controller - INFO - 速度比设置为 0.49
2025-09-30 14:38:22,459 - root - INFO - 关节运动完成
2025-09-30 14:38:22,460 - controller.robot_controller - INFO - 运动到指定姿态完成
2025-09-30 14:38:24,096 - root - INFO - 速度比设置成功
2025-09-30 14:38:24,097 - controller.robot_controller - INFO - 速度比设置为 0.49
2025-09-30 14:38:26,618 - root - INFO - 关节运动完成
2025-09-30 14:38:26,618 - controller.robot_controller - INFO - 运动到指定姿态完成
2025-09-30 14:38:28,267 - root - INFO - 速度比设置成功
2025-09-30 14:38:28,267 - controller.robot_controller - INFO - 速度比设置为 0.49
2025-09-30 14:38:29,786 - root - INFO - 关节运动完成
2025-09-30 14:38:29,786 - controller.robot_controller - INFO - 运动到指定姿态完成
2025-09-30 14:38:31,429 - root - INFO - 速度比设置成功
2025-09-30 14:38:31,430 - controller.robot_controller - INFO - 速度比设置为 0.49
2025-09-30 14:38:32,453 - root - INFO - 关节运动完成
2025-09-30 14:38:32,454 - controller.robot_controller - INFO - 运动到指定姿态完成
2025-09-30 14:38:34,088 - root - INFO - 速度比设置成功
2025-09-30 14:38:34,088 - controller.robot_controller - INFO - 速度比设置为 0.49
2025-09-30 14:38:35,608 - root - INFO - 关节运动完成
2025-09-30 14:38:35,609 - controller.robot_controller - INFO - 运动到指定姿态完成
2025-09-30 14:38:37,255 - root - INFO - 速度比设置成功
2025-09-30 14:38:37,255 - controller.robot_controller - INFO - 速度比设置为 0.49
2025-09-30 14:38:38,773 - root - INFO - 关节运动完成
2025-09-30 14:38:38,773 - controller.robot_controller - INFO - 运动到指定姿态完成
2025-09-30 14:38:40,410 - root - INFO - 速度比设置成功
2025-09-30 14:38:40,410 - controller.robot_controller - INFO - 速度比设置为 0.49
2025-09-30 14:38:41,938 - root - INFO - 关节运动完成
2025-09-30 14:38:41,939 - controller.robot_controller - INFO - 运动到指定姿态完成
2025-09-30 14:38:43,573 - root - INFO - 速度比设置成功
2025-09-30 14:38:43,573 - controller.robot_controller - INFO - 速度比设置为 0.49
2025-09-30 14:38:46,094 - root - INFO - 关节运动完成
2025-09-30 14:38:46,094 - controller.robot_controller - INFO - 运动到指定姿态完成
2025-09-30 14:38:47,743 - root - INFO - 速度比设置成功
2025-09-30 14:38:47,743 - controller.robot_controller - INFO - 速度比设置为 0.49
2025-09-30 14:38:50,264 - root - INFO - 关节运动完成
2025-09-30 14:38:50,264 - controller.robot_controller - INFO - 运动到指定姿态完成
2025-09-30 14:38:51,897 - root - INFO - 速度比设置成功
2025-09-30 14:38:51,897 - controller.robot_controller - INFO - 速度比设置为 0.49
2025-09-30 14:38:54,920 - root - INFO - 关节运动完成
2025-09-30 14:38:54,921 - controller.robot_controller - INFO - 运动到指定姿态完成
2025-09-30 14:38:56,563 - root - INFO - 速度比设置成功
2025-09-30 14:38:56,563 - controller.robot_controller - INFO - 速度比设置为 0.49
2025-09-30 14:38:57,581 - root - INFO - 关节运动完成
2025-09-30 14:38:57,581 - controller.robot_controller - INFO - 运动到指定姿态完成
2025-09-30 14:38:59,226 - root - INFO - 速度比设置成功
2025-09-30 14:38:59,226 - controller.robot_controller - INFO - 速度比设置为 0.49
2025-09-30 14:39:00,749 - root - INFO - 关节运动完成
2025-09-30 14:39:00,750 - controller.robot_controller - INFO - 运动到指定姿态完成
2025-09-30 14:39:02,385 - root - INFO - 速度比设置成功
2025-09-30 14:39:02,385 - controller.robot_controller - INFO - 速度比设置为 0.49
2025-09-30 14:39:03,904 - root - INFO - 关节运动完成
2025-09-30 14:39:03,904 - controller.robot_controller - INFO - 运动到指定姿态完成
2025-09-30 14:39:05,552 - root - INFO - 速度比设置成功
2025-09-30 14:39:05,552 - controller.robot_controller - INFO - 速度比设置为 0.49
2025-09-30 14:39:07,572 - root - INFO - 关节运动完成
2025-09-30 14:39:07,573 - controller.robot_controller - INFO - 运动到指定姿态完成
2025-09-30 14:39:09,226 - root - INFO - 速度比设置成功
2025-09-30 14:39:09,227 - controller.robot_controller - INFO - 速度比设置为 0.49
2025-09-30 14:39:12,260 - root - INFO - 关节运动完成
2025-09-30 14:39:12,261 - controller.robot_controller - INFO - 运动到指定姿态完成
2025-09-30 14:39:13,904 - root - INFO - 速度比设置成功
2025-09-30 14:39:13,905 - controller.robot_controller - INFO - 速度比设置为 0.49
2025-09-30 14:39:16,427 - root - INFO - 关节运动完成
2025-09-30 14:39:16,427 - controller.robot_controller - INFO - 运动到指定姿态完成
2025-09-30 14:39:18,067 - root - INFO - 速度比设置成功
2025-09-30 14:39:18,067 - controller.robot_controller - INFO - 速度比设置为 0.49
2025-09-30 14:39:19,088 - root - INFO - 关节运动完成
2025-09-30 14:39:19,089 - controller.robot_controller - INFO - 运动到指定姿态完成
2025-09-30 14:39:20,738 - root - INFO - 速度比设置成功
2025-09-30 14:39:20,738 - controller.robot_controller - INFO - 速度比设置为 0.49
2025-09-30 14:39:21,759 - root - INFO - 关节运动完成
2025-09-30 14:39:21,760 - controller.robot_controller - INFO - 运动到指定姿态完成
2025-09-30 14:39:23,393 - root - INFO - 速度比设置成功
2025-09-30 14:39:23,393 - controller.robot_controller - INFO - 速度比设置为 0.49
2025-09-30 14:39:24,411 - root - INFO - 关节运动完成
2025-09-30 14:39:24,411 - controller.robot_controller - INFO - 运动到指定姿态完成
2025-09-30 14:39:26,056 - root - INFO - 速度比设置成功
2025-09-30 14:39:26,056 - controller.robot_controller - INFO - 速度比设置为 0.49
2025-09-30 14:39:27,576 - root - INFO - 关节运动完成
2025-09-30 14:39:27,576 - controller.robot_controller - INFO - 运动到指定姿态完成
2025-09-30 14:39:29,222 - root - INFO - 速度比设置成功
2025-09-30 14:39:29,223 - controller.robot_controller - INFO - 速度比设置为 0.49
2025-09-30 14:39:31,242 - root - INFO - 关节运动完成
2025-09-30 14:39:31,243 - controller.robot_controller - INFO - 运动到指定姿态完成
2025-09-30 14:39:32,881 - root - INFO - 速度比设置成功
2025-09-30 14:39:32,881 - controller.robot_controller - INFO - 速度比设置为 0.49
2025-09-30 14:39:35,904 - root - INFO - 关节运动完成
2025-09-30 14:39:35,905 - controller.robot_controller - INFO - 运动到指定姿态完成
2025-09-30 14:39:37,563 - root - INFO - 速度比设置成功
2025-09-30 14:39:37,563 - controller.robot_controller - INFO - 速度比设置为 0.49
2025-09-30 14:39:39,583 - root - INFO - 关节运动完成
2025-09-30 14:39:39,583 - controller.robot_controller - INFO - 运动到指定姿态完成
2025-09-30 14:39:41,229 - root - INFO - 速度比设置成功
2025-09-30 14:39:41,229 - controller.robot_controller - INFO - 速度比设置为 0.49
2025-09-30 14:39:42,247 - root - INFO - 关节运动完成
2025-09-30 14:39:42,247 - controller.robot_controller - INFO - 运动到指定姿态完成
2025-09-30 14:39:43,880 - root - INFO - 速度比设置成功
2025-09-30 14:39:43,880 - controller.robot_controller - INFO - 速度比设置为 0.49
2025-09-30 14:39:44,898 - root - INFO - 关节运动完成
2025-09-30 14:39:44,899 - controller.robot_controller - INFO - 运动到指定姿态完成
2025-09-30 14:39:46,547 - root - INFO - 速度比设置成功
2025-09-30 14:39:46,547 - controller.robot_controller - INFO - 速度比设置为 0.49
2025-09-30 14:39:47,565 - root - INFO - 关节运动完成
2025-09-30 14:39:47,565 - controller.robot_controller - INFO - 运动到指定姿态完成
2025-09-30 14:39:49,210 - root - INFO - 速度比设置成功
2025-09-30 14:39:49,210 - controller.robot_controller - INFO - 速度比设置为 0.49
2025-09-30 14:39:50,729 - root - INFO - 关节运动完成
2025-09-30 14:39:50,729 - controller.robot_controller - INFO - 运动到指定姿态完成
2025-09-30 14:39:52,365 - root - INFO - 速度比设置成功
2025-09-30 14:39:52,365 - controller.robot_controller - INFO - 速度比设置为 0.49
2025-09-30 14:39:54,385 - root - INFO - 关节运动完成
2025-09-30 14:39:54,385 - controller.robot_controller - INFO - 运动到指定姿态完成
2025-09-30 14:39:56,035 - root - INFO - 速度比设置成功
2025-09-30 14:39:56,036 - controller.robot_controller - INFO - 速度比设置为 0.49
2025-09-30 14:39:58,558 - root - INFO - 关节运动完成
2025-09-30 14:39:58,558 - controller.robot_controller - INFO - 运动到指定姿态完成
2025-09-30 14:40:00,202 - root - INFO - 速度比设置成功
2025-09-30 14:40:00,202 - controller.robot_controller - INFO - 速度比设置为 0.49
2025-09-30 14:40:02,724 - root - INFO - 关节运动完成
2025-09-30 14:40:02,724 - controller.robot_controller - INFO - 运动到指定姿态完成
2025-09-30 14:40:04,364 - root - INFO - 速度比设置成功
2025-09-30 14:40:04,364 - controller.robot_controller - INFO - 速度比设置为 0.49
2025-09-30 14:40:06,386 - root - INFO - 关节运动完成
2025-09-30 14:40:06,386 - controller.robot_controller - INFO - 运动到指定姿态完成
2025-09-30 14:40:08,031 - root - INFO - 速度比设置成功
2025-09-30 14:40:08,031 - controller.robot_controller - INFO - 速度比设置为 0.49
2025-09-30 14:40:09,052 - root - INFO - 关节运动完成
2025-09-30 14:40:09,052 - controller.robot_controller - INFO - 运动到指定姿态完成
2025-09-30 14:40:10,686 - root - INFO - 速度比设置成功
2025-09-30 14:40:10,686 - controller.robot_controller - INFO - 速度比设置为 0.49
2025-09-30 14:40:12,205 - root - INFO - 关节运动完成
2025-09-30 14:40:12,205 - controller.robot_controller - INFO - 运动到指定姿态完成
2025-09-30 14:40:13,848 - root - INFO - 速度比设置成功
2025-09-30 14:40:13,848 - controller.robot_controller - INFO - 速度比设置为 0.49
2025-09-30 14:40:15,368 - root - INFO - 关节运动完成
2025-09-30 14:40:15,368 - controller.robot_controller - INFO - 运动到指定姿态完成
2025-09-30 14:40:17,023 - root - INFO - 速度比设置成功
2025-09-30 14:40:17,023 - controller.robot_controller - INFO - 速度比设置为 0.49
2025-09-30 14:40:19,544 - root - INFO - 关节运动完成
2025-09-30 14:40:19,545 - controller.robot_controller - INFO - 运动到指定姿态完成
2025-09-30 14:40:21,189 - root - INFO - 速度比设置成功
2025-09-30 14:40:21,189 - controller.robot_controller - INFO - 速度比设置为 0.49
2025-09-30 14:40:24,714 - root - INFO - 关节运动完成
2025-09-30 14:40:24,715 - controller.robot_controller - INFO - 运动到指定姿态完成
2025-09-30 14:40:26,363 - root - INFO - 速度比设置成功
2025-09-30 14:40:26,364 - controller.robot_controller - INFO - 速度比设置为 0.49
2025-09-30 14:40:29,386 - root - INFO - 关节运动完成
2025-09-30 14:40:29,386 - controller.robot_controller - INFO - 运动到指定姿态完成
2025-09-30 14:40:31,029 - root - INFO - 速度比设置成功
2025-09-30 14:40:31,030 - controller.robot_controller - INFO - 速度比设置为 0.49
2025-09-30 14:40:32,047 - root - INFO - 关节运动完成
2025-09-30 14:40:32,047 - controller.robot_controller - INFO - 运动到指定姿态完成
2025-09-30 14:40:33,684 - root - INFO - 速度比设置成功
2025-09-30 14:40:33,684 - controller.robot_controller - INFO - 速度比设置为 0.49
2025-09-30 14:40:34,702 - root - INFO - 关节运动完成
2025-09-30 14:40:34,703 - controller.robot_controller - INFO - 运动到指定姿态完成
2025-09-30 14:40:36,347 - root - INFO - 速度比设置成功
2025-09-30 14:40:36,347 - controller.robot_controller - INFO - 速度比设置为 0.49
2025-09-30 14:40:37,866 - root - INFO - 关节运动完成
2025-09-30 14:40:37,866 - controller.robot_controller - INFO - 运动到指定姿态完成
2025-09-30 14:40:39,510 - root - INFO - 速度比设置成功
2025-09-30 14:40:39,510 - controller.robot_controller - INFO - 速度比设置为 0.49
2025-09-30 14:40:41,029 - root - INFO - 关节运动完成
2025-09-30 14:40:41,029 - controller.robot_controller - INFO - 运动到指定姿态完成
2025-09-30 14:40:42,665 - root - INFO - 速度比设置成功
2025-09-30 14:40:42,665 - controller.robot_controller - INFO - 速度比设置为 0.49
2025-09-30 14:40:44,686 - root - INFO - 关节运动完成
2025-09-30 14:40:44,686 - controller.robot_controller - INFO - 运动到指定姿态完成
2025-09-30 14:40:46,331 - root - INFO - 速度比设置成功
2025-09-30 14:40:46,331 - controller.robot_controller - INFO - 速度比设置为 0.49
2025-09-30 14:40:49,354 - root - INFO - 关节运动完成
2025-09-30 14:40:49,355 - controller.robot_controller - INFO - 运动到指定姿态完成
2025-09-30 14:40:50,989 - root - INFO - 速度比设置成功
2025-09-30 14:40:50,989 - controller.robot_controller - INFO - 速度比设置为 0.49
2025-09-30 14:40:53,511 - root - INFO - 关节运动完成
2025-09-30 14:40:53,511 - controller.robot_controller - INFO - 运动到指定姿态完成
2025-09-30 14:40:55,156 - root - INFO - 速度比设置成功
2025-09-30 14:40:55,156 - controller.robot_controller - INFO - 速度比设置为 0.49
2025-09-30 14:40:56,174 - root - INFO - 关节运动完成
2025-09-30 14:40:56,174 - controller.robot_controller - INFO - 运动到指定姿态完成
2025-09-30 14:40:57,810 - root - INFO - 速度比设置成功
2025-09-30 14:40:57,811 - controller.robot_controller - INFO - 速度比设置为 0.49
2025-09-30 14:40:58,828 - root - INFO - 关节运动完成
2025-09-30 14:40:58,829 - controller.robot_controller - INFO - 运动到指定姿态完成
2025-09-30 14:41:00,480 - root - INFO - 速度比设置成功
2025-09-30 14:41:00,480 - controller.robot_controller - INFO - 速度比设置为 0.49
2025-09-30 14:41:01,500 - root - INFO - 关节运动完成
2025-09-30 14:41:01,500 - controller.robot_controller - INFO - 运动到指定姿态完成
2025-09-30 14:41:03,161 - root - INFO - 速度比设置成功
2025-09-30 14:41:03,161 - controller.robot_controller - INFO - 速度比设置为 0.49
2025-09-30 14:41:04,683 - root - INFO - 关节运动完成
2025-09-30 14:41:04,683 - controller.robot_controller - INFO - 运动到指定姿态完成
2025-09-30 14:41:06,331 - root - INFO - 速度比设置成功
2025-09-30 14:41:06,331 - controller.robot_controller - INFO - 速度比设置为 0.49
2025-09-30 14:41:08,350 - root - INFO - 关节运动完成
2025-09-30 14:41:08,350 - controller.robot_controller - INFO - 运动到指定姿态完成
2025-09-30 14:41:09,985 - root - INFO - 速度比设置成功
2025-09-30 14:41:09,986 - controller.robot_controller - INFO - 速度比设置为 0.49
2025-09-30 14:41:12,507 - root - INFO - 关节运动完成
2025-09-30 14:41:12,508 - controller.robot_controller - INFO - 运动到指定姿态完成
2025-09-30 14:41:14,164 - root - INFO - 速度比设置成功
2025-09-30 14:41:14,164 - controller.robot_controller - INFO - 速度比设置为 0.49
2025-09-30 14:41:16,184 - root - INFO - 关节运动完成
2025-09-30 14:41:16,184 - controller.robot_controller - INFO - 运动到指定姿态完成
2025-09-30 14:41:17,826 - root - INFO - 速度比设置成功
2025-09-30 14:41:17,826 - controller.robot_controller - INFO - 速度比设置为 0.49
2025-09-30 14:41:19,350 - root - INFO - 关节运动完成
2025-09-30 14:41:19,350 - controller.robot_controller - INFO - 运动到指定姿态完成
2025-09-30 14:41:20,985 - root - INFO - 速度比设置成功
2025-09-30 14:41:20,985 - controller.robot_controller - INFO - 速度比设置为 0.49
2025-09-30 14:41:22,003 - root - INFO - 关节运动完成
2025-09-30 14:41:22,003 - controller.robot_controller - INFO - 运动到指定姿态完成
2025-09-30 14:41:23,648 - root - INFO - 速度比设置成功
2025-09-30 14:41:23,648 - controller.robot_controller - INFO - 速度比设置为 0.49
2025-09-30 14:41:25,167 - root - INFO - 关节运动完成
2025-09-30 14:41:25,167 - controller.robot_controller - INFO - 运动到指定姿态完成
2025-09-30 14:41:26,823 - root - INFO - 速度比设置成功
2025-09-30 14:41:26,823 - controller.robot_controller - INFO - 速度比设置为 0.49
2025-09-30 14:41:28,341 - root - INFO - 关节运动完成
2025-09-30 14:41:28,341 - controller.robot_controller - INFO - 运动到指定姿态完成
2025-09-30 14:41:29,978 - root - INFO - 速度比设置成功
2025-09-30 14:41:29,978 - controller.robot_controller - INFO - 速度比设置为 0.49
2025-09-30 14:41:32,002 - root - INFO - 关节运动完成
2025-09-30 14:41:32,003 - controller.robot_controller - INFO - 运动到指定姿态完成
2025-09-30 14:41:33,656 - root - INFO - 速度比设置成功
2025-09-30 14:41:33,656 - controller.robot_controller - INFO - 速度比设置为 0.49
2025-09-30 14:41:36,679 - root - INFO - 关节运动完成
2025-09-30 14:41:36,679 - controller.robot_controller - INFO - 运动到指定姿态完成
2025-09-30 14:41:38,322 - root - INFO - 速度比设置成功
2025-09-30 14:41:38,322 - controller.robot_controller - INFO - 速度比设置为 0.49
2025-09-30 14:41:38,325 - controller.robot_controller - ERROR - 运动到指定姿态失败: 逆运动学解算失败: 运动学逆解失败，错误码: 20031
2025-09-30 14:41:39,965 - root - INFO - 速度比设置成功
2025-09-30 14:41:39,965 - controller.robot_controller - INFO - 速度比设置为 0.49
2025-09-30 14:41:42,487 - root - INFO - 关节运动完成
2025-09-30 14:41:42,487 - controller.robot_controller - INFO - 运动到指定姿态完成
2025-09-30 14:41:44,140 - root - INFO - 速度比设置成功
2025-09-30 14:41:44,140 - controller.robot_controller - INFO - 速度比设置为 0.49
2025-09-30 14:41:45,157 - root - INFO - 关节运动完成
2025-09-30 14:41:45,157 - controller.robot_controller - INFO - 运动到指定姿态完成
2025-09-30 14:41:46,790 - root - INFO - 速度比设置成功
2025-09-30 14:41:46,790 - controller.robot_controller - INFO - 速度比设置为 0.49
2025-09-30 14:41:48,310 - root - INFO - 关节运动完成
2025-09-30 14:41:48,310 - controller.robot_controller - INFO - 运动到指定姿态完成
2025-09-30 14:41:49,965 - root - INFO - 速度比设置成功
2025-09-30 14:41:49,965 - controller.robot_controller - INFO - 速度比设置为 0.49
2025-09-30 14:41:51,485 - root - INFO - 关节运动完成
2025-09-30 14:41:51,485 - controller.robot_controller - INFO - 运动到指定姿态完成
2025-09-30 14:41:53,132 - root - INFO - 速度比设置成功
2025-09-30 14:41:53,132 - controller.robot_controller - INFO - 速度比设置为 0.49
2025-09-30 14:41:55,151 - root - INFO - 关节运动完成
2025-09-30 14:41:55,151 - controller.robot_controller - INFO - 运动到指定姿态完成
2025-09-30 14:41:56,794 - root - INFO - 速度比设置成功
2025-09-30 14:41:56,795 - controller.robot_controller - INFO - 速度比设置为 0.49
2025-09-30 14:41:59,316 - root - INFO - 关节运动完成
2025-09-30 14:41:59,316 - controller.robot_controller - INFO - 运动到指定姿态完成
2025-09-30 14:42:00,961 - root - INFO - 速度比设置成功
2025-09-30 14:42:00,961 - controller.robot_controller - INFO - 速度比设置为 0.49
2025-09-30 14:42:00,964 - controller.robot_controller - ERROR - 运动到指定姿态失败: 逆运动学解算失败: 运动学逆解失败，错误码: 20031
2025-09-30 14:42:02,608 - root - INFO - 速度比设置成功
2025-09-30 14:42:02,608 - controller.robot_controller - INFO - 速度比设置为 0.49
2025-09-30 14:42:04,628 - root - INFO - 关节运动完成
2025-09-30 14:42:04,629 - controller.robot_controller - INFO - 运动到指定姿态完成
2025-09-30 14:42:06,274 - root - INFO - 速度比设置成功
2025-09-30 14:42:06,274 - controller.robot_controller - INFO - 速度比设置为 0.49
2025-09-30 14:42:07,292 - root - INFO - 关节运动完成
2025-09-30 14:42:07,292 - controller.robot_controller - INFO - 运动到指定姿态完成
2025-09-30 14:42:08,938 - root - INFO - 速度比设置成功
2025-09-30 14:42:08,938 - controller.robot_controller - INFO - 速度比设置为 0.49
2025-09-30 14:42:10,458 - root - INFO - 关节运动完成
2025-09-30 14:42:10,458 - controller.robot_controller - INFO - 运动到指定姿态完成
2025-09-30 14:42:12,092 - root - INFO - 速度比设置成功
2025-09-30 14:42:12,092 - controller.robot_controller - INFO - 速度比设置为 0.49
2025-09-30 14:42:13,617 - root - INFO - 关节运动完成
2025-09-30 14:42:13,617 - controller.robot_controller - INFO - 运动到指定姿态完成
2025-09-30 14:42:15,267 - root - INFO - 速度比设置成功
2025-09-30 14:42:15,267 - controller.robot_controller - INFO - 速度比设置为 0.49
2025-09-30 14:42:16,788 - root - INFO - 关节运动完成
2025-09-30 14:42:16,788 - controller.robot_controller - INFO - 运动到指定姿态完成
2025-09-30 14:42:18,446 - root - INFO - 速度比设置成功
2025-09-30 14:42:18,446 - controller.robot_controller - INFO - 速度比设置为 0.49
2025-09-30 14:42:21,468 - root - INFO - 关节运动完成
2025-09-30 14:42:21,468 - controller.robot_controller - INFO - 运动到指定姿态完成
2025-09-30 14:42:23,127 - root - INFO - 速度比设置成功
2025-09-30 14:42:23,128 - controller.robot_controller - INFO - 速度比设置为 0.49
2025-09-30 14:42:23,130 - controller.robot_controller - ERROR - 运动到指定姿态失败: 逆运动学解算失败: 运动学逆解失败，错误码: 20031
2025-09-30 14:42:24,771 - root - INFO - 速度比设置成功
2025-09-30 14:42:24,771 - controller.robot_controller - INFO - 速度比设置为 0.49
2025-09-30 14:42:25,788 - root - INFO - 关节运动完成
2025-09-30 14:42:25,788 - controller.robot_controller - INFO - 运动到指定姿态完成
2025-09-30 14:42:27,442 - root - INFO - 速度比设置成功
2025-09-30 14:42:27,442 - controller.robot_controller - INFO - 速度比设置为 0.49
2025-09-30 14:42:27,444 - controller.robot_controller - ERROR - 运动到指定姿态失败: 关节运动执行失败: 机器人错误 -1: 机器人未使能，无法执行运动
2025-09-30 14:42:29,089 - root - INFO - 速度比设置成功
2025-09-30 14:42:29,089 - controller.robot_controller - INFO - 速度比设置为 0.49
2025-09-30 14:42:29,091 - controller.robot_controller - ERROR - 运动到指定姿态失败: 关节运动执行失败: 机器人错误 -1: 机器人未使能，无法执行运动
2025-09-30 14:42:30,748 - root - INFO - 速度比设置成功
2025-09-30 14:42:30,748 - controller.robot_controller - INFO - 速度比设置为 0.49
2025-09-30 14:42:30,750 - controller.robot_controller - ERROR - 运动到指定姿态失败: 关节运动执行失败: 机器人错误 -1: 机器人未使能，无法执行运动
2025-09-30 14:42:32,392 - root - INFO - 速度比设置成功
2025-09-30 14:42:32,392 - controller.robot_controller - INFO - 速度比设置为 0.49
2025-09-30 14:42:32,393 - controller.robot_controller - ERROR - 运动到指定姿态失败: 关节运动执行失败: 机器人错误 -1: 机器人未使能，无法执行运动
2025-09-30 14:42:34,043 - root - INFO - 速度比设置成功
2025-09-30 14:42:34,043 - controller.robot_controller - INFO - 速度比设置为 0.49
2025-09-30 14:42:34,045 - controller.robot_controller - ERROR - 运动到指定姿态失败: 关节运动执行失败: 机器人错误 -1: 机器人未使能，无法执行运动
2025-09-30 14:42:35,686 - root - INFO - 速度比设置成功
2025-09-30 14:42:35,686 - controller.robot_controller - INFO - 速度比设置为 0.49
2025-09-30 14:42:35,688 - controller.robot_controller - ERROR - 运动到指定姿态失败: 关节运动执行失败: 机器人错误 -1: 机器人未使能，无法执行运动
2025-09-30 14:42:37,342 - root - INFO - 速度比设置成功
2025-09-30 14:42:37,342 - controller.robot_controller - INFO - 速度比设置为 0.49
2025-09-30 14:42:37,344 - controller.robot_controller - ERROR - 运动到指定姿态失败: 关节运动执行失败: 机器人错误 -1: 机器人未使能，无法执行运动
2025-09-30 14:42:38,977 - root - INFO - 速度比设置成功
2025-09-30 14:42:38,977 - controller.robot_controller - INFO - 速度比设置为 0.49
2025-09-30 14:42:38,979 - controller.robot_controller - ERROR - 运动到指定姿态失败: 关节运动执行失败: 机器人错误 -1: 机器人未使能，无法执行运动
2025-09-30 14:42:40,620 - root - INFO - 速度比设置成功
2025-09-30 14:42:40,620 - controller.robot_controller - INFO - 速度比设置为 0.49
2025-09-30 14:42:40,622 - controller.robot_controller - ERROR - 运动到指定姿态失败: 关节运动执行失败: 机器人错误 -1: 机器人未使能，无法执行运动
2025-09-30 14:42:42,268 - root - INFO - 速度比设置成功
2025-09-30 14:42:42,268 - controller.robot_controller - INFO - 速度比设置为 0.49
2025-09-30 14:42:42,269 - controller.robot_controller - ERROR - 运动到指定姿态失败: 关节运动执行失败: 机器人错误 -1: 机器人未使能，无法执行运动
2025-09-30 14:42:43,923 - root - INFO - 速度比设置成功
2025-09-30 14:42:43,923 - controller.robot_controller - INFO - 速度比设置为 0.49
2025-09-30 14:42:43,925 - controller.robot_controller - ERROR - 运动到指定姿态失败: 关节运动执行失败: 机器人错误 -1: 机器人未使能，无法执行运动
2025-09-30 14:42:45,566 - root - INFO - 速度比设置成功
2025-09-30 14:42:45,566 - controller.robot_controller - INFO - 速度比设置为 0.49
2025-09-30 14:42:45,568 - controller.robot_controller - ERROR - 运动到指定姿态失败: 关节运动执行失败: 机器人错误 -1: 机器人未使能，无法执行运动
2025-09-30 14:42:47,222 - root - INFO - 速度比设置成功
2025-09-30 14:42:47,222 - controller.robot_controller - INFO - 速度比设置为 0.49
2025-09-30 14:42:47,223 - controller.robot_controller - ERROR - 运动到指定姿态失败: 关节运动执行失败: 机器人错误 -1: 机器人未使能，无法执行运动
2025-09-30 14:42:48,865 - root - INFO - 速度比设置成功
2025-09-30 14:42:48,865 - controller.robot_controller - INFO - 速度比设置为 0.49
2025-09-30 14:42:48,867 - controller.robot_controller - ERROR - 运动到指定姿态失败: 关节运动执行失败: 机器人错误 -1: 机器人未使能，无法执行运动
2025-09-30 14:42:50,508 - root - INFO - 速度比设置成功
2025-09-30 14:42:50,508 - controller.robot_controller - INFO - 速度比设置为 0.49
2025-09-30 14:42:50,510 - controller.robot_controller - ERROR - 运动到指定姿态失败: 关节运动执行失败: 机器人错误 -1: 机器人未使能，无法执行运动
2025-09-30 14:42:52,152 - root - INFO - 速度比设置成功
2025-09-30 14:42:52,152 - controller.robot_controller - INFO - 速度比设置为 0.49
2025-09-30 14:42:52,153 - controller.robot_controller - ERROR - 运动到指定姿态失败: 关节运动执行失败: 机器人错误 -1: 机器人未使能，无法执行运动
2025-09-30 14:42:53,795 - root - INFO - 速度比设置成功
2025-09-30 14:42:53,795 - controller.robot_controller - INFO - 速度比设置为 0.49
2025-09-30 14:42:53,797 - controller.robot_controller - ERROR - 运动到指定姿态失败: 关节运动执行失败: 机器人错误 -1: 机器人未使能，无法执行运动
2025-09-30 14:42:55,438 - root - INFO - 速度比设置成功
2025-09-30 14:42:55,438 - controller.robot_controller - INFO - 速度比设置为 0.49
2025-09-30 14:42:55,440 - controller.robot_controller - ERROR - 运动到指定姿态失败: 关节运动执行失败: 机器人错误 -1: 机器人未使能，无法执行运动
2025-09-30 14:42:57,082 - root - INFO - 速度比设置成功
2025-09-30 14:42:57,082 - controller.robot_controller - INFO - 速度比设置为 0.49
2025-09-30 14:42:57,083 - controller.robot_controller - ERROR - 运动到指定姿态失败: 关节运动执行失败: 机器人错误 -1: 机器人未使能，无法执行运动
2025-09-30 14:42:58,733 - root - INFO - 速度比设置成功
2025-09-30 14:42:58,733 - controller.robot_controller - INFO - 速度比设置为 0.49
2025-09-30 14:42:58,734 - controller.robot_controller - ERROR - 运动到指定姿态失败: 关节运动执行失败: 机器人错误 -1: 机器人未使能，无法执行运动
2025-09-30 14:43:00,376 - root - INFO - 速度比设置成功
2025-09-30 14:43:00,376 - controller.robot_controller - INFO - 速度比设置为 0.49
2025-09-30 14:43:00,378 - controller.robot_controller - ERROR - 运动到指定姿态失败: 关节运动执行失败: 机器人错误 -1: 机器人未使能，无法执行运动
2025-09-30 14:43:02,032 - root - INFO - 速度比设置成功
2025-09-30 14:43:02,032 - controller.robot_controller - INFO - 速度比设置为 0.49
2025-09-30 14:43:02,033 - controller.robot_controller - ERROR - 运动到指定姿态失败: 关节运动执行失败: 机器人错误 -1: 机器人未使能，无法执行运动
2025-09-30 14:43:03,675 - root - INFO - 速度比设置成功
2025-09-30 14:43:03,675 - controller.robot_controller - INFO - 速度比设置为 0.49
2025-09-30 14:43:03,676 - controller.robot_controller - ERROR - 运动到指定姿态失败: 关节运动执行失败: 机器人错误 -1: 机器人未使能，无法执行运动
2025-09-30 14:43:05,330 - root - INFO - 速度比设置成功
2025-09-30 14:43:05,330 - controller.robot_controller - INFO - 速度比设置为 0.49
2025-09-30 14:43:05,332 - controller.robot_controller - ERROR - 运动到指定姿态失败: 关节运动执行失败: 机器人错误 -1: 机器人未使能，无法执行运动
2025-09-30 14:43:06,974 - root - INFO - 速度比设置成功
2025-09-30 14:43:06,974 - controller.robot_controller - INFO - 速度比设置为 0.49
2025-09-30 14:43:06,975 - controller.robot_controller - ERROR - 运动到指定姿态失败: 关节运动执行失败: 机器人错误 -1: 机器人未使能，无法执行运动
2025-09-30 14:43:08,629 - root - INFO - 速度比设置成功
2025-09-30 14:43:08,629 - controller.robot_controller - INFO - 速度比设置为 0.49
2025-09-30 14:43:08,630 - controller.robot_controller - ERROR - 运动到指定姿态失败: 关节运动执行失败: 机器人错误 -1: 机器人未使能，无法执行运动
2025-09-30 14:43:10,272 - root - INFO - 速度比设置成功
2025-09-30 14:43:10,272 - controller.robot_controller - INFO - 速度比设置为 0.49
2025-09-30 14:43:10,274 - controller.robot_controller - ERROR - 运动到指定姿态失败: 关节运动执行失败: 机器人错误 -1: 机器人未使能，无法执行运动
2025-09-30 14:43:11,927 - root - INFO - 速度比设置成功
2025-09-30 14:43:11,928 - controller.robot_controller - INFO - 速度比设置为 0.49
2025-09-30 14:43:11,929 - controller.robot_controller - ERROR - 运动到指定姿态失败: 关节运动执行失败: 机器人错误 -1: 机器人未使能，无法执行运动
2025-09-30 14:43:13,567 - root - INFO - 速度比设置成功
2025-09-30 14:43:13,567 - controller.robot_controller - INFO - 速度比设置为 0.49
2025-09-30 14:43:13,569 - controller.robot_controller - ERROR - 运动到指定姿态失败: 关节运动执行失败: 机器人错误 -1: 机器人未使能，无法执行运动
2025-09-30 14:43:15,222 - root - INFO - 速度比设置成功
2025-09-30 14:43:15,222 - controller.robot_controller - INFO - 速度比设置为 0.49
2025-09-30 14:43:15,224 - controller.robot_controller - ERROR - 运动到指定姿态失败: 关节运动执行失败: 机器人错误 -1: 机器人未使能，无法执行运动
2025-09-30 14:43:16,866 - root - INFO - 速度比设置成功
2025-09-30 14:43:16,866 - controller.robot_controller - INFO - 速度比设置为 0.49
2025-09-30 14:43:16,867 - controller.robot_controller - ERROR - 运动到指定姿态失败: 关节运动执行失败: 机器人错误 -1: 机器人未使能，无法执行运动
2025-09-30 14:43:18,509 - root - INFO - 速度比设置成功
2025-09-30 14:43:18,509 - controller.robot_controller - INFO - 速度比设置为 0.49
2025-09-30 14:43:18,512 - controller.robot_controller - ERROR - 运动到指定姿态失败: 关节运动执行失败: 机器人错误 -1: 机器人未使能，无法执行运动
2025-09-30 14:43:20,164 - root - INFO - 速度比设置成功
2025-09-30 14:43:20,164 - controller.robot_controller - INFO - 速度比设置为 0.49
2025-09-30 14:43:20,166 - controller.robot_controller - ERROR - 运动到指定姿态失败: 关节运动执行失败: 机器人错误 -1: 机器人未使能，无法执行运动
2025-09-30 14:43:21,799 - root - INFO - 速度比设置成功
2025-09-30 14:43:21,799 - controller.robot_controller - INFO - 速度比设置为 0.49
2025-09-30 14:43:21,801 - controller.robot_controller - ERROR - 运动到指定姿态失败: 关节运动执行失败: 机器人错误 -1: 机器人未使能，无法执行运动
2025-09-30 14:43:23,443 - root - INFO - 速度比设置成功
2025-09-30 14:43:23,443 - controller.robot_controller - INFO - 速度比设置为 0.49
2025-09-30 14:43:23,444 - controller.robot_controller - ERROR - 运动到指定姿态失败: 关节运动执行失败: 机器人错误 -1: 机器人未使能，无法执行运动
2025-09-30 14:43:25,086 - root - INFO - 速度比设置成功
2025-09-30 14:43:25,086 - controller.robot_controller - INFO - 速度比设置为 0.49
2025-09-30 14:43:25,088 - controller.robot_controller - ERROR - 运动到指定姿态失败: 关节运动执行失败: 机器人错误 -1: 机器人未使能，无法执行运动
2025-09-30 14:43:26,737 - root - INFO - 速度比设置成功
2025-09-30 14:43:26,737 - controller.robot_controller - INFO - 速度比设置为 0.49
2025-09-30 14:43:26,739 - controller.robot_controller - ERROR - 运动到指定姿态失败: 关节运动执行失败: 机器人错误 -1: 机器人未使能，无法执行运动
2025-09-30 14:43:28,373 - root - INFO - 速度比设置成功
2025-09-30 14:43:28,373 - controller.robot_controller - INFO - 速度比设置为 0.49
2025-09-30 14:43:28,374 - controller.robot_controller - ERROR - 运动到指定姿态失败: 关节运动执行失败: 机器人错误 -1: 机器人未使能，无法执行运动
2025-09-30 14:43:30,008 - root - INFO - 速度比设置成功
2025-09-30 14:43:30,008 - controller.robot_controller - INFO - 速度比设置为 0.49
2025-09-30 14:43:30,010 - controller.robot_controller - ERROR - 运动到指定姿态失败: 关节运动执行失败: 机器人错误 -1: 机器人未使能，无法执行运动
2025-09-30 14:43:31,663 - root - INFO - 速度比设置成功
2025-09-30 14:43:31,663 - controller.robot_controller - INFO - 速度比设置为 0.49
2025-09-30 14:43:31,665 - controller.robot_controller - ERROR - 运动到指定姿态失败: 关节运动执行失败: 机器人错误 -1: 机器人未使能，无法执行运动
2025-09-30 14:43:33,307 - root - INFO - 速度比设置成功
2025-09-30 14:43:33,307 - controller.robot_controller - INFO - 速度比设置为 0.49
2025-09-30 14:43:33,308 - controller.robot_controller - ERROR - 运动到指定姿态失败: 关节运动执行失败: 机器人错误 -1: 机器人未使能，无法执行运动
2025-09-30 14:43:35,202 - controller.realsense_controller - INFO - RealSense相机连接已断开
2025-09-30 14:43:35,207 - server.tcp_server - INFO - 客户端 client_2 资源已清理
2025-09-30 14:44:05,305 - controller.robot_controller - ERROR - 机器人去使能失败: 机器人错误 -1: 去使能失败，当前状态不允许去使能: 21 (机器人安全碰撞停车)
2025-09-30 14:44:05,306 - controller.robot_controller - INFO - 机器人连接已断开
2025-09-30 14:44:05,306 - server.tcp_server - INFO - 客户端 client_1 资源已清理
2025-09-30 14:53:29,349 - server.tcp_server - INFO - 新客户端连接: ('192.168.31.254', 56472)
2025-09-30 14:53:29,349 - server.tcp_server - INFO - 开始处理连接机器人命令，客户端ID: client_3
2025-09-30 14:53:29,350 - controller.robot_controller - INFO - 正在连接机器人 192.168.0.10:10003
2025-09-30 14:53:29,350 - controller.robot_controller - INFO - 机器人连接成功
2025-09-30 14:53:29,350 - server.tcp_server - INFO - 机器人连接结果: True
2025-09-30 14:53:29,350 - server.tcp_server - INFO - 返回成功响应: {"type": "response", "status": "success", "message": "机器人连接成功", "data": {"connected": true}, "message_id": "msg_1_1759215209"}
2025-09-30 14:53:29,351 - root - INFO - 机器人已处于使能状态
2025-09-30 14:53:29,351 - controller.robot_controller - INFO - 机器人已使能
2025-09-30 14:53:29,355 - root - INFO - 速度比设置成功
2025-09-30 14:53:29,355 - controller.robot_controller - INFO - 速度比设置为 0.49
2025-09-30 14:53:30,874 - root - INFO - 关节运动完成
2025-09-30 14:53:30,874 - controller.robot_controller - INFO - 运动到指定姿态完成
2025-09-30 14:53:32,879 - server.tcp_server - INFO - 新客户端连接: ('192.168.31.254', 56488)
2025-09-30 14:53:32,881 - server.tcp_server - INFO - 开始处理连接RealSense相机命令，客户端ID: client_4
2025-09-30 14:53:33,048 - controller.realsense_controller - INFO - 相机内参读取成功
2025-09-30 14:53:33,048 - controller.realsense_controller - INFO - RealSense相机连接成功
2025-09-30 14:53:33,048 - server.tcp_server - INFO - 返回成功响应: {"type": "response", "status": "success", "message": "RealSense相机连接成功", "data": {"connected": true}, "message_id": "msg_1_1759215212"}
2025-09-30 14:53:35,924 - root - INFO - 速度比设置成功
2025-09-30 14:53:35,924 - controller.robot_controller - INFO - 速度比设置为 0.49
2025-09-30 14:53:35,927 - controller.robot_controller - ERROR - 运动到指定姿态失败: 关节运动执行失败: 机器人错误 -1: 机器人未使能，无法执行运动
2025-09-30 14:53:37,479 - root - INFO - 速度比设置成功
2025-09-30 14:53:37,479 - controller.robot_controller - INFO - 速度比设置为 0.49
2025-09-30 14:53:37,481 - controller.robot_controller - ERROR - 运动到指定姿态失败: 关节运动执行失败: 机器人错误 -1: 机器人未使能，无法执行运动
2025-09-30 14:53:38,915 - server.tcp_server - INFO - 客户端 client_4 资源已清理
2025-09-30 14:54:05,321 - root - INFO - 去使能指令发送成功，等待机器人进入去使能状态
2025-09-30 14:54:05,824 - root - INFO - 机器人已成功去使能
2025-09-30 14:54:05,824 - controller.robot_controller - INFO - 机器人已去使能
2025-09-30 14:54:05,824 - server.tcp_server - INFO - 客户端 client_3 的机器人已去使能
2025-09-30 14:54:05,824 - controller.robot_controller - INFO - 机器人连接已断开
2025-09-30 14:54:05,824 - server.tcp_server - INFO - 客户端 client_3 的机器人连接已断开
2025-09-30 14:54:05,824 - server.tcp_server - INFO - 客户端 client_3 资源已清理
2025-09-30 14:55:24,051 - server.tcp_server - INFO - 新客户端连接: ('192.168.31.254', 47740)
2025-09-30 14:55:24,052 - server.tcp_server - INFO - 开始处理连接机器人命令，客户端ID: client_5
2025-09-30 14:55:24,052 - controller.robot_controller - INFO - 正在连接机器人 192.168.0.10:10003
2025-09-30 14:55:24,052 - controller.robot_controller - INFO - 机器人连接成功
2025-09-30 14:55:24,052 - server.tcp_server - INFO - 机器人连接结果: True
2025-09-30 14:55:24,052 - server.tcp_server - INFO - 返回成功响应: {"type": "response", "status": "success", "message": "机器人连接成功", "data": {"connected": true}, "message_id": "msg_1_1759215324"}
2025-09-30 14:55:25,604 - root - INFO - 机器人已成功使能
2025-09-30 14:55:25,604 - controller.robot_controller - INFO - 机器人已使能
2025-09-30 14:55:25,609 - root - INFO - 速度比设置成功
2025-09-30 14:55:25,609 - controller.robot_controller - INFO - 速度比设置为 0.49
2025-09-30 14:55:26,632 - root - INFO - 关节运动完成
2025-09-30 14:55:26,632 - controller.robot_controller - INFO - 运动到指定姿态完成
2025-09-30 14:55:28,636 - server.tcp_server - INFO - 新客户端连接: ('192.168.31.254', 45300)
2025-09-30 14:55:28,638 - server.tcp_server - INFO - 开始处理连接RealSense相机命令，客户端ID: client_6
2025-09-30 14:55:29,612 - controller.realsense_controller - INFO - 相机内参读取成功
2025-09-30 14:55:29,612 - controller.realsense_controller - INFO - RealSense相机连接成功
2025-09-30 14:55:29,612 - server.tcp_server - INFO - 返回成功响应: {"type": "response", "status": "success", "message": "RealSense相机连接成功", "data": {"connected": true}, "message_id": "msg_1_1759215328"}
2025-09-30 14:55:31,603 - root - INFO - 速度比设置成功
2025-09-30 14:55:31,603 - controller.robot_controller - INFO - 速度比设置为 0.49
2025-09-30 14:55:31,604 - controller.robot_controller - ERROR - 运动到指定姿态失败: 关节运动执行失败: 机器人错误 -1: 机器人未使能，无法执行运动
2025-09-30 14:55:31,950 - server.tcp_server - INFO - 客户端 client_6 资源已清理
2025-09-30 14:55:56,561 - root - INFO - 去使能指令发送成功，等待机器人进入去使能状态
2025-09-30 14:55:57,064 - root - INFO - 机器人已成功去使能
2025-09-30 14:55:57,064 - controller.robot_controller - INFO - 机器人已去使能
2025-09-30 14:55:57,064 - server.tcp_server - INFO - 客户端 client_5 的机器人已去使能
2025-09-30 14:55:57,064 - controller.robot_controller - INFO - 机器人连接已断开
2025-09-30 14:55:57,064 - server.tcp_server - INFO - 客户端 client_5 的机器人连接已断开
2025-09-30 14:55:57,064 - server.tcp_server - INFO - 客户端 client_5 资源已清理
2025-09-30 14:57:31,154 - server.tcp_server - INFO - 新客户端连接: ('192.168.31.254', 44624)
2025-09-30 14:57:31,154 - server.tcp_server - INFO - 开始处理连接机器人命令，客户端ID: client_7
2025-09-30 14:57:31,154 - controller.robot_controller - INFO - 正在连接机器人 192.168.0.10:10003
2025-09-30 14:57:31,154 - controller.robot_controller - INFO - 机器人连接成功
2025-09-30 14:57:31,154 - server.tcp_server - INFO - 机器人连接结果: True
2025-09-30 14:57:31,154 - server.tcp_server - INFO - 返回成功响应: {"type": "response", "status": "success", "message": "机器人连接成功", "data": {"connected": true}, "message_id": "msg_1_1759215451"}
2025-09-30 14:57:31,156 - root - INFO - 机器人已处于使能状态
2025-09-30 14:57:31,156 - controller.robot_controller - INFO - 机器人已使能
2025-09-30 14:57:31,159 - root - INFO - 速度比设置成功
2025-09-30 14:57:31,159 - controller.robot_controller - INFO - 速度比设置为 0.49
2025-09-30 14:57:33,179 - root - INFO - 关节运动完成
2025-09-30 14:57:33,180 - controller.robot_controller - INFO - 运动到指定姿态完成
2025-09-30 14:57:35,184 - server.tcp_server - INFO - 新客户端连接: ('192.168.31.254', 44630)
2025-09-30 14:57:35,185 - server.tcp_server - INFO - 开始处理连接RealSense相机命令，客户端ID: client_8
2025-09-30 14:57:36,214 - controller.realsense_controller - INFO - 相机内参读取成功
2025-09-30 14:57:36,214 - controller.realsense_controller - INFO - RealSense相机连接成功
2025-09-30 14:57:36,214 - server.tcp_server - INFO - 返回成功响应: {"type": "response", "status": "success", "message": "RealSense相机连接成功", "data": {"connected": true}, "message_id": "msg_1_1759215455"}
2025-09-30 14:57:39,199 - root - INFO - 速度比设置成功
2025-09-30 14:57:39,200 - controller.robot_controller - INFO - 速度比设置为 0.49
2025-09-30 14:57:40,220 - root - INFO - 关节运动完成
2025-09-30 14:57:40,221 - controller.robot_controller - INFO - 运动到指定姿态完成
2025-09-30 14:57:41,870 - root - INFO - 速度比设置成功
2025-09-30 14:57:41,870 - controller.robot_controller - INFO - 速度比设置为 0.49
2025-09-30 14:57:42,888 - root - INFO - 关节运动完成
2025-09-30 14:57:42,888 - controller.robot_controller - INFO - 运动到指定姿态完成
2025-09-30 14:57:44,541 - root - INFO - 速度比设置成功
2025-09-30 14:57:44,541 - controller.robot_controller - INFO - 速度比设置为 0.49
2025-09-30 14:57:46,062 - root - INFO - 关节运动完成
2025-09-30 14:57:46,063 - controller.robot_controller - INFO - 运动到指定姿态完成
2025-09-30 14:57:47,700 - root - INFO - 速度比设置成功
2025-09-30 14:57:47,700 - controller.robot_controller - INFO - 速度比设置为 0.49
2025-09-30 14:57:49,725 - root - INFO - 关节运动完成
2025-09-30 14:57:49,725 - controller.robot_controller - INFO - 运动到指定姿态完成
2025-09-30 14:57:51,383 - root - INFO - 速度比设置成功
2025-09-30 14:57:51,383 - controller.robot_controller - INFO - 速度比设置为 0.49
2025-09-30 14:57:54,410 - root - INFO - 关节运动完成
2025-09-30 14:57:54,410 - controller.robot_controller - INFO - 运动到指定姿态完成
2025-09-30 14:57:56,064 - root - INFO - 速度比设置成功
2025-09-30 14:57:56,064 - controller.robot_controller - INFO - 速度比设置为 0.49
2025-09-30 14:57:58,586 - root - INFO - 关节运动完成
2025-09-30 14:57:58,586 - controller.robot_controller - INFO - 运动到指定姿态完成
2025-09-30 14:58:00,230 - root - INFO - 速度比设置成功
2025-09-30 14:58:00,230 - controller.robot_controller - INFO - 速度比设置为 0.49
2025-09-30 14:58:01,248 - root - INFO - 关节运动完成
2025-09-30 14:58:01,248 - controller.robot_controller - INFO - 运动到指定姿态完成
2025-09-30 14:58:02,881 - root - INFO - 速度比设置成功
2025-09-30 14:58:02,881 - controller.robot_controller - INFO - 速度比设置为 0.49
2025-09-30 14:58:03,899 - root - INFO - 关节运动完成
2025-09-30 14:58:03,899 - controller.robot_controller - INFO - 运动到指定姿态完成
2025-09-30 14:58:05,548 - root - INFO - 速度比设置成功
2025-09-30 14:58:05,548 - controller.robot_controller - INFO - 速度比设置为 0.49
2025-09-30 14:58:07,067 - root - INFO - 关节运动完成
2025-09-30 14:58:07,067 - controller.robot_controller - INFO - 运动到指定姿态完成
2025-09-30 14:58:08,715 - root - INFO - 速度比设置成功
2025-09-30 14:58:08,715 - controller.robot_controller - INFO - 速度比设置为 0.49
2025-09-30 14:58:10,238 - root - INFO - 关节运动完成
2025-09-30 14:58:10,238 - controller.robot_controller - INFO - 运动到指定姿态完成
2025-09-30 14:58:11,881 - root - INFO - 速度比设置成功
2025-09-30 14:58:11,882 - controller.robot_controller - INFO - 速度比设置为 0.49
2025-09-30 14:58:13,902 - root - INFO - 关节运动完成
2025-09-30 14:58:13,902 - controller.robot_controller - INFO - 运动到指定姿态完成
2025-09-30 14:58:15,556 - root - INFO - 速度比设置成功
2025-09-30 14:58:15,556 - controller.robot_controller - INFO - 速度比设置为 0.49
2025-09-30 14:58:18,077 - root - INFO - 关节运动完成
2025-09-30 14:58:18,077 - controller.robot_controller - INFO - 运动到指定姿态完成
2025-09-30 14:58:19,726 - root - INFO - 速度比设置成功
2025-09-30 14:58:19,726 - controller.robot_controller - INFO - 速度比设置为 0.49
2025-09-30 14:58:22,247 - root - INFO - 关节运动完成
2025-09-30 14:58:22,248 - controller.robot_controller - INFO - 运动到指定姿态完成
2025-09-30 14:58:23,880 - root - INFO - 速度比设置成功
2025-09-30 14:58:23,880 - controller.robot_controller - INFO - 速度比设置为 0.49
2025-09-30 14:58:26,402 - root - INFO - 关节运动完成
2025-09-30 14:58:26,403 - controller.robot_controller - INFO - 运动到指定姿态完成
2025-09-30 14:58:28,058 - root - INFO - 速度比设置成功
2025-09-30 14:58:28,059 - controller.robot_controller - INFO - 速度比设置为 0.49
2025-09-30 14:58:29,076 - root - INFO - 关节运动完成
2025-09-30 14:58:29,076 - controller.robot_controller - INFO - 运动到指定姿态完成
2025-09-30 14:58:30,733 - root - INFO - 速度比设置成功
2025-09-30 14:58:30,733 - controller.robot_controller - INFO - 速度比设置为 0.49
2025-09-30 14:58:32,256 - root - INFO - 关节运动完成
2025-09-30 14:58:32,256 - controller.robot_controller - INFO - 运动到指定姿态完成
2025-09-30 14:58:33,896 - root - INFO - 速度比设置成功
2025-09-30 14:58:33,896 - controller.robot_controller - INFO - 速度比设置为 0.49
2025-09-30 14:58:35,415 - root - INFO - 关节运动完成
2025-09-30 14:58:35,415 - controller.robot_controller - INFO - 运动到指定姿态完成
2025-09-30 14:58:37,075 - root - INFO - 速度比设置成功
2025-09-30 14:58:37,075 - controller.robot_controller - INFO - 速度比设置为 0.49
2025-09-30 14:58:39,596 - root - INFO - 关节运动完成
2025-09-30 14:58:39,597 - controller.robot_controller - INFO - 运动到指定姿态完成
2025-09-30 14:58:41,257 - root - INFO - 速度比设置成功
2025-09-30 14:58:41,257 - controller.robot_controller - INFO - 速度比设置为 0.49
2025-09-30 14:58:44,781 - root - INFO - 关节运动完成
2025-09-30 14:58:44,781 - controller.robot_controller - INFO - 运动到指定姿态完成
2025-09-30 14:58:46,447 - root - INFO - 速度比设置成功
2025-09-30 14:58:46,447 - controller.robot_controller - INFO - 速度比设置为 0.49
2025-09-30 14:58:48,969 - root - INFO - 关节运动完成
2025-09-30 14:58:48,969 - controller.robot_controller - INFO - 运动到指定姿态完成
2025-09-30 14:58:50,609 - root - INFO - 速度比设置成功
2025-09-30 14:58:50,609 - controller.robot_controller - INFO - 速度比设置为 0.49
2025-09-30 14:58:51,631 - root - INFO - 关节运动完成
2025-09-30 14:58:51,631 - controller.robot_controller - INFO - 运动到指定姿态完成
2025-09-30 14:58:53,268 - root - INFO - 速度比设置成功
2025-09-30 14:58:53,268 - controller.robot_controller - INFO - 速度比设置为 0.49
2025-09-30 14:58:54,289 - root - INFO - 关节运动完成
2025-09-30 14:58:54,289 - controller.robot_controller - INFO - 运动到指定姿态完成
2025-09-30 14:58:55,935 - root - INFO - 速度比设置成功
2025-09-30 14:58:55,935 - controller.robot_controller - INFO - 速度比设置为 0.49
2025-09-30 14:58:56,952 - root - INFO - 关节运动完成
2025-09-30 14:58:56,952 - controller.robot_controller - INFO - 运动到指定姿态完成
2025-09-30 14:58:58,586 - root - INFO - 速度比设置成功
2025-09-30 14:58:58,586 - controller.robot_controller - INFO - 速度比设置为 0.49
2025-09-30 14:59:00,108 - root - INFO - 关节运动完成
2025-09-30 14:59:00,108 - controller.robot_controller - INFO - 运动到指定姿态完成
2025-09-30 14:59:01,760 - root - INFO - 速度比设置成功
2025-09-30 14:59:01,760 - controller.robot_controller - INFO - 速度比设置为 0.49
2025-09-30 14:59:03,784 - root - INFO - 关节运动完成
2025-09-30 14:59:03,785 - controller.robot_controller - INFO - 运动到指定姿态完成
2025-09-30 14:59:05,434 - root - INFO - 速度比设置成功
2025-09-30 14:59:05,435 - controller.robot_controller - INFO - 速度比设置为 0.49
2025-09-30 14:59:07,957 - root - INFO - 关节运动完成
2025-09-30 14:59:07,957 - controller.robot_controller - INFO - 运动到指定姿态完成
2025-09-30 14:59:09,605 - root - INFO - 速度比设置成功
2025-09-30 14:59:09,605 - controller.robot_controller - INFO - 速度比设置为 0.49
2025-09-30 14:59:11,629 - root - INFO - 关节运动完成
2025-09-30 14:59:11,629 - controller.robot_controller - INFO - 运动到指定姿态完成
2025-09-30 14:59:13,267 - root - INFO - 速度比设置成功
2025-09-30 14:59:13,267 - controller.robot_controller - INFO - 速度比设置为 0.49
2025-09-30 14:59:14,786 - root - INFO - 关节运动完成
2025-09-30 14:59:14,786 - controller.robot_controller - INFO - 运动到指定姿态完成
2025-09-30 14:59:16,450 - root - INFO - 速度比设置成功
2025-09-30 14:59:16,450 - controller.robot_controller - INFO - 速度比设置为 0.49
2025-09-30 14:59:17,471 - root - INFO - 关节运动完成
2025-09-30 14:59:17,471 - controller.robot_controller - INFO - 运动到指定姿态完成
2025-09-30 14:59:19,112 - root - INFO - 速度比设置成功
2025-09-30 14:59:19,113 - controller.robot_controller - INFO - 速度比设置为 0.49
2025-09-30 14:59:20,633 - root - INFO - 关节运动完成
2025-09-30 14:59:20,633 - controller.robot_controller - INFO - 运动到指定姿态完成
2025-09-30 14:59:22,279 - root - INFO - 速度比设置成功
2025-09-30 14:59:22,279 - controller.robot_controller - INFO - 速度比设置为 0.49
2025-09-30 14:59:23,798 - root - INFO - 关节运动完成
2025-09-30 14:59:23,798 - controller.robot_controller - INFO - 运动到指定姿态完成
2025-09-30 14:59:25,450 - root - INFO - 速度比设置成功
2025-09-30 14:59:25,450 - controller.robot_controller - INFO - 速度比设置为 0.49
2025-09-30 14:59:27,472 - root - INFO - 关节运动完成
2025-09-30 14:59:27,472 - controller.robot_controller - INFO - 运动到指定姿态完成
2025-09-30 14:59:29,112 - root - INFO - 速度比设置成功
2025-09-30 14:59:29,113 - controller.robot_controller - INFO - 速度比设置为 0.49
2025-09-30 14:59:32,140 - root - INFO - 关节运动完成
2025-09-30 14:59:32,140 - controller.robot_controller - INFO - 运动到指定姿态完成
2025-09-30 14:59:33,778 - root - INFO - 速度比设置成功
2025-09-30 14:59:33,779 - controller.robot_controller - INFO - 速度比设置为 0.49
2025-09-30 14:59:36,304 - root - INFO - 关节运动完成
2025-09-30 14:59:36,304 - controller.robot_controller - INFO - 运动到指定姿态完成
2025-09-30 14:59:37,948 - root - INFO - 速度比设置成功
2025-09-30 14:59:37,948 - controller.robot_controller - INFO - 速度比设置为 0.49
2025-09-30 14:59:39,467 - root - INFO - 关节运动完成
2025-09-30 14:59:39,467 - controller.robot_controller - INFO - 运动到指定姿态完成
2025-09-30 14:59:41,103 - root - INFO - 速度比设置成功
2025-09-30 14:59:41,103 - controller.robot_controller - INFO - 速度比设置为 0.49
2025-09-30 14:59:42,120 - root - INFO - 关节运动完成
2025-09-30 14:59:42,120 - controller.robot_controller - INFO - 运动到指定姿态完成
2025-09-30 14:59:43,770 - root - INFO - 速度比设置成功
2025-09-30 14:59:43,770 - controller.robot_controller - INFO - 速度比设置为 0.49
2025-09-30 14:59:45,289 - root - INFO - 关节运动完成
2025-09-30 14:59:45,289 - controller.robot_controller - INFO - 运动到指定姿态完成
2025-09-30 14:59:46,936 - root - INFO - 速度比设置成功
2025-09-30 14:59:46,937 - controller.robot_controller - INFO - 速度比设置为 0.49
2025-09-30 14:59:48,456 - root - INFO - 关节运动完成
2025-09-30 14:59:48,457 - controller.robot_controller - INFO - 运动到指定姿态完成
2025-09-30 14:59:50,095 - root - INFO - 速度比设置成功
2025-09-30 14:59:50,095 - controller.robot_controller - INFO - 速度比设置为 0.49
2025-09-30 14:59:52,116 - root - INFO - 关节运动完成
2025-09-30 14:59:52,116 - controller.robot_controller - INFO - 运动到指定姿态完成
2025-09-30 14:59:53,766 - root - INFO - 速度比设置成功
2025-09-30 14:59:53,766 - controller.robot_controller - INFO - 速度比设置为 0.49
2025-09-30 14:59:55,790 - root - INFO - 关节运动完成
2025-09-30 14:59:55,790 - controller.robot_controller - INFO - 运动到指定姿态完成
2025-09-30 14:59:57,440 - root - INFO - 速度比设置成功
2025-09-30 14:59:57,440 - controller.robot_controller - INFO - 速度比设置为 0.49
2025-09-30 15:00:00,463 - root - INFO - 关节运动完成
2025-09-30 15:00:00,463 - controller.robot_controller - INFO - 运动到指定姿态完成
2025-09-30 15:00:02,098 - root - INFO - 速度比设置成功
2025-09-30 15:00:02,098 - controller.robot_controller - INFO - 速度比设置为 0.49
2025-09-30 15:00:05,121 - root - INFO - 关节运动完成
2025-09-30 15:00:05,121 - controller.robot_controller - INFO - 运动到指定姿态完成
2025-09-30 15:00:06,768 - root - INFO - 速度比设置成功
2025-09-30 15:00:06,768 - controller.robot_controller - INFO - 速度比设置为 0.49
2025-09-30 15:00:07,786 - root - INFO - 关节运动完成
2025-09-30 15:00:07,786 - controller.robot_controller - INFO - 运动到指定姿态完成
2025-09-30 15:00:09,431 - root - INFO - 速度比设置成功
2025-09-30 15:00:09,431 - controller.robot_controller - INFO - 速度比设置为 0.49
2025-09-30 15:00:10,950 - root - INFO - 关节运动完成
2025-09-30 15:00:10,950 - controller.robot_controller - INFO - 运动到指定姿态完成
2025-09-30 15:00:12,589 - root - INFO - 速度比设置成功
2025-09-30 15:00:12,590 - controller.robot_controller - INFO - 速度比设置为 0.49
2025-09-30 15:00:14,112 - root - INFO - 关节运动完成
2025-09-30 15:00:14,113 - controller.robot_controller - INFO - 运动到指定姿态完成
2025-09-30 15:00:15,756 - root - INFO - 速度比设置成功
2025-09-30 15:00:15,756 - controller.robot_controller - INFO - 速度比设置为 0.49
2025-09-30 15:00:18,279 - root - INFO - 关节运动完成
2025-09-30 15:00:18,279 - controller.robot_controller - INFO - 运动到指定姿态完成
2025-09-30 15:00:19,922 - root - INFO - 速度比设置成功
2025-09-30 15:00:19,923 - controller.robot_controller - INFO - 速度比设置为 0.49
2025-09-30 15:00:22,443 - root - INFO - 关节运动完成
2025-09-30 15:00:22,443 - controller.robot_controller - INFO - 运动到指定姿态完成
2025-09-30 15:00:24,080 - root - INFO - 速度比设置成功
2025-09-30 15:00:24,081 - controller.robot_controller - INFO - 速度比设置为 0.49
2025-09-30 15:00:27,106 - root - INFO - 关节运动完成
2025-09-30 15:00:27,106 - controller.robot_controller - INFO - 运动到指定姿态完成
2025-09-30 15:00:28,750 - root - INFO - 速度比设置成功
2025-09-30 15:00:28,750 - controller.robot_controller - INFO - 速度比设置为 0.49
2025-09-30 15:00:29,768 - root - INFO - 关节运动完成
2025-09-30 15:00:29,768 - controller.robot_controller - INFO - 运动到指定姿态完成
2025-09-30 15:00:31,401 - root - INFO - 速度比设置成功
2025-09-30 15:00:31,401 - controller.robot_controller - INFO - 速度比设置为 0.49
2025-09-30 15:00:32,421 - root - INFO - 关节运动完成
2025-09-30 15:00:32,421 - controller.robot_controller - INFO - 运动到指定姿态完成
2025-09-30 15:00:34,068 - root - INFO - 速度比设置成功
2025-09-30 15:00:34,069 - controller.robot_controller - INFO - 速度比设置为 0.49
2025-09-30 15:00:35,592 - root - INFO - 关节运动完成
2025-09-30 15:00:35,592 - controller.robot_controller - INFO - 运动到指定姿态完成
2025-09-30 15:00:37,239 - root - INFO - 速度比设置成功
2025-09-30 15:00:37,239 - controller.robot_controller - INFO - 速度比设置为 0.49
2025-09-30 15:00:38,762 - root - INFO - 关节运动完成
2025-09-30 15:00:38,762 - controller.robot_controller - INFO - 运动到指定姿态完成
2025-09-30 15:00:40,397 - root - INFO - 速度比设置成功
2025-09-30 15:00:40,398 - controller.robot_controller - INFO - 速度比设置为 0.49
2025-09-30 15:00:42,417 - root - INFO - 关节运动完成
2025-09-30 15:00:42,418 - controller.robot_controller - INFO - 运动到指定姿态完成
2025-09-30 15:00:44,068 - root - INFO - 速度比设置成功
2025-09-30 15:00:44,068 - controller.robot_controller - INFO - 速度比设置为 0.49
2025-09-30 15:00:46,593 - root - INFO - 关节运动完成
2025-09-30 15:00:46,593 - controller.robot_controller - INFO - 运动到指定姿态完成
2025-09-30 15:00:48,238 - root - INFO - 速度比设置成功
2025-09-30 15:00:48,238 - controller.robot_controller - INFO - 速度比设置为 0.49
2025-09-30 15:00:50,761 - root - INFO - 关节运动完成
2025-09-30 15:00:50,761 - controller.robot_controller - INFO - 运动到指定姿态完成
2025-09-30 15:00:52,837 - controller.realsense_controller - INFO - RealSense相机连接已断开
2025-09-30 15:00:52,839 - server.tcp_server - INFO - 客户端 client_8 资源已清理
2025-09-30 15:00:52,866 - root - INFO - 去使能指令发送成功，等待机器人进入去使能状态
2025-09-30 15:00:53,368 - root - INFO - 机器人已成功去使能
2025-09-30 15:00:53,368 - controller.robot_controller - INFO - 机器人已去使能
2025-09-30 15:00:53,369 - controller.robot_controller - INFO - 机器人连接已断开
2025-09-30 15:00:53,370 - server.tcp_server - INFO - 客户端 client_7 资源已清理
2025-09-30 15:02:51,560 - server.tcp_server - INFO - 正在停止控制器服务器...
2025-09-30 15:02:51,560 - server.tcp_server - INFO - 控制器服务器已停止
2025-09-30 15:09:12,335 - server.tcp_server - INFO - 启动控制器服务器 0.0.0.0:8888
2025-09-30 15:09:12,335 - server.tcp_server - INFO - 控制器服务器已启动
2025-09-30 15:09:22,267 - server.tcp_server - INFO - 新客户端连接: ('192.168.31.254', 50652)
2025-09-30 15:09:22,268 - server.tcp_server - INFO - 开始处理连接机器人命令，客户端ID: client_1
2025-09-30 15:09:22,269 - controller.robot_controller - INFO - 正在连接机器人 192.168.0.10:10003
2025-09-30 15:09:22,270 - controller.robot_controller - INFO - 机器人连接成功
2025-09-30 15:09:22,270 - server.tcp_server - INFO - 机器人连接结果: True
2025-09-30 15:09:22,270 - server.tcp_server - INFO - 返回成功响应: {"type": "response", "status": "success", "message": "机器人连接成功", "data": {"connected": true}, "message_id": "msg_1_1759216162"}
2025-09-30 15:09:23,822 - root - INFO - 机器人已成功使能
2025-09-30 15:09:23,823 - controller.robot_controller - INFO - 机器人已使能
2025-09-30 15:09:23,831 - root - INFO - 速度比设置成功
2025-09-30 15:09:23,831 - controller.robot_controller - INFO - 速度比设置为 0.49
2025-09-30 15:09:25,355 - root - INFO - 关节运动完成
2025-09-30 15:09:25,356 - controller.robot_controller - INFO - 运动到指定姿态完成
2025-09-30 15:09:27,361 - server.tcp_server - INFO - 新客户端连接: ('192.168.31.254', 56120)
2025-09-30 15:09:27,362 - server.tcp_server - INFO - 开始处理连接RealSense相机命令，客户端ID: client_2
2025-09-30 15:09:27,511 - controller.realsense_controller - INFO - 相机内参读取成功
2025-09-30 15:09:27,511 - controller.realsense_controller - INFO - RealSense相机连接成功
2025-09-30 15:09:27,511 - server.tcp_server - INFO - 返回成功响应: {"type": "response", "status": "success", "message": "RealSense相机连接成功", "data": {"connected": true}, "message_id": "msg_1_1759216167"}
2025-09-30 15:09:29,920 - root - INFO - 速度比设置成功
2025-09-30 15:09:29,920 - controller.robot_controller - INFO - 速度比设置为 0.49
2025-09-30 15:09:30,941 - root - INFO - 关节运动完成
2025-09-30 15:09:30,942 - controller.robot_controller - INFO - 运动到指定姿态完成
2025-09-30 15:09:32,590 - root - INFO - 速度比设置成功
2025-09-30 15:09:32,590 - controller.robot_controller - INFO - 速度比设置为 0.49
2025-09-30 15:09:33,607 - root - INFO - 关节运动完成
2025-09-30 15:09:33,608 - controller.robot_controller - INFO - 运动到指定姿态完成
2025-09-30 15:09:35,265 - root - INFO - 速度比设置成功
2025-09-30 15:09:35,265 - controller.robot_controller - INFO - 速度比设置为 0.49
2025-09-30 15:09:36,784 - root - INFO - 关节运动完成
2025-09-30 15:09:36,784 - controller.robot_controller - INFO - 运动到指定姿态完成
2025-09-30 15:09:38,443 - root - INFO - 速度比设置成功
2025-09-30 15:09:38,443 - controller.robot_controller - INFO - 速度比设置为 0.49
2025-09-30 15:09:40,464 - root - INFO - 关节运动完成
2025-09-30 15:09:40,464 - controller.robot_controller - INFO - 运动到指定姿态完成
2025-09-30 15:09:42,117 - root - INFO - 速度比设置成功
2025-09-30 15:09:42,117 - controller.robot_controller - INFO - 速度比设置为 0.49
2025-09-30 15:09:45,145 - root - INFO - 关节运动完成
2025-09-30 15:09:45,145 - controller.robot_controller - INFO - 运动到指定姿态完成
2025-09-30 15:09:46,779 - root - INFO - 速度比设置成功
2025-09-30 15:09:46,779 - controller.robot_controller - INFO - 速度比设置为 0.49
2025-09-30 15:09:49,300 - root - INFO - 关节运动完成
2025-09-30 15:09:49,300 - controller.robot_controller - INFO - 运动到指定姿态完成
2025-09-30 15:09:50,953 - root - INFO - 速度比设置成功
2025-09-30 15:09:50,953 - controller.robot_controller - INFO - 速度比设置为 0.49
2025-09-30 15:09:51,970 - root - INFO - 关节运动完成
2025-09-30 15:09:51,971 - controller.robot_controller - INFO - 运动到指定姿态完成
2025-09-30 15:09:53,631 - root - INFO - 速度比设置成功
2025-09-30 15:09:53,631 - controller.robot_controller - INFO - 速度比设置为 0.49
2025-09-30 15:09:54,649 - root - INFO - 关节运动完成
2025-09-30 15:09:54,649 - controller.robot_controller - INFO - 运动到指定姿态完成
2025-09-30 15:09:56,294 - root - INFO - 速度比设置成功
2025-09-30 15:09:56,294 - controller.robot_controller - INFO - 速度比设置为 0.49
2025-09-30 15:09:57,318 - root - INFO - 关节运动完成
2025-09-30 15:09:57,318 - controller.robot_controller - INFO - 运动到指定姿态完成
2025-09-30 15:09:58,968 - root - INFO - 速度比设置成功
2025-09-30 15:09:58,968 - controller.robot_controller - INFO - 速度比设置为 0.49
2025-09-30 15:10:00,488 - root - INFO - 关节运动完成
2025-09-30 15:10:00,488 - controller.robot_controller - INFO - 运动到指定姿态完成
2025-09-30 15:10:02,143 - root - INFO - 速度比设置成功
2025-09-30 15:10:02,143 - controller.robot_controller - INFO - 速度比设置为 0.49
2025-09-30 15:10:04,163 - root - INFO - 关节运动完成
2025-09-30 15:10:04,164 - controller.robot_controller - INFO - 运动到指定姿态完成
2025-09-30 15:10:05,805 - root - INFO - 速度比设置成功
2025-09-30 15:10:05,805 - controller.robot_controller - INFO - 速度比设置为 0.49
2025-09-30 15:10:08,326 - root - INFO - 关节运动完成
2025-09-30 15:10:08,326 - controller.robot_controller - INFO - 运动到指定姿态完成
2025-09-30 15:10:09,975 - root - INFO - 速度比设置成功
2025-09-30 15:10:09,975 - controller.robot_controller - INFO - 速度比设置为 0.49
2025-09-30 15:10:12,496 - root - INFO - 关节运动完成
2025-09-30 15:10:12,496 - controller.robot_controller - INFO - 运动到指定姿态完成
2025-09-30 15:10:14,152 - root - INFO - 速度比设置成功
2025-09-30 15:10:14,153 - controller.robot_controller - INFO - 速度比设置为 0.49
2025-09-30 15:10:16,675 - root - INFO - 关节运动完成
2025-09-30 15:10:16,676 - controller.robot_controller - INFO - 运动到指定姿态完成
2025-09-30 15:10:18,330 - root - INFO - 速度比设置成功
2025-09-30 15:10:18,330 - controller.robot_controller - INFO - 速度比设置为 0.49
2025-09-30 15:10:19,348 - root - INFO - 关节运动完成
2025-09-30 15:10:19,348 - controller.robot_controller - INFO - 运动到指定姿态完成
2025-09-30 15:10:20,993 - root - INFO - 速度比设置成功
2025-09-30 15:10:20,993 - controller.robot_controller - INFO - 速度比设置为 0.49
2025-09-30 15:10:22,512 - root - INFO - 关节运动完成
2025-09-30 15:10:22,512 - controller.robot_controller - INFO - 运动到指定姿态完成
2025-09-30 15:10:24,167 - root - INFO - 速度比设置成功
2025-09-30 15:10:24,167 - controller.robot_controller - INFO - 速度比设置为 0.49
2025-09-30 15:10:25,698 - root - INFO - 关节运动完成
2025-09-30 15:10:25,698 - controller.robot_controller - INFO - 运动到指定姿态完成
2025-09-30 15:10:27,342 - root - INFO - 速度比设置成功
2025-09-30 15:10:27,342 - controller.robot_controller - INFO - 速度比设置为 0.49
2025-09-30 15:10:29,863 - root - INFO - 关节运动完成
2025-09-30 15:10:29,863 - controller.robot_controller - INFO - 运动到指定姿态完成
2025-09-30 15:10:31,507 - root - INFO - 速度比设置成功
2025-09-30 15:10:31,508 - controller.robot_controller - INFO - 速度比设置为 0.49
2025-09-30 15:10:35,036 - root - INFO - 关节运动完成
2025-09-30 15:10:35,036 - controller.robot_controller - INFO - 运动到指定姿态完成
2025-09-30 15:10:36,681 - root - INFO - 速度比设置成功
2025-09-30 15:10:36,681 - controller.robot_controller - INFO - 速度比设置为 0.49
2025-09-30 15:10:39,203 - root - INFO - 关节运动完成
2025-09-30 15:10:39,203 - controller.robot_controller - INFO - 运动到指定姿态完成
2025-09-30 15:10:40,859 - root - INFO - 速度比设置成功
2025-09-30 15:10:40,859 - controller.robot_controller - INFO - 速度比设置为 0.49
2025-09-30 15:10:41,876 - root - INFO - 关节运动完成
2025-09-30 15:10:41,876 - controller.robot_controller - INFO - 运动到指定姿态完成
2025-09-30 15:10:43,529 - root - INFO - 速度比设置成功
2025-09-30 15:10:43,529 - controller.robot_controller - INFO - 速度比设置为 0.49
2025-09-30 15:10:44,547 - root - INFO - 关节运动完成
2025-09-30 15:10:44,547 - controller.robot_controller - INFO - 运动到指定姿态完成
2025-09-30 15:10:46,192 - root - INFO - 速度比设置成功
2025-09-30 15:10:46,192 - controller.robot_controller - INFO - 速度比设置为 0.49
2025-09-30 15:10:47,209 - root - INFO - 关节运动完成
2025-09-30 15:10:47,210 - controller.robot_controller - INFO - 运动到指定姿态完成
2025-09-30 15:10:48,863 - root - INFO - 速度比设置成功
2025-09-30 15:10:48,863 - controller.robot_controller - INFO - 速度比设置为 0.49
2025-09-30 15:10:50,381 - root - INFO - 关节运动完成
2025-09-30 15:10:50,382 - controller.robot_controller - INFO - 运动到指定姿态完成
2025-09-30 15:10:52,033 - root - INFO - 速度比设置成功
2025-09-30 15:10:52,033 - controller.robot_controller - INFO - 速度比设置为 0.49
2025-09-30 15:10:54,055 - root - INFO - 关节运动完成
2025-09-30 15:10:54,055 - controller.robot_controller - INFO - 运动到指定姿态完成
2025-09-30 15:10:55,699 - root - INFO - 速度比设置成功
2025-09-30 15:10:55,699 - controller.robot_controller - INFO - 速度比设置为 0.49
2025-09-30 15:10:58,221 - root - INFO - 关节运动完成
2025-09-30 15:10:58,221 - controller.robot_controller - INFO - 运动到指定姿态完成
2025-09-30 15:10:59,865 - root - INFO - 速度比设置成功
2025-09-30 15:10:59,865 - controller.robot_controller - INFO - 速度比设置为 0.49
2025-09-30 15:11:01,889 - root - INFO - 关节运动完成
2025-09-30 15:11:01,889 - controller.robot_controller - INFO - 运动到指定姿态完成
2025-09-30 15:11:03,535 - root - INFO - 速度比设置成功
2025-09-30 15:11:03,535 - controller.robot_controller - INFO - 速度比设置为 0.49
2025-09-30 15:11:05,054 - root - INFO - 关节运动完成
2025-09-30 15:11:05,055 - controller.robot_controller - INFO - 运动到指定姿态完成
2025-09-30 15:11:06,697 - root - INFO - 速度比设置成功
2025-09-30 15:11:06,697 - controller.robot_controller - INFO - 速度比设置为 0.49
2025-09-30 15:11:07,715 - root - INFO - 关节运动完成
2025-09-30 15:11:07,715 - controller.robot_controller - INFO - 运动到指定姿态完成
2025-09-30 15:11:09,368 - root - INFO - 速度比设置成功
2025-09-30 15:11:09,368 - controller.robot_controller - INFO - 速度比设置为 0.49
2025-09-30 15:11:10,887 - root - INFO - 关节运动完成
2025-09-30 15:11:10,887 - controller.robot_controller - INFO - 运动到指定姿态完成
2025-09-30 15:11:12,530 - root - INFO - 速度比设置成功
2025-09-30 15:11:12,530 - controller.robot_controller - INFO - 速度比设置为 0.49
2025-09-30 15:11:14,050 - root - INFO - 关节运动完成
2025-09-30 15:11:14,050 - controller.robot_controller - INFO - 运动到指定姿态完成
2025-09-30 15:11:15,693 - root - INFO - 速度比设置成功
2025-09-30 15:11:15,693 - controller.robot_controller - INFO - 速度比设置为 0.49
2025-09-30 15:11:17,713 - root - INFO - 关节运动完成
2025-09-30 15:11:17,713 - controller.robot_controller - INFO - 运动到指定姿态完成
2025-09-30 15:11:19,363 - root - INFO - 速度比设置成功
2025-09-30 15:11:19,363 - controller.robot_controller - INFO - 速度比设置为 0.49
2025-09-30 15:11:22,387 - root - INFO - 关节运动完成
2025-09-30 15:11:22,387 - controller.robot_controller - INFO - 运动到指定姿态完成
2025-09-30 15:11:24,041 - root - INFO - 速度比设置成功
2025-09-30 15:11:24,041 - controller.robot_controller - INFO - 速度比设置为 0.49
2025-09-30 15:11:26,563 - root - INFO - 关节运动完成
2025-09-30 15:11:26,563 - controller.robot_controller - INFO - 运动到指定姿态完成
2025-09-30 15:11:28,206 - root - INFO - 速度比设置成功
2025-09-30 15:11:28,207 - controller.robot_controller - INFO - 速度比设置为 0.49
2025-09-30 15:11:29,725 - root - INFO - 关节运动完成
2025-09-30 15:11:29,725 - controller.robot_controller - INFO - 运动到指定姿态完成
2025-09-30 15:11:31,369 - root - INFO - 速度比设置成功
2025-09-30 15:11:31,369 - controller.robot_controller - INFO - 速度比设置为 0.49
2025-09-30 15:11:32,387 - root - INFO - 关节运动完成
2025-09-30 15:11:32,387 - controller.robot_controller - INFO - 运动到指定姿态完成
2025-09-30 15:11:34,052 - root - INFO - 速度比设置成功
2025-09-30 15:11:34,052 - controller.robot_controller - INFO - 速度比设置为 0.49
2025-09-30 15:11:35,575 - root - INFO - 关节运动完成
2025-09-30 15:11:35,575 - controller.robot_controller - INFO - 运动到指定姿态完成
2025-09-30 15:11:37,230 - root - INFO - 速度比设置成功
2025-09-30 15:11:37,230 - controller.robot_controller - INFO - 速度比设置为 0.49
2025-09-30 15:11:38,749 - root - INFO - 关节运动完成
2025-09-30 15:11:38,750 - controller.robot_controller - INFO - 运动到指定姿态完成
2025-09-30 15:11:40,396 - root - INFO - 速度比设置成功
2025-09-30 15:11:40,396 - controller.robot_controller - INFO - 速度比设置为 0.49
2025-09-30 15:11:42,417 - root - INFO - 关节运动完成
2025-09-30 15:11:42,417 - controller.robot_controller - INFO - 运动到指定姿态完成
2025-09-30 15:11:44,066 - root - INFO - 速度比设置成功
2025-09-30 15:11:44,066 - controller.robot_controller - INFO - 速度比设置为 0.49
2025-09-30 15:11:46,086 - root - INFO - 关节运动完成
2025-09-30 15:11:46,087 - controller.robot_controller - INFO - 运动到指定姿态完成
2025-09-30 15:11:47,745 - root - INFO - 速度比设置成功
2025-09-30 15:11:47,745 - controller.robot_controller - INFO - 速度比设置为 0.49
2025-09-30 15:11:50,275 - root - INFO - 关节运动完成
2025-09-30 15:11:50,276 - controller.robot_controller - INFO - 运动到指定姿态完成
2025-09-30 15:11:51,930 - root - INFO - 速度比设置成功
2025-09-30 15:11:51,931 - controller.robot_controller - INFO - 速度比设置为 0.49
2025-09-30 15:11:54,954 - root - INFO - 关节运动完成
2025-09-30 15:11:54,955 - controller.robot_controller - INFO - 运动到指定姿态完成
2025-09-30 15:11:56,600 - root - INFO - 速度比设置成功
2025-09-30 15:11:56,600 - controller.robot_controller - INFO - 速度比设置为 0.49
2025-09-30 15:11:57,622 - root - INFO - 关节运动完成
2025-09-30 15:11:57,622 - controller.robot_controller - INFO - 运动到指定姿态完成
2025-09-30 15:11:59,267 - root - INFO - 速度比设置成功
2025-09-30 15:11:59,267 - controller.robot_controller - INFO - 速度比设置为 0.49
2025-09-30 15:12:00,786 - root - INFO - 关节运动完成
2025-09-30 15:12:00,786 - controller.robot_controller - INFO - 运动到指定姿态完成
2025-09-30 15:12:02,441 - root - INFO - 速度比设置成功
2025-09-30 15:12:02,441 - controller.robot_controller - INFO - 速度比设置为 0.49
2025-09-30 15:12:03,960 - root - INFO - 关节运动完成
2025-09-30 15:12:03,961 - controller.robot_controller - INFO - 运动到指定姿态完成
2025-09-30 15:12:05,603 - root - INFO - 速度比设置成功
2025-09-30 15:12:05,604 - controller.robot_controller - INFO - 速度比设置为 0.49
2025-09-30 15:12:08,125 - root - INFO - 关节运动完成
2025-09-30 15:12:08,125 - controller.robot_controller - INFO - 运动到指定姿态完成
2025-09-30 15:12:09,769 - root - INFO - 速度比设置成功
2025-09-30 15:12:09,769 - controller.robot_controller - INFO - 速度比设置为 0.49
2025-09-30 15:12:12,292 - root - INFO - 关节运动完成
2025-09-30 15:12:12,292 - controller.robot_controller - INFO - 运动到指定姿态完成
2025-09-30 15:12:13,947 - root - INFO - 速度比设置成功
2025-09-30 15:12:13,947 - controller.robot_controller - INFO - 速度比设置为 0.49
2025-09-30 15:12:21,483 - root - INFO - 关节运动完成
2025-09-30 15:12:21,483 - controller.robot_controller - INFO - 运动到指定姿态完成
2025-09-30 15:12:23,134 - root - INFO - 速度比设置成功
2025-09-30 15:12:23,134 - controller.robot_controller - INFO - 速度比设置为 0.49
2025-09-30 15:12:24,152 - root - INFO - 关节运动完成
2025-09-30 15:12:24,152 - controller.robot_controller - INFO - 运动到指定姿态完成
2025-09-30 15:12:25,789 - root - INFO - 速度比设置成功
2025-09-30 15:12:25,789 - controller.robot_controller - INFO - 速度比设置为 0.49
2025-09-30 15:12:26,807 - root - INFO - 关节运动完成
2025-09-30 15:12:26,807 - controller.robot_controller - INFO - 运动到指定姿态完成
2025-09-30 15:12:28,460 - root - INFO - 速度比设置成功
2025-09-30 15:12:28,460 - controller.robot_controller - INFO - 速度比设置为 0.49
2025-09-30 15:12:29,985 - root - INFO - 关节运动完成
2025-09-30 15:12:29,985 - controller.robot_controller - INFO - 运动到指定姿态完成
2025-09-30 15:12:31,638 - root - INFO - 速度比设置成功
2025-09-30 15:12:31,638 - controller.robot_controller - INFO - 速度比设置为 0.49
2025-09-30 15:12:33,161 - root - INFO - 关节运动完成
2025-09-30 15:12:33,161 - controller.robot_controller - INFO - 运动到指定姿态完成
2025-09-30 15:12:34,797 - root - INFO - 速度比设置成功
2025-09-30 15:12:34,797 - controller.robot_controller - INFO - 速度比设置为 0.49
2025-09-30 15:12:39,325 - root - INFO - 关节运动完成
2025-09-30 15:12:39,325 - controller.robot_controller - INFO - 运动到指定姿态完成
2025-09-30 15:12:40,977 - root - INFO - 速度比设置成功
2025-09-30 15:12:40,978 - controller.robot_controller - INFO - 速度比设置为 0.49
2025-09-30 15:12:43,498 - root - INFO - 关节运动完成
2025-09-30 15:12:43,499 - controller.robot_controller - INFO - 运动到指定姿态完成
2025-09-30 15:12:45,159 - root - INFO - 速度比设置成功
2025-09-30 15:12:45,159 - controller.robot_controller - INFO - 速度比设置为 0.49
2025-09-30 15:12:47,680 - root - INFO - 关节运动完成
2025-09-30 15:12:47,681 - controller.robot_controller - INFO - 运动到指定姿态完成
2025-09-30 15:12:50,161 - controller.realsense_controller - INFO - RealSense相机连接已断开
2025-09-30 15:12:50,165 - server.tcp_server - INFO - 客户端 client_2 资源已清理
2025-09-30 15:12:50,202 - root - INFO - 去使能指令发送成功，等待机器人进入去使能状态
2025-09-30 15:12:50,704 - root - INFO - 机器人已成功去使能
2025-09-30 15:12:50,705 - controller.robot_controller - INFO - 机器人已去使能
2025-09-30 15:12:50,705 - server.tcp_server - INFO - 客户端 client_1 的机器人已去使能
2025-09-30 15:12:50,705 - controller.robot_controller - INFO - 机器人连接已断开
2025-09-30 15:12:50,705 - server.tcp_server - INFO - 客户端 client_1 的机器人连接已断开
2025-09-30 15:12:50,705 - server.tcp_server - INFO - 客户端 client_1 资源已清理
2025-09-30 15:13:22,349 - server.tcp_server - INFO - 新客户端连接: ('192.168.31.254', 36796)
2025-09-30 15:13:22,349 - server.tcp_server - INFO - 开始处理连接机器人命令，客户端ID: client_3
2025-09-30 15:13:22,349 - controller.robot_controller - INFO - 正在连接机器人 192.168.0.10:10003
2025-09-30 15:13:22,349 - controller.robot_controller - INFO - 机器人连接成功
2025-09-30 15:13:22,349 - server.tcp_server - INFO - 机器人连接结果: True
2025-09-30 15:13:22,349 - server.tcp_server - INFO - 返回成功响应: {"type": "response", "status": "success", "message": "机器人连接成功", "data": {"connected": true}, "message_id": "msg_1_1759216402"}
2025-09-30 15:13:23,904 - root - INFO - 机器人已成功使能
2025-09-30 15:13:23,905 - controller.robot_controller - INFO - 机器人已使能
2025-09-30 15:13:23,913 - root - INFO - 速度比设置成功
2025-09-30 15:13:23,913 - controller.robot_controller - INFO - 速度比设置为 0.49
2025-09-30 15:13:25,439 - root - INFO - 关节运动完成
2025-09-30 15:13:25,439 - controller.robot_controller - INFO - 运动到指定姿态完成
2025-09-30 15:13:27,445 - server.tcp_server - INFO - 新客户端连接: ('192.168.31.254', 57180)
2025-09-30 15:13:27,446 - server.tcp_server - INFO - 开始处理连接RealSense相机命令，客户端ID: client_4
2025-09-30 15:13:27,599 - controller.realsense_controller - INFO - 相机内参读取成功
2025-09-30 15:13:27,600 - controller.realsense_controller - INFO - RealSense相机连接成功
2025-09-30 15:13:27,600 - server.tcp_server - INFO - 返回成功响应: {"type": "response", "status": "success", "message": "RealSense相机连接成功", "data": {"connected": true}, "message_id": "msg_1_1759216407"}
2025-09-30 15:13:28,482 - root - INFO - 速度比设置成功
2025-09-30 15:13:28,483 - controller.robot_controller - INFO - 速度比设置为 0.49
2025-09-30 15:13:29,505 - root - INFO - 关节运动完成
2025-09-30 15:13:29,505 - controller.robot_controller - INFO - 运动到指定姿态完成
2025-09-30 15:13:31,164 - root - INFO - 速度比设置成功
2025-09-30 15:13:31,164 - controller.robot_controller - INFO - 速度比设置为 0.49
2025-09-30 15:13:32,182 - root - INFO - 关节运动完成
2025-09-30 15:13:32,182 - controller.robot_controller - INFO - 运动到指定姿态完成
2025-09-30 15:13:33,839 - root - INFO - 速度比设置成功
2025-09-30 15:13:33,839 - controller.robot_controller - INFO - 速度比设置为 0.49
2025-09-30 15:13:35,357 - root - INFO - 关节运动完成
2025-09-30 15:13:35,357 - controller.robot_controller - INFO - 运动到指定姿态完成
2025-09-30 15:13:37,001 - root - INFO - 速度比设置成功
2025-09-30 15:13:37,001 - controller.robot_controller - INFO - 速度比设置为 0.49
2025-09-30 15:13:39,021 - root - INFO - 关节运动完成
2025-09-30 15:13:39,021 - controller.robot_controller - INFO - 运动到指定姿态完成
2025-09-30 15:13:40,664 - root - INFO - 速度比设置成功
2025-09-30 15:13:40,664 - controller.robot_controller - INFO - 速度比设置为 0.49
2025-09-30 15:13:43,685 - root - INFO - 关节运动完成
2025-09-30 15:13:43,686 - controller.robot_controller - INFO - 运动到指定姿态完成
2025-09-30 15:13:45,337 - root - INFO - 速度比设置成功
2025-09-30 15:13:45,337 - controller.robot_controller - INFO - 速度比设置为 0.49
2025-09-30 15:13:47,858 - root - INFO - 关节运动完成
2025-09-30 15:13:47,858 - controller.robot_controller - INFO - 运动到指定姿态完成
2025-09-30 15:13:49,503 - root - INFO - 速度比设置成功
2025-09-30 15:13:49,503 - controller.robot_controller - INFO - 速度比设置为 0.49
2025-09-30 15:13:50,521 - root - INFO - 关节运动完成
2025-09-30 15:13:50,521 - controller.robot_controller - INFO - 运动到指定姿态完成
2025-09-30 15:13:52,166 - root - INFO - 速度比设置成功
2025-09-30 15:13:52,166 - controller.robot_controller - INFO - 速度比设置为 0.49
2025-09-30 15:13:53,184 - root - INFO - 关节运动完成
2025-09-30 15:13:53,184 - controller.robot_controller - INFO - 运动到指定姿态完成
2025-09-30 15:13:54,841 - root - INFO - 速度比设置成功
2025-09-30 15:13:54,841 - controller.robot_controller - INFO - 速度比设置为 0.49
2025-09-30 15:13:56,358 - root - INFO - 关节运动完成
2025-09-30 15:13:56,359 - controller.robot_controller - INFO - 运动到指定姿态完成
2025-09-30 15:13:58,003 - root - INFO - 速度比设置成功
2025-09-30 15:13:58,003 - controller.robot_controller - INFO - 速度比设置为 0.49
2025-09-30 15:13:59,521 - root - INFO - 关节运动完成
2025-09-30 15:13:59,522 - controller.robot_controller - INFO - 运动到指定姿态完成
2025-09-30 15:14:01,165 - root - INFO - 速度比设置成功
2025-09-30 15:14:01,165 - controller.robot_controller - INFO - 速度比设置为 0.49
2025-09-30 15:14:03,186 - root - INFO - 关节运动完成
2025-09-30 15:14:03,186 - controller.robot_controller - INFO - 运动到指定姿态完成
2025-09-30 15:14:04,844 - root - INFO - 速度比设置成功
2025-09-30 15:14:04,844 - controller.robot_controller - INFO - 速度比设置为 0.49
2025-09-30 15:14:07,370 - root - INFO - 关节运动完成
2025-09-30 15:14:07,370 - controller.robot_controller - INFO - 运动到指定姿态完成
2025-09-30 15:14:09,010 - root - INFO - 速度比设置成功
2025-09-30 15:14:09,010 - controller.robot_controller - INFO - 速度比设置为 0.49
2025-09-30 15:14:11,530 - root - INFO - 关节运动完成
2025-09-30 15:14:11,530 - controller.robot_controller - INFO - 运动到指定姿态完成
2025-09-30 15:14:13,163 - root - INFO - 速度比设置成功
2025-09-30 15:14:13,164 - controller.robot_controller - INFO - 速度比设置为 0.49
2025-09-30 15:14:15,684 - root - INFO - 关节运动完成
2025-09-30 15:14:15,684 - controller.robot_controller - INFO - 运动到指定姿态完成
2025-09-30 15:14:17,342 - root - INFO - 速度比设置成功
2025-09-30 15:14:17,342 - controller.robot_controller - INFO - 速度比设置为 0.49
2025-09-30 15:14:18,359 - root - INFO - 关节运动完成
2025-09-30 15:14:18,359 - controller.robot_controller - INFO - 运动到指定姿态完成
2025-09-30 15:14:20,004 - root - INFO - 速度比设置成功
2025-09-30 15:14:20,004 - controller.robot_controller - INFO - 速度比设置为 0.49
2025-09-30 15:14:21,523 - root - INFO - 关节运动完成
2025-09-30 15:14:21,524 - controller.robot_controller - INFO - 运动到指定姿态完成
2025-09-30 15:14:23,171 - root - INFO - 速度比设置成功
2025-09-30 15:14:23,171 - controller.robot_controller - INFO - 速度比设置为 0.49
2025-09-30 15:14:24,689 - root - INFO - 关节运动完成
2025-09-30 15:14:24,690 - controller.robot_controller - INFO - 运动到指定姿态完成
2025-09-30 15:14:26,333 - root - INFO - 速度比设置成功
2025-09-30 15:14:26,333 - controller.robot_controller - INFO - 速度比设置为 0.49
2025-09-30 15:14:28,855 - root - INFO - 关节运动完成
2025-09-30 15:14:28,855 - controller.robot_controller - INFO - 运动到指定姿态完成
2025-09-30 15:14:30,491 - root - INFO - 速度比设置成功
2025-09-30 15:14:30,491 - controller.robot_controller - INFO - 速度比设置为 0.49
2025-09-30 15:14:34,017 - root - INFO - 关节运动完成
2025-09-30 15:14:34,017 - controller.robot_controller - INFO - 运动到指定姿态完成
2025-09-30 15:14:35,661 - root - INFO - 速度比设置成功
2025-09-30 15:14:35,661 - controller.robot_controller - INFO - 速度比设置为 0.49
2025-09-30 15:14:38,187 - root - INFO - 关节运动完成
2025-09-30 15:14:38,187 - controller.robot_controller - INFO - 运动到指定姿态完成
2025-09-30 15:14:39,842 - root - INFO - 速度比设置成功
2025-09-30 15:14:39,842 - controller.robot_controller - INFO - 速度比设置为 0.49
2025-09-30 15:14:40,860 - root - INFO - 关节运动完成
2025-09-30 15:14:40,860 - controller.robot_controller - INFO - 运动到指定姿态完成
2025-09-30 15:14:42,493 - root - INFO - 速度比设置成功
2025-09-30 15:14:42,493 - controller.robot_controller - INFO - 速度比设置为 0.49
2025-09-30 15:14:43,511 - root - INFO - 关节运动完成
2025-09-30 15:14:43,511 - controller.robot_controller - INFO - 运动到指定姿态完成
2025-09-30 15:14:45,164 - root - INFO - 速度比设置成功
2025-09-30 15:14:45,164 - controller.robot_controller - INFO - 速度比设置为 0.49
2025-09-30 15:14:46,181 - root - INFO - 关节运动完成
2025-09-30 15:14:46,181 - controller.robot_controller - INFO - 运动到指定姿态完成
2025-09-30 15:14:47,834 - root - INFO - 速度比设置成功
2025-09-30 15:14:47,834 - controller.robot_controller - INFO - 速度比设置为 0.49
2025-09-30 15:14:49,355 - root - INFO - 关节运动完成
2025-09-30 15:14:49,355 - controller.robot_controller - INFO - 运动到指定姿态完成
2025-09-30 15:14:50,993 - root - INFO - 速度比设置成功
2025-09-30 15:14:50,993 - controller.robot_controller - INFO - 速度比设置为 0.49
2025-09-30 15:14:53,013 - root - INFO - 关节运动完成
2025-09-30 15:14:53,013 - controller.robot_controller - INFO - 运动到指定姿态完成
2025-09-30 15:14:54,659 - root - INFO - 速度比设置成功
2025-09-30 15:14:54,660 - controller.robot_controller - INFO - 速度比设置为 0.49
2025-09-30 15:14:57,184 - root - INFO - 关节运动完成
2025-09-30 15:14:57,185 - controller.robot_controller - INFO - 运动到指定姿态完成
2025-09-30 15:14:58,829 - root - INFO - 速度比设置成功
2025-09-30 15:14:58,829 - controller.robot_controller - INFO - 速度比设置为 0.49
2025-09-30 15:15:00,850 - root - INFO - 关节运动完成
2025-09-30 15:15:00,850 - controller.robot_controller - INFO - 运动到指定姿态完成
2025-09-30 15:15:02,495 - root - INFO - 速度比设置成功
2025-09-30 15:15:02,495 - controller.robot_controller - INFO - 速度比设置为 0.49
2025-09-30 15:15:04,017 - root - INFO - 关节运动完成
2025-09-30 15:15:04,017 - controller.robot_controller - INFO - 运动到指定姿态完成
2025-09-30 15:15:05,666 - root - INFO - 速度比设置成功
2025-09-30 15:15:05,666 - controller.robot_controller - INFO - 速度比设置为 0.49
2025-09-30 15:15:06,683 - root - INFO - 关节运动完成
2025-09-30 15:15:06,683 - controller.robot_controller - INFO - 运动到指定姿态完成
2025-09-30 15:15:08,337 - root - INFO - 速度比设置成功
2025-09-30 15:15:08,337 - controller.robot_controller - INFO - 速度比设置为 0.49
2025-09-30 15:15:09,855 - root - INFO - 关节运动完成
2025-09-30 15:15:09,856 - controller.robot_controller - INFO - 运动到指定姿态完成
2025-09-30 15:15:11,503 - root - INFO - 速度比设置成功
2025-09-30 15:15:11,503 - controller.robot_controller - INFO - 速度比设置为 0.49
2025-09-30 15:15:13,024 - root - INFO - 关节运动完成
2025-09-30 15:15:13,024 - controller.robot_controller - INFO - 运动到指定姿态完成
2025-09-30 15:15:14,669 - root - INFO - 速度比设置成功
2025-09-30 15:15:14,669 - controller.robot_controller - INFO - 速度比设置为 0.49
2025-09-30 15:15:16,691 - root - INFO - 关节运动完成
2025-09-30 15:15:16,691 - controller.robot_controller - INFO - 运动到指定姿态完成
2025-09-30 15:15:18,347 - root - INFO - 速度比设置成功
2025-09-30 15:15:18,348 - controller.robot_controller - INFO - 速度比设置为 0.49
2025-09-30 15:15:21,370 - root - INFO - 关节运动完成
2025-09-30 15:15:21,370 - controller.robot_controller - INFO - 运动到指定姿态完成
2025-09-30 15:15:23,025 - root - INFO - 速度比设置成功
2025-09-30 15:15:23,025 - controller.robot_controller - INFO - 速度比设置为 0.49
2025-09-30 15:15:25,550 - root - INFO - 关节运动完成
2025-09-30 15:15:25,550 - controller.robot_controller - INFO - 运动到指定姿态完成
2025-09-30 15:15:27,187 - root - INFO - 速度比设置成功
2025-09-30 15:15:27,187 - controller.robot_controller - INFO - 速度比设置为 0.49
2025-09-30 15:15:28,706 - root - INFO - 关节运动完成
2025-09-30 15:15:28,706 - controller.robot_controller - INFO - 运动到指定姿态完成
2025-09-30 15:15:30,358 - root - INFO - 速度比设置成功
2025-09-30 15:15:30,358 - controller.robot_controller - INFO - 速度比设置为 0.49
2025-09-30 15:15:31,376 - root - INFO - 关节运动完成
2025-09-30 15:15:31,376 - controller.robot_controller - INFO - 运动到指定姿态完成
2025-09-30 15:15:33,028 - root - INFO - 速度比设置成功
2025-09-30 15:15:33,029 - controller.robot_controller - INFO - 速度比设置为 0.49
2025-09-30 15:15:34,552 - root - INFO - 关节运动完成
2025-09-30 15:15:34,552 - controller.robot_controller - INFO - 运动到指定姿态完成
2025-09-30 15:15:36,207 - root - INFO - 速度比设置成功
2025-09-30 15:15:36,207 - controller.robot_controller - INFO - 速度比设置为 0.49
2025-09-30 15:15:37,725 - root - INFO - 关节运动完成
2025-09-30 15:15:37,726 - controller.robot_controller - INFO - 运动到指定姿态完成
2025-09-30 15:15:39,377 - root - INFO - 速度比设置成功
2025-09-30 15:15:39,377 - controller.robot_controller - INFO - 速度比设置为 0.49
2025-09-30 15:15:41,397 - root - INFO - 关节运动完成
2025-09-30 15:15:41,397 - controller.robot_controller - INFO - 运动到指定姿态完成
2025-09-30 15:15:43,052 - root - INFO - 速度比设置成功
2025-09-30 15:15:43,052 - controller.robot_controller - INFO - 速度比设置为 0.49
2025-09-30 15:15:45,071 - root - INFO - 关节运动完成
2025-09-30 15:15:45,072 - controller.robot_controller - INFO - 运动到指定姿态完成
2025-09-30 15:15:46,730 - root - INFO - 速度比设置成功
2025-09-30 15:15:46,730 - controller.robot_controller - INFO - 速度比设置为 0.49
2025-09-30 15:15:49,751 - root - INFO - 关节运动完成
2025-09-30 15:15:49,752 - controller.robot_controller - INFO - 运动到指定姿态完成
2025-09-30 15:15:51,399 - root - INFO - 速度比设置成功
2025-09-30 15:15:51,399 - controller.robot_controller - INFO - 速度比设置为 0.49
2025-09-30 15:15:54,422 - root - INFO - 关节运动完成
2025-09-30 15:15:54,422 - controller.robot_controller - INFO - 运动到指定姿态完成
2025-09-30 15:15:56,077 - root - INFO - 速度比设置成功
2025-09-30 15:15:56,077 - controller.robot_controller - INFO - 速度比设置为 0.49
2025-09-30 15:15:57,094 - root - INFO - 关节运动完成
2025-09-30 15:15:57,094 - controller.robot_controller - INFO - 运动到指定姿态完成
2025-09-30 15:15:58,748 - root - INFO - 速度比设置成功
2025-09-30 15:15:58,748 - controller.robot_controller - INFO - 速度比设置为 0.49
2025-09-30 15:16:00,272 - root - INFO - 关节运动完成
2025-09-30 15:16:00,272 - controller.robot_controller - INFO - 运动到指定姿态完成
2025-09-30 15:16:01,906 - root - INFO - 速度比设置成功
2025-09-30 15:16:01,906 - controller.robot_controller - INFO - 速度比设置为 0.49
2025-09-30 15:16:03,425 - root - INFO - 关节运动完成
2025-09-30 15:16:03,425 - controller.robot_controller - INFO - 运动到指定姿态完成
2025-09-30 15:16:05,065 - root - INFO - 速度比设置成功
2025-09-30 15:16:05,065 - controller.robot_controller - INFO - 速度比设置为 0.49
2025-09-30 15:16:07,588 - root - INFO - 关节运动完成
2025-09-30 15:16:07,589 - controller.robot_controller - INFO - 运动到指定姿态完成
2025-09-30 15:16:09,235 - root - INFO - 速度比设置成功
2025-09-30 15:16:09,235 - controller.robot_controller - INFO - 速度比设置为 0.49
2025-09-30 15:16:11,755 - root - INFO - 关节运动完成
2025-09-30 15:16:11,755 - controller.robot_controller - INFO - 运动到指定姿态完成
2025-09-30 15:16:13,405 - root - INFO - 速度比设置成功
2025-09-30 15:16:13,405 - controller.robot_controller - INFO - 速度比设置为 0.49
2025-09-30 15:16:16,427 - root - INFO - 关节运动完成
2025-09-30 15:16:16,427 - controller.robot_controller - INFO - 运动到指定姿态完成
2025-09-30 15:16:18,078 - root - INFO - 速度比设置成功
2025-09-30 15:16:18,079 - controller.robot_controller - INFO - 速度比设置为 0.49
2025-09-30 15:16:19,096 - root - INFO - 关节运动完成
2025-09-30 15:16:19,097 - controller.robot_controller - INFO - 运动到指定姿态完成
2025-09-30 15:16:20,757 - root - INFO - 速度比设置成功
2025-09-30 15:16:20,757 - controller.robot_controller - INFO - 速度比设置为 0.49
2025-09-30 15:16:21,774 - root - INFO - 关节运动完成
2025-09-30 15:16:21,774 - controller.robot_controller - INFO - 运动到指定姿态完成
2025-09-30 15:16:23,408 - root - INFO - 速度比设置成功
2025-09-30 15:16:23,408 - controller.robot_controller - INFO - 速度比设置为 0.49
2025-09-30 15:16:24,926 - root - INFO - 关节运动完成
2025-09-30 15:16:24,927 - controller.robot_controller - INFO - 运动到指定姿态完成
2025-09-30 15:16:26,570 - root - INFO - 速度比设置成功
2025-09-30 15:16:26,570 - controller.robot_controller - INFO - 速度比设置为 0.49
2025-09-30 15:16:28,093 - root - INFO - 关节运动完成
2025-09-30 15:16:28,094 - controller.robot_controller - INFO - 运动到指定姿态完成
2025-09-30 15:16:29,749 - root - INFO - 速度比设置成功
2025-09-30 15:16:29,749 - controller.robot_controller - INFO - 速度比设置为 0.49
2025-09-30 15:16:34,279 - root - INFO - 关节运动完成
2025-09-30 15:16:34,279 - controller.robot_controller - INFO - 运动到指定姿态完成
2025-09-30 15:16:35,926 - root - INFO - 速度比设置成功
2025-09-30 15:16:35,926 - controller.robot_controller - INFO - 速度比设置为 0.49
2025-09-30 15:16:38,450 - root - INFO - 关节运动完成
2025-09-30 15:16:38,451 - controller.robot_controller - INFO - 运动到指定姿态完成
2025-09-30 15:16:40,096 - root - INFO - 速度比设置成功
2025-09-30 15:16:40,096 - controller.robot_controller - INFO - 速度比设置为 0.49
2025-09-30 15:16:42,616 - root - INFO - 关节运动完成
2025-09-30 15:16:42,616 - controller.robot_controller - INFO - 运动到指定姿态完成
2025-09-30 15:16:45,220 - controller.realsense_controller - INFO - RealSense相机连接已断开
2025-09-30 15:16:45,224 - server.tcp_server - INFO - 客户端 client_4 资源已清理
2025-09-30 15:16:45,251 - root - INFO - 去使能指令发送成功，等待机器人进入去使能状态
2025-09-30 15:16:45,753 - root - INFO - 机器人已成功去使能
2025-09-30 15:16:45,753 - controller.robot_controller - INFO - 机器人已去使能
2025-09-30 15:16:45,754 - controller.robot_controller - INFO - 机器人连接已断开
2025-09-30 15:16:45,755 - server.tcp_server - INFO - 客户端 client_3 资源已清理
2025-09-30 15:27:23,927 - server.tcp_server - INFO - 新客户端连接: ('192.168.31.254', 50100)
2025-09-30 15:27:23,927 - server.tcp_server - INFO - 开始处理连接机器人命令，客户端ID: client_5
2025-09-30 15:27:23,927 - controller.robot_controller - INFO - 正在连接机器人 192.168.0.10:10003
2025-09-30 15:27:23,927 - controller.robot_controller - INFO - 机器人连接成功
2025-09-30 15:27:23,928 - server.tcp_server - INFO - 机器人连接结果: True
2025-09-30 15:27:23,928 - server.tcp_server - INFO - 返回成功响应: {"type": "response", "status": "success", "message": "机器人连接成功", "data": {"connected": true}, "message_id": "msg_1_1759217243"}
2025-09-30 15:27:25,479 - root - INFO - 机器人已成功使能
2025-09-30 15:27:25,479 - controller.robot_controller - INFO - 机器人已使能
2025-09-30 15:27:25,484 - root - INFO - 速度比设置成功
2025-09-30 15:27:25,484 - controller.robot_controller - INFO - 速度比设置为 0.49
2025-09-30 15:27:27,007 - root - INFO - 关节运动完成
2025-09-30 15:27:27,008 - controller.robot_controller - INFO - 运动到指定姿态完成
2025-09-30 15:27:29,013 - server.tcp_server - INFO - 新客户端连接: ('192.168.31.254', 33864)
2025-09-30 15:27:29,014 - server.tcp_server - INFO - 开始处理连接RealSense相机命令，客户端ID: client_6
2025-09-30 15:27:29,174 - controller.realsense_controller - INFO - 相机内参读取成功
2025-09-30 15:27:29,174 - controller.realsense_controller - INFO - RealSense相机连接成功
2025-09-30 15:27:29,174 - server.tcp_server - INFO - 返回成功响应: {"type": "response", "status": "success", "message": "RealSense相机连接成功", "data": {"connected": true}, "message_id": "msg_1_1759217249"}
2025-09-30 15:27:30,145 - root - INFO - 速度比设置成功
2025-09-30 15:27:30,145 - controller.robot_controller - INFO - 速度比设置为 0.49
2025-09-30 15:27:31,163 - root - INFO - 关节运动完成
2025-09-30 15:27:31,163 - controller.robot_controller - INFO - 运动到指定姿态完成
2025-09-30 15:27:32,868 - root - INFO - 速度比设置成功
2025-09-30 15:27:32,868 - controller.robot_controller - INFO - 速度比设置为 0.49
2025-09-30 15:27:33,886 - root - INFO - 关节运动完成
2025-09-30 15:27:33,886 - controller.robot_controller - INFO - 运动到指定姿态完成
2025-09-30 15:27:35,530 - root - INFO - 速度比设置成功
2025-09-30 15:27:35,531 - controller.robot_controller - INFO - 速度比设置为 0.49
2025-09-30 15:27:37,049 - root - INFO - 关节运动完成
2025-09-30 15:27:37,050 - controller.robot_controller - INFO - 运动到指定姿态完成
2025-09-30 15:27:38,685 - root - INFO - 速度比设置成功
2025-09-30 15:27:38,685 - controller.robot_controller - INFO - 速度比设置为 0.49
2025-09-30 15:27:40,705 - root - INFO - 关节运动完成
2025-09-30 15:27:40,705 - controller.robot_controller - INFO - 运动到指定姿态完成
2025-09-30 15:27:42,363 - root - INFO - 速度比设置成功
2025-09-30 15:27:42,363 - controller.robot_controller - INFO - 速度比设置为 0.49
2025-09-30 15:27:45,386 - root - INFO - 关节运动完成
2025-09-30 15:27:45,386 - controller.robot_controller - INFO - 运动到指定姿态完成
2025-09-30 15:27:47,033 - root - INFO - 速度比设置成功
2025-09-30 15:27:47,033 - controller.robot_controller - INFO - 速度比设置为 0.49
2025-09-30 15:27:49,554 - root - INFO - 关节运动完成
2025-09-30 15:27:49,554 - controller.robot_controller - INFO - 运动到指定姿态完成
2025-09-30 15:27:51,203 - root - INFO - 速度比设置成功
2025-09-30 15:27:51,203 - controller.robot_controller - INFO - 速度比设置为 0.49
2025-09-30 15:27:52,220 - root - INFO - 关节运动完成
2025-09-30 15:27:52,220 - controller.robot_controller - INFO - 运动到指定姿态完成
2025-09-30 15:27:53,866 - root - INFO - 速度比设置成功
2025-09-30 15:27:53,866 - controller.robot_controller - INFO - 速度比设置为 0.49
2025-09-30 15:27:54,883 - root - INFO - 关节运动完成
2025-09-30 15:27:54,883 - controller.robot_controller - INFO - 运动到指定姿态完成
2025-09-30 15:27:56,541 - root - INFO - 速度比设置成功
2025-09-30 15:27:56,541 - controller.robot_controller - INFO - 速度比设置为 0.49
2025-09-30 15:27:58,062 - root - INFO - 关节运动完成
2025-09-30 15:27:58,062 - controller.robot_controller - INFO - 运动到指定姿态完成
2025-09-30 15:27:59,699 - root - INFO - 速度比设置成功
2025-09-30 15:27:59,699 - controller.robot_controller - INFO - 速度比设置为 0.49
2025-09-30 15:28:01,217 - root - INFO - 关节运动完成
2025-09-30 15:28:01,217 - controller.robot_controller - INFO - 运动到指定姿态完成
2025-09-30 15:28:02,866 - root - INFO - 速度比设置成功
2025-09-30 15:28:02,866 - controller.robot_controller - INFO - 速度比设置为 0.49
2025-09-30 15:28:04,886 - root - INFO - 关节运动完成
2025-09-30 15:28:04,886 - controller.robot_controller - INFO - 运动到指定姿态完成
2025-09-30 15:28:06,540 - root - INFO - 速度比设置成功
2025-09-30 15:28:06,540 - controller.robot_controller - INFO - 速度比设置为 0.49
2025-09-30 15:28:09,060 - root - INFO - 关节运动完成
2025-09-30 15:28:09,060 - controller.robot_controller - INFO - 运动到指定姿态完成
2025-09-30 15:28:10,706 - root - INFO - 速度比设置成功
2025-09-30 15:28:10,706 - controller.robot_controller - INFO - 速度比设置为 0.49
2025-09-30 15:28:13,232 - root - INFO - 关节运动完成
2025-09-30 15:28:13,232 - controller.robot_controller - INFO - 运动到指定姿态完成
2025-09-30 15:28:14,876 - root - INFO - 速度比设置成功
2025-09-30 15:28:14,876 - controller.robot_controller - INFO - 速度比设置为 0.49
2025-09-30 15:28:17,398 - root - INFO - 关节运动完成
2025-09-30 15:28:17,399 - controller.robot_controller - INFO - 运动到指定姿态完成
2025-09-30 15:28:19,054 - root - INFO - 速度比设置成功
2025-09-30 15:28:19,054 - controller.robot_controller - INFO - 速度比设置为 0.49
2025-09-30 15:28:20,073 - root - INFO - 关节运动完成
2025-09-30 15:28:20,073 - controller.robot_controller - INFO - 运动到指定姿态完成
2025-09-30 15:28:21,733 - root - INFO - 速度比设置成功
2025-09-30 15:28:21,733 - controller.robot_controller - INFO - 速度比设置为 0.49
2025-09-30 15:28:23,252 - root - INFO - 关节运动完成
2025-09-30 15:28:23,252 - controller.robot_controller - INFO - 运动到指定姿态完成
2025-09-30 15:28:24,900 - root - INFO - 速度比设置成功
2025-09-30 15:28:24,900 - controller.robot_controller - INFO - 速度比设置为 0.49
2025-09-30 15:28:26,418 - root - INFO - 关节运动完成
2025-09-30 15:28:26,419 - controller.robot_controller - INFO - 运动到指定姿态完成
2025-09-30 15:28:28,070 - root - INFO - 速度比设置成功
2025-09-30 15:28:28,070 - controller.robot_controller - INFO - 速度比设置为 0.49
2025-09-30 15:28:30,593 - root - INFO - 关节运动完成
2025-09-30 15:28:30,593 - controller.robot_controller - INFO - 运动到指定姿态完成
2025-09-30 15:28:32,248 - root - INFO - 速度比设置成功
2025-09-30 15:28:32,248 - controller.robot_controller - INFO - 速度比设置为 0.49
2025-09-30 15:28:35,772 - root - INFO - 关节运动完成
2025-09-30 15:28:35,772 - controller.robot_controller - INFO - 运动到指定姿态完成
2025-09-30 15:28:37,406 - root - INFO - 速度比设置成功
2025-09-30 15:28:37,406 - controller.robot_controller - INFO - 速度比设置为 0.49
2025-09-30 15:28:39,927 - root - INFO - 关节运动完成
2025-09-30 15:28:39,928 - controller.robot_controller - INFO - 运动到指定姿态完成
2025-09-30 15:28:41,564 - root - INFO - 速度比设置成功
2025-09-30 15:28:41,564 - controller.robot_controller - INFO - 速度比设置为 0.49
2025-09-30 15:28:42,582 - root - INFO - 关节运动完成
2025-09-30 15:28:42,582 - controller.robot_controller - INFO - 运动到指定姿态完成
2025-09-30 15:28:44,226 - root - INFO - 速度比设置成功
2025-09-30 15:28:44,227 - controller.robot_controller - INFO - 速度比设置为 0.49
2025-09-30 15:28:45,243 - root - INFO - 关节运动完成
2025-09-30 15:28:45,243 - controller.robot_controller - INFO - 运动到指定姿态完成
2025-09-30 15:28:46,893 - root - INFO - 速度比设置成功
2025-09-30 15:28:46,894 - controller.robot_controller - INFO - 速度比设置为 0.49
2025-09-30 15:28:47,911 - root - INFO - 关节运动完成
2025-09-30 15:28:47,911 - controller.robot_controller - INFO - 运动到指定姿态完成
2025-09-30 15:28:49,556 - root - INFO - 速度比设置成功
2025-09-30 15:28:49,556 - controller.robot_controller - INFO - 速度比设置为 0.49
2025-09-30 15:28:51,075 - root - INFO - 关节运动完成
2025-09-30 15:28:51,075 - controller.robot_controller - INFO - 运动到指定姿态完成
2025-09-30 15:28:52,719 - root - INFO - 速度比设置成功
2025-09-30 15:28:52,719 - controller.robot_controller - INFO - 速度比设置为 0.49
2025-09-30 15:28:54,739 - root - INFO - 关节运动完成
2025-09-30 15:28:54,739 - controller.robot_controller - INFO - 运动到指定姿态完成
2025-09-30 15:28:56,389 - root - INFO - 速度比设置成功
2025-09-30 15:28:56,390 - controller.robot_controller - INFO - 速度比设置为 0.49
2025-09-30 15:28:58,917 - root - INFO - 关节运动完成
2025-09-30 15:28:58,917 - controller.robot_controller - INFO - 运动到指定姿态完成
2025-09-30 15:29:00,559 - root - INFO - 速度比设置成功
2025-09-30 15:29:00,559 - controller.robot_controller - INFO - 速度比设置为 0.49
2025-09-30 15:29:02,580 - root - INFO - 关节运动完成
2025-09-30 15:29:02,580 - controller.robot_controller - INFO - 运动到指定姿态完成
2025-09-30 15:29:04,237 - root - INFO - 速度比设置成功
2025-09-30 15:29:04,237 - controller.robot_controller - INFO - 速度比设置为 0.49
2025-09-30 15:29:05,757 - root - INFO - 关节运动完成
2025-09-30 15:29:05,757 - controller.robot_controller - INFO - 运动到指定姿态完成
2025-09-30 15:29:07,404 - root - INFO - 速度比设置成功
2025-09-30 15:29:07,404 - controller.robot_controller - INFO - 速度比设置为 0.49
2025-09-30 15:29:08,421 - root - INFO - 关节运动完成
2025-09-30 15:29:08,422 - controller.robot_controller - INFO - 运动到指定姿态完成
2025-09-30 15:29:10,067 - root - INFO - 速度比设置成功
2025-09-30 15:29:10,067 - controller.robot_controller - INFO - 速度比设置为 0.49
2025-09-30 15:29:11,585 - root - INFO - 关节运动完成
2025-09-30 15:29:11,586 - controller.robot_controller - INFO - 运动到指定姿态完成
2025-09-30 15:29:13,233 - root - INFO - 速度比设置成功
2025-09-30 15:29:13,233 - controller.robot_controller - INFO - 速度比设置为 0.49
2025-09-30 15:29:14,752 - root - INFO - 关节运动完成
2025-09-30 15:29:14,752 - controller.robot_controller - INFO - 运动到指定姿态完成
2025-09-30 15:29:16,400 - root - INFO - 速度比设置成功
2025-09-30 15:29:16,400 - controller.robot_controller - INFO - 速度比设置为 0.49
2025-09-30 15:29:18,420 - root - INFO - 关节运动完成
2025-09-30 15:29:18,420 - controller.robot_controller - INFO - 运动到指定姿态完成
2025-09-30 15:29:20,062 - root - INFO - 速度比设置成功
2025-09-30 15:29:20,062 - controller.robot_controller - INFO - 速度比设置为 0.49
2025-09-30 15:29:23,085 - root - INFO - 关节运动完成
2025-09-30 15:29:23,085 - controller.robot_controller - INFO - 运动到指定姿态完成
2025-09-30 15:29:24,732 - root - INFO - 速度比设置成功
2025-09-30 15:29:24,732 - controller.robot_controller - INFO - 速度比设置为 0.49
2025-09-30 15:29:27,253 - root - INFO - 关节运动完成
2025-09-30 15:29:27,254 - controller.robot_controller - INFO - 运动到指定姿态完成
2025-09-30 15:29:28,910 - root - INFO - 速度比设置成功
2025-09-30 15:29:28,910 - controller.robot_controller - INFO - 速度比设置为 0.49
2025-09-30 15:29:30,433 - root - INFO - 关节运动完成
2025-09-30 15:29:30,433 - controller.robot_controller - INFO - 运动到指定姿态完成
2025-09-30 15:29:32,068 - root - INFO - 速度比设置成功
2025-09-30 15:29:32,068 - controller.robot_controller - INFO - 速度比设置为 0.49
2025-09-30 15:29:33,086 - root - INFO - 关节运动完成
2025-09-30 15:29:33,086 - controller.robot_controller - INFO - 运动到指定姿态完成
2025-09-30 15:29:34,731 - root - INFO - 速度比设置成功
2025-09-30 15:29:34,731 - controller.robot_controller - INFO - 速度比设置为 0.49
2025-09-30 15:29:36,250 - root - INFO - 关节运动完成
2025-09-30 15:29:36,251 - controller.robot_controller - INFO - 运动到指定姿态完成
2025-09-30 15:29:37,894 - root - INFO - 速度比设置成功
2025-09-30 15:29:37,894 - controller.robot_controller - INFO - 速度比设置为 0.49
2025-09-30 15:29:39,413 - root - INFO - 关节运动完成
2025-09-30 15:29:39,413 - controller.robot_controller - INFO - 运动到指定姿态完成
2025-09-30 15:29:41,064 - root - INFO - 速度比设置成功
2025-09-30 15:29:41,064 - controller.robot_controller - INFO - 速度比设置为 0.49
2025-09-30 15:29:43,084 - root - INFO - 关节运动完成
2025-09-30 15:29:43,084 - controller.robot_controller - INFO - 运动到指定姿态完成
2025-09-30 15:29:44,727 - root - INFO - 速度比设置成功
2025-09-30 15:29:44,727 - controller.robot_controller - INFO - 速度比设置为 0.49
2025-09-30 15:29:46,747 - root - INFO - 关节运动完成
2025-09-30 15:29:46,747 - controller.robot_controller - INFO - 运动到指定姿态完成
2025-09-30 15:29:48,385 - root - INFO - 速度比设置成功
2025-09-30 15:29:48,385 - controller.robot_controller - INFO - 速度比设置为 0.49
2025-09-30 15:29:51,410 - root - INFO - 关节运动完成
2025-09-30 15:29:51,410 - controller.robot_controller - INFO - 运动到指定姿态完成
2025-09-30 15:29:53,051 - root - INFO - 速度比设置成功
2025-09-30 15:29:53,051 - controller.robot_controller - INFO - 速度比设置为 0.49
2025-09-30 15:29:56,075 - root - INFO - 关节运动完成
2025-09-30 15:29:56,076 - controller.robot_controller - INFO - 运动到指定姿态完成
2025-09-30 15:29:57,733 - root - INFO - 速度比设置成功
2025-09-30 15:29:57,733 - controller.robot_controller - INFO - 速度比设置为 0.49
2025-09-30 15:29:58,750 - root - INFO - 关节运动完成
2025-09-30 15:29:58,750 - controller.robot_controller - INFO - 运动到指定姿态完成
2025-09-30 15:30:00,396 - root - INFO - 速度比设置成功
2025-09-30 15:30:00,396 - controller.robot_controller - INFO - 速度比设置为 0.49
2025-09-30 15:30:01,915 - root - INFO - 关节运动完成
2025-09-30 15:30:01,915 - controller.robot_controller - INFO - 运动到指定姿态完成
2025-09-30 15:30:03,554 - root - INFO - 速度比设置成功
2025-09-30 15:30:03,554 - controller.robot_controller - INFO - 速度比设置为 0.49
2025-09-30 15:30:05,073 - root - INFO - 关节运动完成
2025-09-30 15:30:05,073 - controller.robot_controller - INFO - 运动到指定姿态完成
2025-09-30 15:30:06,705 - root - INFO - 速度比设置成功
2025-09-30 15:30:06,705 - controller.robot_controller - INFO - 速度比设置为 0.49
2025-09-30 15:30:09,226 - root - INFO - 关节运动完成
2025-09-30 15:30:09,226 - controller.robot_controller - INFO - 运动到指定姿态完成
2025-09-30 15:30:10,867 - root - INFO - 速度比设置成功
2025-09-30 15:30:10,867 - controller.robot_controller - INFO - 速度比设置为 0.49
2025-09-30 15:30:13,388 - root - INFO - 关节运动完成
2025-09-30 15:30:13,388 - controller.robot_controller - INFO - 运动到指定姿态完成
2025-09-30 15:30:15,041 - root - INFO - 速度比设置成功
2025-09-30 15:30:15,041 - controller.robot_controller - INFO - 速度比设置为 0.49
2025-09-30 15:30:18,064 - root - INFO - 关节运动完成
2025-09-30 15:30:18,064 - controller.robot_controller - INFO - 运动到指定姿态完成
2025-09-30 15:30:19,695 - root - INFO - 速度比设置成功
2025-09-30 15:30:19,695 - controller.robot_controller - INFO - 速度比设置为 0.49
2025-09-30 15:30:20,712 - root - INFO - 关节运动完成
2025-09-30 15:30:20,712 - controller.robot_controller - INFO - 运动到指定姿态完成
2025-09-30 15:30:22,357 - root - INFO - 速度比设置成功
2025-09-30 15:30:22,358 - controller.robot_controller - INFO - 速度比设置为 0.49
2025-09-30 15:30:23,375 - root - INFO - 关节运动完成
2025-09-30 15:30:23,375 - controller.robot_controller - INFO - 运动到指定姿态完成
2025-09-30 15:30:25,008 - root - INFO - 速度比设置成功
2025-09-30 15:30:25,008 - controller.robot_controller - INFO - 速度比设置为 0.49
2025-09-30 15:30:26,527 - root - INFO - 关节运动完成
2025-09-30 15:30:26,528 - controller.robot_controller - INFO - 运动到指定姿态完成
2025-09-30 15:30:28,175 - root - INFO - 速度比设置成功
2025-09-30 15:30:28,175 - controller.robot_controller - INFO - 速度比设置为 0.49
2025-09-30 15:30:29,693 - root - INFO - 关节运动完成
2025-09-30 15:30:29,694 - controller.robot_controller - INFO - 运动到指定姿态完成
2025-09-30 15:30:31,337 - root - INFO - 速度比设置成功
2025-09-30 15:30:31,337 - controller.robot_controller - INFO - 速度比设置为 0.49
2025-09-30 15:30:36,365 - root - INFO - 关节运动完成
2025-09-30 15:30:36,366 - controller.robot_controller - INFO - 运动到指定姿态完成
2025-09-30 15:30:38,005 - root - INFO - 速度比设置成功
2025-09-30 15:30:38,005 - controller.robot_controller - INFO - 速度比设置为 0.49
2025-09-30 15:30:40,528 - root - INFO - 关节运动完成
2025-09-30 15:30:40,528 - controller.robot_controller - INFO - 运动到指定姿态完成
2025-09-30 15:30:42,164 - root - INFO - 速度比设置成功
2025-09-30 15:30:42,164 - controller.robot_controller - INFO - 速度比设置为 0.49
2025-09-30 15:30:44,685 - root - INFO - 关节运动完成
2025-09-30 15:30:44,686 - controller.robot_controller - INFO - 运动到指定姿态完成
2025-09-30 15:30:46,817 - controller.realsense_controller - INFO - RealSense相机连接已断开
2025-09-30 15:30:46,822 - server.tcp_server - INFO - 客户端 client_6 资源已清理
2025-09-30 15:30:46,852 - root - INFO - 去使能指令发送成功，等待机器人进入去使能状态
2025-09-30 15:30:47,355 - root - INFO - 机器人已成功去使能
2025-09-30 15:30:47,355 - controller.robot_controller - INFO - 机器人已去使能
2025-09-30 15:30:47,356 - controller.robot_controller - INFO - 机器人连接已断开
2025-09-30 15:30:47,357 - server.tcp_server - INFO - 客户端 client_5 资源已清理
2025-09-30 15:43:08,946 - server.tcp_server - INFO - 新客户端连接: ('192.168.31.254', 53084)
2025-09-30 15:43:08,946 - server.tcp_server - INFO - 开始处理连接机器人命令，客户端ID: client_7
2025-09-30 15:43:08,946 - controller.robot_controller - INFO - 正在连接机器人 192.168.0.10:10003
2025-09-30 15:43:08,948 - controller.robot_controller - INFO - 机器人连接成功
2025-09-30 15:43:08,948 - server.tcp_server - INFO - 机器人连接结果: True
2025-09-30 15:43:08,948 - server.tcp_server - INFO - 返回成功响应: {"type": "response", "status": "success", "message": "机器人连接成功", "data": {"connected": true}, "message_id": "msg_1_1759218188"}
2025-09-30 15:43:08,953 - root - INFO - 机器人已处于使能状态
2025-09-30 15:43:08,953 - controller.robot_controller - INFO - 机器人已使能
2025-09-30 15:43:08,961 - root - INFO - 速度比设置成功
2025-09-30 15:43:08,961 - controller.robot_controller - INFO - 速度比设置为 0.49
2025-09-30 15:43:10,480 - root - INFO - 关节运动完成
2025-09-30 15:43:10,480 - controller.robot_controller - INFO - 运动到指定姿态完成
2025-09-30 15:43:12,485 - server.tcp_server - INFO - 新客户端连接: ('192.168.31.254', 53096)
2025-09-30 15:43:12,486 - server.tcp_server - INFO - 开始处理连接RealSense相机命令，客户端ID: client_8
2025-09-30 15:43:12,532 - controller.realsense_controller - ERROR - RealSense相机连接失败: xioctl(VIDIOC_S_FMT) failed, errno=16 Last Error: Device or resource busy
2025-09-30 15:43:12,532 - server.tcp_server - INFO - 返回错误响应: {"type": "response", "status": "error", "message": "RealSense相机连接失败", "data": {}, "message_id": "msg_1_1759218192"}
2025-09-30 15:43:12,533 - server.tcp_server - INFO - 客户端 client_8 资源已清理
2025-09-30 15:43:12,558 - root - INFO - 去使能指令发送成功，等待机器人进入去使能状态
2025-09-30 15:43:13,060 - root - INFO - 机器人已成功去使能
2025-09-30 15:43:13,060 - controller.robot_controller - INFO - 机器人已去使能
2025-09-30 15:43:13,060 - server.tcp_server - INFO - 客户端 client_7 的机器人已去使能
2025-09-30 15:43:13,060 - controller.robot_controller - INFO - 机器人连接已断开
2025-09-30 15:43:13,060 - server.tcp_server - INFO - 客户端 client_7 的机器人连接已断开
2025-09-30 15:43:13,061 - server.tcp_server - INFO - 客户端 client_7 资源已清理
2025-09-30 15:43:24,074 - server.tcp_server - INFO - 新客户端连接: ('192.168.31.254', 47500)
2025-09-30 15:43:24,075 - server.tcp_server - INFO - 开始处理连接机器人命令，客户端ID: client_9
2025-09-30 15:43:24,075 - controller.robot_controller - INFO - 正在连接机器人 192.168.0.10:10003
2025-09-30 15:43:24,075 - controller.robot_controller - INFO - 机器人连接成功
2025-09-30 15:43:24,075 - server.tcp_server - INFO - 机器人连接结果: True
2025-09-30 15:43:24,075 - server.tcp_server - INFO - 返回成功响应: {"type": "response", "status": "success", "message": "机器人连接成功", "data": {"connected": true}, "message_id": "msg_1_1759218204"}
2025-09-30 15:43:25,629 - root - INFO - 机器人已成功使能
2025-09-30 15:43:25,629 - controller.robot_controller - INFO - 机器人已使能
2025-09-30 15:43:25,656 - root - INFO - 去使能指令发送成功，等待机器人进入去使能状态
2025-09-30 15:43:26,159 - root - INFO - 机器人已成功去使能
2025-09-30 15:43:26,159 - controller.robot_controller - INFO - 机器人已去使能
2025-09-30 15:43:26,160 - server.tcp_server - INFO - 客户端 client_9 的机器人已去使能
2025-09-30 15:43:26,160 - controller.robot_controller - INFO - 机器人连接已断开
2025-09-30 15:43:26,160 - server.tcp_server - INFO - 客户端 client_9 的机器人连接已断开
2025-09-30 15:43:26,160 - server.tcp_server - INFO - 客户端 client_9 资源已清理
2025-09-30 15:43:32,890 - server.tcp_server - INFO - 新客户端连接: ('192.168.31.254', 47792)
2025-09-30 15:43:32,891 - server.tcp_server - INFO - 开始处理连接机器人命令，客户端ID: client_10
2025-09-30 15:43:32,891 - controller.robot_controller - INFO - 正在连接机器人 192.168.0.10:10003
2025-09-30 15:43:32,891 - controller.robot_controller - INFO - 机器人连接成功
2025-09-30 15:43:32,891 - server.tcp_server - INFO - 机器人连接结果: True
2025-09-30 15:43:32,891 - server.tcp_server - INFO - 返回成功响应: {"type": "response", "status": "success", "message": "机器人连接成功", "data": {"connected": true}, "message_id": "msg_1_1759218212"}
2025-09-30 15:43:34,444 - root - INFO - 机器人已成功使能
2025-09-30 15:43:34,445 - controller.robot_controller - INFO - 机器人已使能
2025-09-30 15:43:34,453 - root - INFO - 速度比设置成功
2025-09-30 15:43:34,453 - controller.robot_controller - INFO - 速度比设置为 0.49
2025-09-30 15:43:34,974 - root - INFO - 关节运动完成
2025-09-30 15:43:34,974 - controller.robot_controller - INFO - 运动到指定姿态完成
2025-09-30 15:43:36,406 - root - INFO - 去使能指令发送成功，等待机器人进入去使能状态
2025-09-30 15:43:36,908 - root - INFO - 机器人已成功去使能
2025-09-30 15:43:36,909 - controller.robot_controller - INFO - 机器人已去使能
2025-09-30 15:43:36,909 - server.tcp_server - INFO - 客户端 client_10 的机器人已去使能
2025-09-30 15:43:36,909 - controller.robot_controller - INFO - 机器人连接已断开
2025-09-30 15:43:36,909 - server.tcp_server - INFO - 客户端 client_10 的机器人连接已断开
2025-09-30 15:43:36,909 - server.tcp_server - INFO - 客户端 client_10 资源已清理
2025-09-30 15:43:58,171 - server.tcp_server - INFO - 新客户端连接: ('192.168.31.254', 40416)
2025-09-30 15:43:58,171 - server.tcp_server - INFO - 开始处理连接机器人命令，客户端ID: client_11
2025-09-30 15:43:58,171 - controller.robot_controller - INFO - 正在连接机器人 192.168.0.10:10003
2025-09-30 15:43:58,172 - controller.robot_controller - INFO - 机器人连接成功
2025-09-30 15:43:58,172 - server.tcp_server - INFO - 机器人连接结果: True
2025-09-30 15:43:58,172 - server.tcp_server - INFO - 返回成功响应: {"type": "response", "status": "success", "message": "机器人连接成功", "data": {"connected": true}, "message_id": "msg_1_1759218238"}
2025-09-30 15:43:59,725 - root - INFO - 机器人已成功使能
2025-09-30 15:43:59,725 - controller.robot_controller - INFO - 机器人已使能
2025-09-30 15:43:59,733 - root - INFO - 速度比设置成功
2025-09-30 15:43:59,733 - controller.robot_controller - INFO - 速度比设置为 0.49
2025-09-30 15:44:00,253 - root - INFO - 关节运动完成
2025-09-30 15:44:00,254 - controller.robot_controller - INFO - 运动到指定姿态完成
2025-09-30 15:44:02,259 - server.tcp_server - INFO - 新客户端连接: ('192.168.31.254', 40432)
2025-09-30 15:44:02,260 - server.tcp_server - INFO - 开始处理连接RealSense相机命令，客户端ID: client_12
2025-09-30 15:44:02,431 - controller.realsense_controller - INFO - 相机内参读取成功
2025-09-30 15:44:02,432 - controller.realsense_controller - INFO - RealSense相机连接成功
2025-09-30 15:44:02,432 - server.tcp_server - INFO - 返回成功响应: {"type": "response", "status": "success", "message": "RealSense相机连接成功", "data": {"connected": true}, "message_id": "msg_1_1759218242"}
2025-09-30 15:44:03,550 - root - INFO - 速度比设置成功
2025-09-30 15:44:03,551 - controller.robot_controller - INFO - 速度比设置为 0.49
2025-09-30 15:44:04,571 - root - INFO - 关节运动完成
2025-09-30 15:44:04,571 - controller.robot_controller - INFO - 运动到指定姿态完成
2025-09-30 15:44:06,229 - root - INFO - 速度比设置成功
2025-09-30 15:44:06,229 - controller.robot_controller - INFO - 速度比设置为 0.49
2025-09-30 15:44:07,246 - root - INFO - 关节运动完成
2025-09-30 15:44:07,246 - controller.robot_controller - INFO - 运动到指定姿态完成
2025-09-30 15:44:08,891 - root - INFO - 速度比设置成功
2025-09-30 15:44:08,891 - controller.robot_controller - INFO - 速度比设置为 0.49
2025-09-30 15:44:10,409 - root - INFO - 关节运动完成
2025-09-30 15:44:10,409 - controller.robot_controller - INFO - 运动到指定姿态完成
2025-09-30 15:44:12,065 - root - INFO - 速度比设置成功
2025-09-30 15:44:12,065 - controller.robot_controller - INFO - 速度比设置为 0.49
2025-09-30 15:44:14,086 - root - INFO - 关节运动完成
2025-09-30 15:44:14,086 - controller.robot_controller - INFO - 运动到指定姿态完成
2025-09-30 15:44:15,731 - root - INFO - 速度比设置成功
2025-09-30 15:44:15,731 - controller.robot_controller - INFO - 速度比设置为 0.49
2025-09-30 15:44:18,753 - root - INFO - 关节运动完成
2025-09-30 15:44:18,753 - controller.robot_controller - INFO - 运动到指定姿态完成
2025-09-30 15:44:20,389 - root - INFO - 速度比设置成功
2025-09-30 15:44:20,389 - controller.robot_controller - INFO - 速度比设置为 0.49
2025-09-30 15:44:22,910 - root - INFO - 关节运动完成
2025-09-30 15:44:22,910 - controller.robot_controller - INFO - 运动到指定姿态完成
2025-09-30 15:44:24,555 - root - INFO - 速度比设置成功
2025-09-30 15:44:24,555 - controller.robot_controller - INFO - 速度比设置为 0.49
2025-09-30 15:44:26,073 - root - INFO - 关节运动完成
2025-09-30 15:44:26,073 - controller.robot_controller - INFO - 运动到指定姿态完成
2025-09-30 15:44:27,705 - root - INFO - 速度比设置成功
2025-09-30 15:44:27,706 - controller.robot_controller - INFO - 速度比设置为 0.49
2025-09-30 15:44:28,723 - root - INFO - 关节运动完成
2025-09-30 15:44:28,723 - controller.robot_controller - INFO - 运动到指定姿态完成
2025-09-30 15:44:30,369 - root - INFO - 速度比设置成功
2025-09-30 15:44:30,369 - controller.robot_controller - INFO - 速度比设置为 0.49
2025-09-30 15:44:31,386 - root - INFO - 关节运动完成
2025-09-30 15:44:31,386 - controller.robot_controller - INFO - 运动到指定姿态完成
2025-09-30 15:44:33,043 - root - INFO - 速度比设置成功
2025-09-30 15:44:33,043 - controller.robot_controller - INFO - 速度比设置为 0.49
2025-09-30 15:44:34,562 - root - INFO - 关节运动完成
2025-09-30 15:44:34,562 - controller.robot_controller - INFO - 运动到指定姿态完成
2025-09-30 15:44:36,206 - root - INFO - 速度比设置成功
2025-09-30 15:44:36,206 - controller.robot_controller - INFO - 速度比设置为 0.49
2025-09-30 15:44:38,230 - root - INFO - 关节运动完成
2025-09-30 15:44:38,230 - controller.robot_controller - INFO - 运动到指定姿态完成
2025-09-30 15:44:39,876 - root - INFO - 速度比设置成功
2025-09-30 15:44:39,876 - controller.robot_controller - INFO - 速度比设置为 0.49
2025-09-30 15:44:42,399 - root - INFO - 关节运动完成
2025-09-30 15:44:42,399 - controller.robot_controller - INFO - 运动到指定姿态完成
2025-09-30 15:44:44,055 - root - INFO - 速度比设置成功
2025-09-30 15:44:44,055 - controller.robot_controller - INFO - 速度比设置为 0.49
2025-09-30 15:44:46,582 - root - INFO - 关节运动完成
2025-09-30 15:44:46,583 - controller.robot_controller - INFO - 运动到指定姿态完成
2025-09-30 15:44:48,245 - root - INFO - 速度比设置成功
2025-09-30 15:44:48,245 - controller.robot_controller - INFO - 速度比设置为 0.49
2025-09-30 15:44:49,764 - root - INFO - 关节运动完成
2025-09-30 15:44:49,764 - controller.robot_controller - INFO - 运动到指定姿态完成
2025-09-30 15:44:51,408 - root - INFO - 速度比设置成功
2025-09-30 15:44:51,408 - controller.robot_controller - INFO - 速度比设置为 0.49
2025-09-30 15:44:52,425 - root - INFO - 关节运动完成
2025-09-30 15:44:52,425 - controller.robot_controller - INFO - 运动到指定姿态完成
2025-09-30 15:44:54,067 - root - INFO - 速度比设置成功
2025-09-30 15:44:54,067 - controller.robot_controller - INFO - 速度比设置为 0.49
2025-09-30 15:44:55,586 - root - INFO - 关节运动完成
2025-09-30 15:44:55,586 - controller.robot_controller - INFO - 运动到指定姿态完成
2025-09-30 15:44:57,234 - root - INFO - 速度比设置成功
2025-09-30 15:44:57,234 - controller.robot_controller - INFO - 速度比设置为 0.49
2025-09-30 15:44:58,752 - root - INFO - 关节运动完成
2025-09-30 15:44:58,753 - controller.robot_controller - INFO - 运动到指定姿态完成
2025-09-30 15:45:00,396 - root - INFO - 速度比设置成功
2025-09-30 15:45:00,396 - controller.robot_controller - INFO - 速度比设置为 0.49
2025-09-30 15:45:01,915 - root - INFO - 关节运动完成
2025-09-30 15:45:01,915 - controller.robot_controller - INFO - 运动到指定姿态完成
2025-09-30 15:45:03,699 - root - INFO - 速度比设置成功
2025-09-30 15:45:03,699 - controller.robot_controller - INFO - 速度比设置为 0.49
2025-09-30 15:45:05,723 - root - INFO - 关节运动完成
2025-09-30 15:45:05,724 - controller.robot_controller - INFO - 运动到指定姿态完成
2025-09-30 15:45:07,602 - root - INFO - 速度比设置成功
2025-09-30 15:45:07,602 - controller.robot_controller - INFO - 速度比设置为 0.49
2025-09-30 15:45:10,126 - root - INFO - 关节运动完成
2025-09-30 15:45:10,126 - controller.robot_controller - INFO - 运动到指定姿态完成
2025-09-30 15:45:11,764 - root - INFO - 速度比设置成功
2025-09-30 15:45:11,764 - controller.robot_controller - INFO - 速度比设置为 0.49
2025-09-30 15:45:14,285 - root - INFO - 关节运动完成
2025-09-30 15:45:14,286 - controller.robot_controller - INFO - 运动到指定姿态完成
2025-09-30 15:45:15,939 - root - INFO - 速度比设置成功
2025-09-30 15:45:15,939 - controller.robot_controller - INFO - 速度比设置为 0.49
2025-09-30 15:45:16,956 - root - INFO - 关节运动完成
2025-09-30 15:45:16,956 - controller.robot_controller - INFO - 运动到指定姿态完成
2025-09-30 15:45:18,598 - root - INFO - 速度比设置成功
2025-09-30 15:45:18,598 - controller.robot_controller - INFO - 速度比设置为 0.49
2025-09-30 15:45:20,121 - root - INFO - 关节运动完成
2025-09-30 15:45:20,122 - controller.robot_controller - INFO - 运动到指定姿态完成
2025-09-30 15:45:21,765 - root - INFO - 速度比设置成功
2025-09-30 15:45:21,765 - controller.robot_controller - INFO - 速度比设置为 0.49
2025-09-30 15:45:23,284 - root - INFO - 关节运动完成
2025-09-30 15:45:23,285 - controller.robot_controller - INFO - 运动到指定姿态完成
2025-09-30 15:45:24,944 - root - INFO - 速度比设置成功
2025-09-30 15:45:24,944 - controller.robot_controller - INFO - 速度比设置为 0.49
2025-09-30 15:45:27,470 - root - INFO - 关节运动完成
2025-09-30 15:45:27,470 - controller.robot_controller - INFO - 运动到指定姿态完成
2025-09-30 15:45:29,103 - root - INFO - 速度比设置成功
2025-09-30 15:45:29,103 - controller.robot_controller - INFO - 速度比设置为 0.49
2025-09-30 15:45:32,631 - root - INFO - 关节运动完成
2025-09-30 15:45:32,631 - controller.robot_controller - INFO - 运动到指定姿态完成
2025-09-30 15:45:34,285 - root - INFO - 速度比设置成功
2025-09-30 15:45:34,285 - controller.robot_controller - INFO - 速度比设置为 0.49
2025-09-30 15:45:36,811 - root - INFO - 关节运动完成
2025-09-30 15:45:36,812 - controller.robot_controller - INFO - 运动到指定姿态完成
2025-09-30 15:45:38,464 - root - INFO - 速度比设置成功
2025-09-30 15:45:38,464 - controller.robot_controller - INFO - 速度比设置为 0.49
2025-09-30 15:45:39,481 - root - INFO - 关节运动完成
2025-09-30 15:45:39,481 - controller.robot_controller - INFO - 运动到指定姿态完成
2025-09-30 15:45:41,135 - root - INFO - 速度比设置成功
2025-09-30 15:45:41,136 - controller.robot_controller - INFO - 速度比设置为 0.49
2025-09-30 15:45:42,153 - root - INFO - 关节运动完成
2025-09-30 15:45:42,153 - controller.robot_controller - INFO - 运动到指定姿态完成
2025-09-30 15:45:43,798 - root - INFO - 速度比设置成功
2025-09-30 15:45:43,799 - controller.robot_controller - INFO - 速度比设置为 0.49
2025-09-30 15:45:44,816 - root - INFO - 关节运动完成
2025-09-30 15:45:44,816 - controller.robot_controller - INFO - 运动到指定姿态完成
2025-09-30 15:45:46,466 - root - INFO - 速度比设置成功
2025-09-30 15:45:46,466 - controller.robot_controller - INFO - 速度比设置为 0.49
2025-09-30 15:45:47,985 - root - INFO - 关节运动完成
2025-09-30 15:45:47,986 - controller.robot_controller - INFO - 运动到指定姿态完成
2025-09-30 15:45:49,641 - root - INFO - 速度比设置成功
2025-09-30 15:45:49,641 - controller.robot_controller - INFO - 速度比设置为 0.49
2025-09-30 15:45:51,662 - root - INFO - 关节运动完成
2025-09-30 15:45:51,663 - controller.robot_controller - INFO - 运动到指定姿态完成
2025-09-30 15:45:53,316 - root - INFO - 速度比设置成功
2025-09-30 15:45:53,316 - controller.robot_controller - INFO - 速度比设置为 0.49
2025-09-30 15:45:55,844 - root - INFO - 关节运动完成
2025-09-30 15:45:55,844 - controller.robot_controller - INFO - 运动到指定姿态完成
2025-09-30 15:45:57,495 - root - INFO - 速度比设置成功
2025-09-30 15:45:57,495 - controller.robot_controller - INFO - 速度比设置为 0.49
2025-09-30 15:45:59,521 - root - INFO - 关节运动完成
2025-09-30 15:45:59,521 - controller.robot_controller - INFO - 运动到指定姿态完成
2025-09-30 15:46:01,166 - root - INFO - 速度比设置成功
2025-09-30 15:46:01,166 - controller.robot_controller - INFO - 速度比设置为 0.49
2025-09-30 15:46:02,183 - root - INFO - 关节运动完成
2025-09-30 15:46:02,183 - controller.robot_controller - INFO - 运动到指定姿态完成
2025-09-30 15:46:03,837 - root - INFO - 速度比设置成功
2025-09-30 15:46:03,837 - controller.robot_controller - INFO - 速度比设置为 0.49
2025-09-30 15:46:04,859 - root - INFO - 关节运动完成
2025-09-30 15:46:04,859 - controller.robot_controller - INFO - 运动到指定姿态完成
2025-09-30 15:46:06,504 - root - INFO - 速度比设置成功
2025-09-30 15:46:06,505 - controller.robot_controller - INFO - 速度比设置为 0.49
2025-09-30 15:46:08,023 - root - INFO - 关节运动完成
2025-09-30 15:46:08,023 - controller.robot_controller - INFO - 运动到指定姿态完成
2025-09-30 15:46:09,668 - root - INFO - 速度比设置成功
2025-09-30 15:46:09,668 - controller.robot_controller - INFO - 速度比设置为 0.49
2025-09-30 15:46:11,187 - root - INFO - 关节运动完成
2025-09-30 15:46:11,187 - controller.robot_controller - INFO - 运动到指定姿态完成
2025-09-30 15:46:12,835 - root - INFO - 速度比设置成功
2025-09-30 15:46:12,835 - controller.robot_controller - INFO - 速度比设置为 0.49
2025-09-30 15:46:14,855 - root - INFO - 关节运动完成
2025-09-30 15:46:14,856 - controller.robot_controller - INFO - 运动到指定姿态完成
2025-09-30 15:46:16,510 - root - INFO - 速度比设置成功
2025-09-30 15:46:16,510 - controller.robot_controller - INFO - 速度比设置为 0.49
2025-09-30 15:46:19,036 - root - INFO - 关节运动完成
2025-09-30 15:46:19,036 - controller.robot_controller - INFO - 运动到指定姿态完成
2025-09-30 15:46:20,681 - root - INFO - 速度比设置成功
2025-09-30 15:46:20,681 - controller.robot_controller - INFO - 速度比设置为 0.49
2025-09-30 15:46:22,701 - root - INFO - 关节运动完成
2025-09-30 15:46:22,702 - controller.robot_controller - INFO - 运动到指定姿态完成
2025-09-30 15:46:24,348 - root - INFO - 速度比设置成功
2025-09-30 15:46:24,348 - controller.robot_controller - INFO - 速度比设置为 0.49
2025-09-30 15:46:26,369 - root - INFO - 关节运动完成
2025-09-30 15:46:26,369 - controller.robot_controller - INFO - 运动到指定姿态完成
2025-09-30 15:46:28,003 - root - INFO - 速度比设置成功
2025-09-30 15:46:28,003 - controller.robot_controller - INFO - 速度比设置为 0.49
2025-09-30 15:46:29,020 - root - INFO - 关节运动完成
2025-09-30 15:46:29,020 - controller.robot_controller - INFO - 运动到指定姿态完成
2025-09-30 15:46:30,667 - root - INFO - 速度比设置成功
2025-09-30 15:46:30,667 - controller.robot_controller - INFO - 速度比设置为 0.49
2025-09-30 15:46:32,185 - root - INFO - 关节运动完成
2025-09-30 15:46:32,185 - controller.robot_controller - INFO - 运动到指定姿态完成
2025-09-30 15:46:33,842 - root - INFO - 速度比设置成功
2025-09-30 15:46:33,842 - controller.robot_controller - INFO - 速度比设置为 0.49
2025-09-30 15:46:35,361 - root - INFO - 关节运动完成
2025-09-30 15:46:35,361 - controller.robot_controller - INFO - 运动到指定姿态完成
2025-09-30 15:46:37,005 - root - INFO - 速度比设置成功
2025-09-30 15:46:37,005 - controller.robot_controller - INFO - 速度比设置为 0.49
2025-09-30 15:46:39,026 - root - INFO - 关节运动完成
2025-09-30 15:46:39,027 - controller.robot_controller - INFO - 运动到指定姿态完成
2025-09-30 15:46:40,672 - root - INFO - 速度比设置成功
2025-09-30 15:46:40,672 - controller.robot_controller - INFO - 速度比设置为 0.49
2025-09-30 15:46:43,695 - root - INFO - 关节运动完成
2025-09-30 15:46:43,696 - controller.robot_controller - INFO - 运动到指定姿态完成
2025-09-30 15:46:45,351 - root - INFO - 速度比设置成功
2025-09-30 15:46:45,351 - controller.robot_controller - INFO - 速度比设置为 0.49
2025-09-30 15:46:47,871 - root - INFO - 关节运动完成
2025-09-30 15:46:47,872 - controller.robot_controller - INFO - 运动到指定姿态完成
2025-09-30 15:46:49,526 - root - INFO - 速度比设置成功
2025-09-30 15:46:49,526 - controller.robot_controller - INFO - 速度比设置为 0.49
2025-09-30 15:46:51,046 - root - INFO - 关节运动完成
2025-09-30 15:46:51,046 - controller.robot_controller - INFO - 运动到指定姿态完成
2025-09-30 15:46:52,694 - root - INFO - 速度比设置成功
2025-09-30 15:46:52,694 - controller.robot_controller - INFO - 速度比设置为 0.49
2025-09-30 15:46:53,710 - root - INFO - 关节运动完成
2025-09-30 15:46:53,711 - controller.robot_controller - INFO - 运动到指定姿态完成
2025-09-30 15:46:55,369 - root - INFO - 速度比设置成功
2025-09-30 15:46:55,369 - controller.robot_controller - INFO - 速度比设置为 0.49
2025-09-30 15:46:56,889 - root - INFO - 关节运动完成
2025-09-30 15:46:56,889 - controller.robot_controller - INFO - 运动到指定姿态完成
2025-09-30 15:46:58,544 - root - INFO - 速度比设置成功
2025-09-30 15:46:58,544 - controller.robot_controller - INFO - 速度比设置为 0.49
2025-09-30 15:47:00,062 - root - INFO - 关节运动完成
2025-09-30 15:47:00,063 - controller.robot_controller - INFO - 运动到指定姿态完成
2025-09-30 15:47:01,699 - root - INFO - 速度比设置成功
2025-09-30 15:47:01,699 - controller.robot_controller - INFO - 速度比设置为 0.49
2025-09-30 15:47:03,720 - root - INFO - 关节运动完成
2025-09-30 15:47:03,720 - controller.robot_controller - INFO - 运动到指定姿态完成
2025-09-30 15:47:05,366 - root - INFO - 速度比设置成功
2025-09-30 15:47:05,367 - controller.robot_controller - INFO - 速度比设置为 0.49
2025-09-30 15:47:07,888 - root - INFO - 关节运动完成
2025-09-30 15:47:07,888 - controller.robot_controller - INFO - 运动到指定姿态完成
2025-09-30 15:47:09,545 - root - INFO - 速度比设置成功
2025-09-30 15:47:09,546 - controller.robot_controller - INFO - 速度比设置为 0.49
2025-09-30 15:47:12,067 - root - INFO - 关节运动完成
2025-09-30 15:47:12,067 - controller.robot_controller - INFO - 运动到指定姿态完成
2025-09-30 15:47:13,720 - root - INFO - 速度比设置成功
2025-09-30 15:47:13,721 - controller.robot_controller - INFO - 速度比设置为 0.49
2025-09-30 15:47:15,242 - root - INFO - 关节运动完成
2025-09-30 15:47:15,242 - controller.robot_controller - INFO - 运动到指定姿态完成
2025-09-30 15:47:16,888 - root - INFO - 速度比设置成功
2025-09-30 15:47:16,888 - controller.robot_controller - INFO - 速度比设置为 0.49
2025-09-30 15:47:17,906 - root - INFO - 关节运动完成
2025-09-30 15:47:17,906 - controller.robot_controller - INFO - 运动到指定姿态完成
2025-09-30 15:47:19,563 - root - INFO - 速度比设置成功
2025-09-30 15:47:19,563 - controller.robot_controller - INFO - 速度比设置为 0.49
2025-09-30 15:47:21,086 - root - INFO - 关节运动完成
2025-09-30 15:47:21,086 - controller.robot_controller - INFO - 运动到指定姿态完成
2025-09-30 15:47:22,730 - root - INFO - 速度比设置成功
2025-09-30 15:47:22,731 - controller.robot_controller - INFO - 速度比设置为 0.49
2025-09-30 15:47:24,252 - root - INFO - 关节运动完成
2025-09-30 15:47:24,252 - controller.robot_controller - INFO - 运动到指定姿态完成
2025-09-30 15:47:25,898 - root - INFO - 速度比设置成功
2025-09-30 15:47:25,898 - controller.robot_controller - INFO - 速度比设置为 0.49
2025-09-30 15:47:27,417 - root - INFO - 关节运动完成
2025-09-30 15:47:27,417 - controller.robot_controller - INFO - 运动到指定姿态完成
2025-09-30 15:47:29,065 - root - INFO - 速度比设置成功
2025-09-30 15:47:29,065 - controller.robot_controller - INFO - 速度比设置为 0.49
2025-09-30 15:47:31,085 - root - INFO - 关节运动完成
2025-09-30 15:47:31,086 - controller.robot_controller - INFO - 运动到指定姿态完成
2025-09-30 15:47:32,728 - root - INFO - 速度比设置成功
2025-09-30 15:47:32,728 - controller.robot_controller - INFO - 速度比设置为 0.49
2025-09-30 15:47:32,731 - controller.robot_controller - ERROR - 运动到指定姿态失败: 逆运动学解算失败: 运动学逆解失败，错误码: 20031
2025-09-30 15:47:34,376 - root - INFO - 速度比设置成功
2025-09-30 15:47:34,376 - controller.robot_controller - INFO - 速度比设置为 0.49
2025-09-30 15:47:35,895 - root - INFO - 关节运动完成
2025-09-30 15:47:35,895 - controller.robot_controller - INFO - 运动到指定姿态完成
2025-09-30 15:47:37,547 - root - INFO - 速度比设置成功
2025-09-30 15:47:37,547 - controller.robot_controller - INFO - 速度比设置为 0.49
2025-09-30 15:47:38,564 - root - INFO - 关节运动完成
2025-09-30 15:47:38,564 - controller.robot_controller - INFO - 运动到指定姿态完成
2025-09-30 15:47:40,207 - root - INFO - 速度比设置成功
2025-09-30 15:47:40,207 - controller.robot_controller - INFO - 速度比设置为 0.49
2025-09-30 15:47:41,726 - root - INFO - 关节运动完成
2025-09-30 15:47:41,726 - controller.robot_controller - INFO - 运动到指定姿态完成
2025-09-30 15:47:43,370 - root - INFO - 速度比设置成功
2025-09-30 15:47:43,370 - controller.robot_controller - INFO - 速度比设置为 0.49
2025-09-30 15:47:44,891 - root - INFO - 关节运动完成
2025-09-30 15:47:44,892 - controller.robot_controller - INFO - 运动到指定姿态完成
2025-09-30 15:47:46,551 - root - INFO - 速度比设置成功
2025-09-30 15:47:46,551 - controller.robot_controller - INFO - 速度比设置为 0.49
2025-09-30 15:47:49,074 - root - INFO - 关节运动完成
2025-09-30 15:47:49,075 - controller.robot_controller - INFO - 运动到指定姿态完成
2025-09-30 15:47:50,732 - root - INFO - 速度比设置成功
2025-09-30 15:47:50,733 - controller.robot_controller - INFO - 速度比设置为 0.49
2025-09-30 15:47:53,253 - root - INFO - 关节运动完成
2025-09-30 15:47:53,253 - controller.robot_controller - INFO - 运动到指定姿态完成
2025-09-30 15:47:54,899 - root - INFO - 速度比设置成功
2025-09-30 15:47:54,899 - controller.robot_controller - INFO - 速度比设置为 0.49
2025-09-30 15:47:57,921 - root - INFO - 关节运动完成
2025-09-30 15:47:57,922 - controller.robot_controller - INFO - 运动到指定姿态完成
2025-09-30 15:47:59,565 - root - INFO - 速度比设置成功
2025-09-30 15:47:59,565 - controller.robot_controller - INFO - 速度比设置为 0.49
2025-09-30 15:48:01,084 - root - INFO - 关节运动完成
2025-09-30 15:48:01,085 - controller.robot_controller - INFO - 运动到指定姿态完成
2025-09-30 15:48:02,731 - root - INFO - 速度比设置成功
2025-09-30 15:48:02,731 - controller.robot_controller - INFO - 速度比设置为 0.49
2025-09-30 15:48:03,748 - root - INFO - 关节运动完成
2025-09-30 15:48:03,748 - controller.robot_controller - INFO - 运动到指定姿态完成
2025-09-30 15:48:05,382 - root - INFO - 速度比设置成功
2025-09-30 15:48:05,382 - controller.robot_controller - INFO - 速度比设置为 0.49
2025-09-30 15:48:06,900 - root - INFO - 关节运动完成
2025-09-30 15:48:06,901 - controller.robot_controller - INFO - 运动到指定姿态完成
2025-09-30 15:48:08,544 - root - INFO - 速度比设置成功
2025-09-30 15:48:08,544 - controller.robot_controller - INFO - 速度比设置为 0.49
2025-09-30 15:48:10,062 - root - INFO - 关节运动完成
2025-09-30 15:48:10,063 - controller.robot_controller - INFO - 运动到指定姿态完成
2025-09-30 15:48:11,699 - root - INFO - 速度比设置成功
2025-09-30 15:48:11,699 - controller.robot_controller - INFO - 速度比设置为 0.49
2025-09-30 15:48:16,225 - root - INFO - 关节运动完成
2025-09-30 15:48:16,225 - controller.robot_controller - INFO - 运动到指定姿态完成
2025-09-30 15:48:17,864 - root - INFO - 速度比设置成功
2025-09-30 15:48:17,864 - controller.robot_controller - INFO - 速度比设置为 0.49
2025-09-30 15:48:20,886 - root - INFO - 关节运动完成
2025-09-30 15:48:20,886 - controller.robot_controller - INFO - 运动到指定姿态完成
2025-09-30 15:48:22,541 - root - INFO - 速度比设置成功
2025-09-30 15:48:22,542 - controller.robot_controller - INFO - 速度比设置为 0.49
2025-09-30 15:48:25,063 - root - INFO - 关节运动完成
2025-09-30 15:48:25,063 - controller.robot_controller - INFO - 运动到指定姿态完成
2025-09-30 15:48:26,700 - root - INFO - 速度比设置成功
2025-09-30 15:48:26,700 - controller.robot_controller - INFO - 速度比设置为 0.49
2025-09-30 15:48:28,218 - root - INFO - 关节运动完成
2025-09-30 15:48:28,218 - controller.robot_controller - INFO - 运动到指定姿态完成
2025-09-30 15:48:29,866 - root - INFO - 速度比设置成功
2025-09-30 15:48:29,866 - controller.robot_controller - INFO - 速度比设置为 0.49
2025-09-30 15:48:30,883 - root - INFO - 关节运动完成
2025-09-30 15:48:30,883 - controller.robot_controller - INFO - 运动到指定姿态完成
2025-09-30 15:48:32,529 - root - INFO - 速度比设置成功
2025-09-30 15:48:32,529 - controller.robot_controller - INFO - 速度比设置为 0.49
2025-09-30 15:48:34,048 - root - INFO - 关节运动完成
2025-09-30 15:48:34,048 - controller.robot_controller - INFO - 运动到指定姿态完成
2025-09-30 15:48:35,691 - root - INFO - 速度比设置成功
2025-09-30 15:48:35,692 - controller.robot_controller - INFO - 速度比设置为 0.49
2025-09-30 15:48:37,210 - root - INFO - 关节运动完成
2025-09-30 15:48:37,211 - controller.robot_controller - INFO - 运动到指定姿态完成
2025-09-30 15:48:38,866 - root - INFO - 速度比设置成功
2025-09-30 15:48:38,866 - controller.robot_controller - INFO - 速度比设置为 0.49
2025-09-30 15:48:40,886 - root - INFO - 关节运动完成
2025-09-30 15:48:40,886 - controller.robot_controller - INFO - 运动到指定姿态完成
2025-09-30 15:48:42,533 - root - INFO - 速度比设置成功
2025-09-30 15:48:42,533 - controller.robot_controller - INFO - 速度比设置为 0.49
2025-09-30 15:48:44,557 - root - INFO - 关节运动完成
2025-09-30 15:48:44,557 - controller.robot_controller - INFO - 运动到指定姿态完成
2025-09-30 15:48:46,203 - root - INFO - 速度比设置成功
2025-09-30 15:48:46,203 - controller.robot_controller - INFO - 速度比设置为 0.49
2025-09-30 15:48:48,724 - root - INFO - 关节运动完成
2025-09-30 15:48:48,724 - controller.robot_controller - INFO - 运动到指定姿态完成
2025-09-30 15:48:51,179 - controller.realsense_controller - INFO - RealSense相机连接已断开
2025-09-30 15:48:51,184 - server.tcp_server - INFO - 客户端 client_12 资源已清理
2025-09-30 15:48:51,215 - root - INFO - 去使能指令发送成功，等待机器人进入去使能状态
2025-09-30 15:48:51,717 - root - INFO - 机器人已成功去使能
2025-09-30 15:48:51,718 - controller.robot_controller - INFO - 机器人已去使能
2025-09-30 15:48:51,719 - controller.robot_controller - INFO - 机器人连接已断开
2025-09-30 15:48:51,720 - server.tcp_server - INFO - 客户端 client_11 资源已清理
2025-09-30 15:51:45,254 - server.tcp_server - INFO - 新客户端连接: ('192.168.31.254', 33868)
2025-09-30 15:51:45,254 - server.tcp_server - INFO - 开始处理连接机器人命令，客户端ID: client_13
2025-09-30 15:51:45,254 - controller.robot_controller - INFO - 正在连接机器人 192.168.0.10:10003
2025-09-30 15:51:45,255 - controller.robot_controller - INFO - 机器人连接成功
2025-09-30 15:51:45,255 - server.tcp_server - INFO - 机器人连接结果: True
2025-09-30 15:51:45,255 - server.tcp_server - INFO - 返回成功响应: {"type": "response", "status": "success", "message": "机器人连接成功", "data": {"connected": true}, "message_id": "msg_1_1759218705"}
2025-09-30 15:51:46,809 - root - INFO - 机器人已成功使能
2025-09-30 15:51:46,809 - controller.robot_controller - INFO - 机器人已使能
2025-09-30 15:51:46,818 - root - INFO - 速度比设置成功
2025-09-30 15:51:46,818 - controller.robot_controller - INFO - 速度比设置为 0.49
2025-09-30 15:51:48,341 - root - INFO - 关节运动完成
2025-09-30 15:51:48,341 - controller.robot_controller - INFO - 运动到指定姿态完成
2025-09-30 15:51:50,345 - server.tcp_server - INFO - 新客户端连接: ('192.168.31.254', 39090)
2025-09-30 15:51:50,346 - server.tcp_server - INFO - 开始处理连接RealSense相机命令，客户端ID: client_14
2025-09-30 15:51:50,380 - controller.realsense_controller - ERROR - RealSense相机连接失败: xioctl(VIDIOC_S_FMT) failed, errno=16 Last Error: Device or resource busy
2025-09-30 15:51:50,380 - server.tcp_server - INFO - 返回错误响应: {"type": "response", "status": "error", "message": "RealSense相机连接失败", "data": {}, "message_id": "msg_1_1759218710"}
2025-09-30 15:51:50,380 - server.tcp_server - INFO - 客户端 client_14 资源已清理
2025-09-30 15:51:50,407 - root - INFO - 去使能指令发送成功，等待机器人进入去使能状态
2025-09-30 15:51:50,909 - root - INFO - 机器人已成功去使能
2025-09-30 15:51:50,909 - controller.robot_controller - INFO - 机器人已去使能
2025-09-30 15:51:50,910 - controller.robot_controller - INFO - 机器人连接已断开
2025-09-30 15:51:50,911 - server.tcp_server - INFO - 客户端 client_13 资源已清理
2025-09-30 15:52:01,141 - server.tcp_server - INFO - 新客户端连接: ('192.168.31.254', 37560)
2025-09-30 15:52:01,141 - server.tcp_server - INFO - 开始处理连接机器人命令，客户端ID: client_15
2025-09-30 15:52:01,141 - controller.robot_controller - INFO - 正在连接机器人 192.168.0.10:10003
2025-09-30 15:52:01,142 - controller.robot_controller - INFO - 机器人连接成功
2025-09-30 15:52:01,142 - server.tcp_server - INFO - 机器人连接结果: True
2025-09-30 15:52:01,142 - server.tcp_server - INFO - 返回成功响应: {"type": "response", "status": "success", "message": "机器人连接成功", "data": {"connected": true}, "message_id": "msg_1_1759218721"}
2025-09-30 15:52:02,694 - root - INFO - 机器人已成功使能
2025-09-30 15:52:02,694 - controller.robot_controller - INFO - 机器人已使能
2025-09-30 15:52:02,702 - root - INFO - 速度比设置成功
2025-09-30 15:52:02,702 - controller.robot_controller - INFO - 速度比设置为 0.49
2025-09-30 15:52:03,222 - root - INFO - 关节运动完成
2025-09-30 15:52:03,222 - controller.robot_controller - INFO - 运动到指定姿态完成
2025-09-30 15:52:05,228 - server.tcp_server - INFO - 新客户端连接: ('192.168.31.254', 37576)
2025-09-30 15:52:05,229 - server.tcp_server - INFO - 开始处理连接RealSense相机命令，客户端ID: client_16
2025-09-30 15:52:05,401 - controller.realsense_controller - INFO - 相机内参读取成功
2025-09-30 15:52:05,401 - controller.realsense_controller - INFO - RealSense相机连接成功
2025-09-30 15:52:05,401 - server.tcp_server - INFO - 返回成功响应: {"type": "response", "status": "success", "message": "RealSense相机连接成功", "data": {"connected": true}, "message_id": "msg_1_1759218725"}
2025-09-30 15:52:06,316 - root - INFO - 速度比设置成功
2025-09-30 15:52:06,317 - controller.robot_controller - INFO - 速度比设置为 0.49
2025-09-30 15:52:07,336 - root - INFO - 关节运动完成
2025-09-30 15:52:07,336 - controller.robot_controller - INFO - 运动到指定姿态完成
2025-09-30 15:52:08,976 - root - INFO - 速度比设置成功
2025-09-30 15:52:08,976 - controller.robot_controller - INFO - 速度比设置为 0.49
2025-09-30 15:52:09,993 - root - INFO - 关节运动完成
2025-09-30 15:52:09,994 - controller.robot_controller - INFO - 运动到指定姿态完成
2025-09-30 15:52:11,651 - root - INFO - 速度比设置成功
2025-09-30 15:52:11,651 - controller.robot_controller - INFO - 速度比设置为 0.49
2025-09-30 15:52:13,173 - root - INFO - 关节运动完成
2025-09-30 15:52:13,174 - controller.robot_controller - INFO - 运动到指定姿态完成
2025-09-30 15:52:14,902 - root - INFO - 速度比设置成功
2025-09-30 15:52:14,902 - controller.robot_controller - INFO - 速度比设置为 0.49
2025-09-30 15:52:16,922 - root - INFO - 关节运动完成
2025-09-30 15:52:16,923 - controller.robot_controller - INFO - 运动到指定姿态完成
2025-09-30 15:52:18,565 - root - INFO - 速度比设置成功
2025-09-30 15:52:18,565 - controller.robot_controller - INFO - 速度比设置为 0.49
2025-09-30 15:52:21,588 - root - INFO - 关节运动完成
2025-09-30 15:52:21,588 - controller.robot_controller - INFO - 运动到指定姿态完成
2025-09-30 15:52:23,236 - root - INFO - 速度比设置成功
2025-09-30 15:52:23,236 - controller.robot_controller - INFO - 速度比设置为 0.49
2025-09-30 15:52:25,761 - root - INFO - 关节运动完成
2025-09-30 15:52:25,762 - controller.robot_controller - INFO - 运动到指定姿态完成
2025-09-30 15:52:27,395 - root - INFO - 速度比设置成功
2025-09-30 15:52:27,395 - controller.robot_controller - INFO - 速度比设置为 0.49
2025-09-30 15:52:28,914 - root - INFO - 关节运动完成
2025-09-30 15:52:28,914 - controller.robot_controller - INFO - 运动到指定姿态完成
2025-09-30 15:52:30,570 - root - INFO - 速度比设置成功
2025-09-30 15:52:30,570 - controller.robot_controller - INFO - 速度比设置为 0.49
2025-09-30 15:52:31,592 - root - INFO - 关节运动完成
2025-09-30 15:52:31,592 - controller.robot_controller - INFO - 运动到指定姿态完成
2025-09-30 15:52:33,245 - root - INFO - 速度比设置成功
2025-09-30 15:52:33,245 - controller.robot_controller - INFO - 速度比设置为 0.49
2025-09-30 15:52:34,263 - root - INFO - 关节运动完成
2025-09-30 15:52:34,263 - controller.robot_controller - INFO - 运动到指定姿态完成
2025-09-30 15:52:35,905 - root - INFO - 速度比设置成功
2025-09-30 15:52:35,905 - controller.robot_controller - INFO - 速度比设置为 0.49
2025-09-30 15:52:37,423 - root - INFO - 关节运动完成
2025-09-30 15:52:37,424 - controller.robot_controller - INFO - 运动到指定姿态完成
2025-09-30 15:52:39,064 - root - INFO - 速度比设置成功
2025-09-30 15:52:39,064 - controller.robot_controller - INFO - 速度比设置为 0.49
2025-09-30 15:52:41,088 - root - INFO - 关节运动完成
2025-09-30 15:52:41,088 - controller.robot_controller - INFO - 运动到指定姿态完成
2025-09-30 15:52:42,743 - root - INFO - 速度比设置成功
2025-09-30 15:52:42,743 - controller.robot_controller - INFO - 速度比设置为 0.49
2025-09-30 15:52:45,264 - root - INFO - 关节运动完成
2025-09-30 15:52:45,264 - controller.robot_controller - INFO - 运动到指定姿态完成
2025-09-30 15:52:46,902 - root - INFO - 速度比设置成功
2025-09-30 15:52:46,902 - controller.robot_controller - INFO - 速度比设置为 0.49
2025-09-30 15:52:49,423 - root - INFO - 关节运动完成
2025-09-30 15:52:49,423 - controller.robot_controller - INFO - 运动到指定姿态完成
2025-09-30 15:52:51,064 - root - INFO - 速度比设置成功
2025-09-30 15:52:51,064 - controller.robot_controller - INFO - 速度比设置为 0.49
2025-09-30 15:52:52,583 - root - INFO - 关节运动完成
2025-09-30 15:52:52,584 - controller.robot_controller - INFO - 运动到指定姿态完成
2025-09-30 15:52:54,240 - root - INFO - 速度比设置成功
2025-09-30 15:52:54,240 - controller.robot_controller - INFO - 速度比设置为 0.49
2025-09-30 15:52:55,257 - root - INFO - 关节运动完成
2025-09-30 15:52:55,257 - controller.robot_controller - INFO - 运动到指定姿态完成
2025-09-30 15:52:56,903 - root - INFO - 速度比设置成功
2025-09-30 15:52:56,903 - controller.robot_controller - INFO - 速度比设置为 0.49
2025-09-30 15:52:58,422 - root - INFO - 关节运动完成
2025-09-30 15:52:58,423 - controller.robot_controller - INFO - 运动到指定姿态完成
2025-09-30 15:53:00,066 - root - INFO - 速度比设置成功
2025-09-30 15:53:00,066 - controller.robot_controller - INFO - 速度比设置为 0.49
2025-09-30 15:53:01,585 - root - INFO - 关节运动完成
2025-09-30 15:53:01,585 - controller.robot_controller - INFO - 运动到指定姿态完成
2025-09-30 15:53:03,229 - root - INFO - 速度比设置成功
2025-09-30 15:53:03,229 - controller.robot_controller - INFO - 速度比设置为 0.49
2025-09-30 15:53:04,749 - root - INFO - 关节运动完成
2025-09-30 15:53:04,749 - controller.robot_controller - INFO - 运动到指定姿态完成
2025-09-30 15:53:06,386 - root - INFO - 速度比设置成功
2025-09-30 15:53:06,386 - controller.robot_controller - INFO - 速度比设置为 0.49
2025-09-30 15:53:08,410 - root - INFO - 关节运动完成
2025-09-30 15:53:08,410 - controller.robot_controller - INFO - 运动到指定姿态完成
2025-09-30 15:53:10,056 - root - INFO - 速度比设置成功
2025-09-30 15:53:10,056 - controller.robot_controller - INFO - 速度比设置为 0.49
2025-09-30 15:53:12,577 - root - INFO - 关节运动完成
2025-09-30 15:53:12,578 - controller.robot_controller - INFO - 运动到指定姿态完成
2025-09-30 15:53:14,222 - root - INFO - 速度比设置成功
2025-09-30 15:53:14,223 - controller.robot_controller - INFO - 速度比设置为 0.49
2025-09-30 15:53:16,746 - root - INFO - 关节运动完成
2025-09-30 15:53:16,746 - controller.robot_controller - INFO - 运动到指定姿态完成
2025-09-30 15:53:18,381 - root - INFO - 速度比设置成功
2025-09-30 15:53:18,381 - controller.robot_controller - INFO - 速度比设置为 0.49
2025-09-30 15:53:19,399 - root - INFO - 关节运动完成
2025-09-30 15:53:19,399 - controller.robot_controller - INFO - 运动到指定姿态完成
2025-09-30 15:53:21,049 - root - INFO - 速度比设置成功
2025-09-30 15:53:21,049 - controller.robot_controller - INFO - 速度比设置为 0.49
2025-09-30 15:53:22,569 - root - INFO - 关节运动完成
2025-09-30 15:53:22,569 - controller.robot_controller - INFO - 运动到指定姿态完成
2025-09-30 15:53:24,208 - root - INFO - 速度比设置成功
2025-09-30 15:53:24,208 - controller.robot_controller - INFO - 速度比设置为 0.49
2025-09-30 15:53:25,727 - root - INFO - 关节运动完成
2025-09-30 15:53:25,728 - controller.robot_controller - INFO - 运动到指定姿态完成
2025-09-30 15:53:27,367 - root - INFO - 速度比设置成功
2025-09-30 15:53:27,367 - controller.robot_controller - INFO - 速度比设置为 0.49
2025-09-30 15:53:29,889 - root - INFO - 关节运动完成
2025-09-30 15:53:29,889 - controller.robot_controller - INFO - 运动到指定姿态完成
2025-09-30 15:53:31,538 - root - INFO - 速度比设置成功
2025-09-30 15:53:31,538 - controller.robot_controller - INFO - 速度比设置为 0.49
2025-09-30 15:53:35,067 - root - INFO - 关节运动完成
2025-09-30 15:53:35,067 - controller.robot_controller - INFO - 运动到指定姿态完成
2025-09-30 15:53:36,705 - root - INFO - 速度比设置成功
2025-09-30 15:53:36,705 - controller.robot_controller - INFO - 速度比设置为 0.49
2025-09-30 15:53:39,225 - root - INFO - 关节运动完成
2025-09-30 15:53:39,226 - controller.robot_controller - INFO - 运动到指定姿态完成
2025-09-30 15:53:40,868 - root - INFO - 速度比设置成功
2025-09-30 15:53:40,868 - controller.robot_controller - INFO - 速度比设置为 0.49
2025-09-30 15:53:41,889 - root - INFO - 关节运动完成
2025-09-30 15:53:41,890 - controller.robot_controller - INFO - 运动到指定姿态完成
2025-09-30 15:53:43,539 - root - INFO - 速度比设置成功
2025-09-30 15:53:43,539 - controller.robot_controller - INFO - 速度比设置为 0.49
2025-09-30 15:53:44,556 - root - INFO - 关节运动完成
2025-09-30 15:53:44,556 - controller.robot_controller - INFO - 运动到指定姿态完成
2025-09-30 15:53:46,194 - root - INFO - 速度比设置成功
2025-09-30 15:53:46,194 - controller.robot_controller - INFO - 速度比设置为 0.49
2025-09-30 15:53:47,211 - root - INFO - 关节运动完成
2025-09-30 15:53:47,211 - controller.robot_controller - INFO - 运动到指定姿态完成
2025-09-30 15:53:48,862 - root - INFO - 速度比设置成功
2025-09-30 15:53:48,862 - controller.robot_controller - INFO - 速度比设置为 0.49
2025-09-30 15:53:50,384 - root - INFO - 关节运动完成
2025-09-30 15:53:50,385 - controller.robot_controller - INFO - 运动到指定姿态完成
2025-09-30 15:53:52,037 - root - INFO - 速度比设置成功
2025-09-30 15:53:52,037 - controller.robot_controller - INFO - 速度比设置为 0.49
2025-09-30 15:53:54,057 - root - INFO - 关节运动完成
2025-09-30 15:53:54,057 - controller.robot_controller - INFO - 运动到指定姿态完成
2025-09-30 15:53:55,696 - root - INFO - 速度比设置成功
2025-09-30 15:53:55,696 - controller.robot_controller - INFO - 速度比设置为 0.49
2025-09-30 15:53:58,223 - root - INFO - 关节运动完成
2025-09-30 15:53:58,224 - controller.robot_controller - INFO - 运动到指定姿态完成
2025-09-30 15:53:59,871 - root - INFO - 速度比设置成功
2025-09-30 15:53:59,871 - controller.robot_controller - INFO - 速度比设置为 0.49
2025-09-30 15:54:01,892 - root - INFO - 关节运动完成
2025-09-30 15:54:01,892 - controller.robot_controller - INFO - 运动到指定姿态完成
2025-09-30 15:54:03,538 - root - INFO - 速度比设置成功
2025-09-30 15:54:03,538 - controller.robot_controller - INFO - 速度比设置为 0.49
2025-09-30 15:54:04,556 - root - INFO - 关节运动完成
2025-09-30 15:54:04,556 - controller.robot_controller - INFO - 运动到指定姿态完成
2025-09-30 15:54:06,189 - root - INFO - 速度比设置成功
2025-09-30 15:54:06,189 - controller.robot_controller - INFO - 速度比设置为 0.49
2025-09-30 15:54:07,206 - root - INFO - 关节运动完成
2025-09-30 15:54:07,207 - controller.robot_controller - INFO - 运动到指定姿态完成
2025-09-30 15:54:08,852 - root - INFO - 速度比设置成功
2025-09-30 15:54:08,852 - controller.robot_controller - INFO - 速度比设置为 0.49
2025-09-30 15:54:10,372 - root - INFO - 关节运动完成
2025-09-30 15:54:10,373 - controller.robot_controller - INFO - 运动到指定姿态完成
2025-09-30 15:54:12,008 - root - INFO - 速度比设置成功
2025-09-30 15:54:12,008 - controller.robot_controller - INFO - 速度比设置为 0.49
2025-09-30 15:54:13,531 - root - INFO - 关节运动完成
2025-09-30 15:54:13,531 - controller.robot_controller - INFO - 运动到指定姿态完成
2025-09-30 15:54:15,167 - root - INFO - 速度比设置成功
2025-09-30 15:54:15,167 - controller.robot_controller - INFO - 速度比设置为 0.49
2025-09-30 15:54:17,187 - root - INFO - 关节运动完成
2025-09-30 15:54:17,187 - controller.robot_controller - INFO - 运动到指定姿态完成
2025-09-30 15:54:18,830 - root - INFO - 速度比设置成功
2025-09-30 15:54:18,830 - controller.robot_controller - INFO - 速度比设置为 0.49
2025-09-30 15:54:21,352 - root - INFO - 关节运动完成
2025-09-30 15:54:21,353 - controller.robot_controller - INFO - 运动到指定姿态完成
2025-09-30 15:54:22,989 - root - INFO - 速度比设置成功
2025-09-30 15:54:22,989 - controller.robot_controller - INFO - 速度比设置为 0.49
2025-09-30 15:54:25,009 - root - INFO - 关节运动完成
2025-09-30 15:54:25,009 - controller.robot_controller - INFO - 运动到指定姿态完成
2025-09-30 15:54:26,652 - root - INFO - 速度比设置成功
2025-09-30 15:54:26,652 - controller.robot_controller - INFO - 速度比设置为 0.49
2025-09-30 15:54:28,672 - root - INFO - 关节运动完成
2025-09-30 15:54:28,672 - controller.robot_controller - INFO - 运动到指定姿态完成
2025-09-30 15:54:30,307 - root - INFO - 速度比设置成功
2025-09-30 15:54:30,307 - controller.robot_controller - INFO - 速度比设置为 0.49
2025-09-30 15:54:31,325 - root - INFO - 关节运动完成
2025-09-30 15:54:31,325 - controller.robot_controller - INFO - 运动到指定姿态完成
2025-09-30 15:54:32,966 - root - INFO - 速度比设置成功
2025-09-30 15:54:32,966 - controller.robot_controller - INFO - 速度比设置为 0.49
2025-09-30 15:54:34,485 - root - INFO - 关节运动完成
2025-09-30 15:54:34,486 - controller.robot_controller - INFO - 运动到指定姿态完成
2025-09-30 15:54:36,134 - root - INFO - 速度比设置成功
2025-09-30 15:54:36,134 - controller.robot_controller - INFO - 速度比设置为 0.49
2025-09-30 15:54:37,652 - root - INFO - 关节运动完成
2025-09-30 15:54:37,652 - controller.robot_controller - INFO - 运动到指定姿态完成
2025-09-30 15:54:39,301 - root - INFO - 速度比设置成功
2025-09-30 15:54:39,301 - controller.robot_controller - INFO - 速度比设置为 0.49
2025-09-30 15:54:41,325 - root - INFO - 关节运动完成
2025-09-30 15:54:41,326 - controller.robot_controller - INFO - 运动到指定姿态完成
2025-09-30 15:54:42,964 - root - INFO - 速度比设置成功
2025-09-30 15:54:42,964 - controller.robot_controller - INFO - 速度比设置为 0.49
2025-09-30 15:54:45,987 - root - INFO - 关节运动完成
2025-09-30 15:54:45,987 - controller.robot_controller - INFO - 运动到指定姿态完成
2025-09-30 15:54:47,631 - root - INFO - 速度比设置成功
2025-09-30 15:54:47,631 - controller.robot_controller - INFO - 速度比设置为 0.49
2025-09-30 15:54:50,152 - root - INFO - 关节运动完成
2025-09-30 15:54:50,152 - controller.robot_controller - INFO - 运动到指定姿态完成
2025-09-30 15:54:51,790 - root - INFO - 速度比设置成功
2025-09-30 15:54:51,790 - controller.robot_controller - INFO - 速度比设置为 0.49
2025-09-30 15:54:53,309 - root - INFO - 关节运动完成
2025-09-30 15:54:53,309 - controller.robot_controller - INFO - 运动到指定姿态完成
2025-09-30 15:54:54,957 - root - INFO - 速度比设置成功
2025-09-30 15:54:54,957 - controller.robot_controller - INFO - 速度比设置为 0.49
2025-09-30 15:54:55,979 - root - INFO - 关节运动完成
2025-09-30 15:54:55,979 - controller.robot_controller - INFO - 运动到指定姿态完成
2025-09-30 15:54:57,628 - root - INFO - 速度比设置成功
2025-09-30 15:54:57,628 - controller.robot_controller - INFO - 速度比设置为 0.49
2025-09-30 15:54:59,151 - root - INFO - 关节运动完成
2025-09-30 15:54:59,152 - controller.robot_controller - INFO - 运动到指定姿态完成
2025-09-30 15:55:00,791 - root - INFO - 速度比设置成功
2025-09-30 15:55:00,792 - controller.robot_controller - INFO - 速度比设置为 0.49
2025-09-30 15:55:02,310 - root - INFO - 关节运动完成
2025-09-30 15:55:02,311 - controller.robot_controller - INFO - 运动到指定姿态完成
2025-09-30 15:55:03,955 - root - INFO - 速度比设置成功
2025-09-30 15:55:03,955 - controller.robot_controller - INFO - 速度比设置为 0.49
2025-09-30 15:55:05,975 - root - INFO - 关节运动完成
2025-09-30 15:55:05,975 - controller.robot_controller - INFO - 运动到指定姿态完成
2025-09-30 15:55:07,610 - root - INFO - 速度比设置成功
2025-09-30 15:55:07,610 - controller.robot_controller - INFO - 速度比设置为 0.49
2025-09-30 15:55:10,131 - root - INFO - 关节运动完成
2025-09-30 15:55:10,131 - controller.robot_controller - INFO - 运动到指定姿态完成
2025-09-30 15:55:11,765 - root - INFO - 速度比设置成功
2025-09-30 15:55:11,765 - controller.robot_controller - INFO - 速度比设置为 0.49
2025-09-30 15:55:14,286 - root - INFO - 关节运动完成
2025-09-30 15:55:14,287 - controller.robot_controller - INFO - 运动到指定姿态完成
2025-09-30 15:55:15,932 - root - INFO - 速度比设置成功
2025-09-30 15:55:15,932 - controller.robot_controller - INFO - 速度比设置为 0.49
2025-09-30 15:55:17,451 - root - INFO - 关节运动完成
2025-09-30 15:55:17,451 - controller.robot_controller - INFO - 运动到指定姿态完成
2025-09-30 15:55:19,087 - root - INFO - 速度比设置成功
2025-09-30 15:55:19,087 - controller.robot_controller - INFO - 速度比设置为 0.49
2025-09-30 15:55:20,105 - root - INFO - 关节运动完成
2025-09-30 15:55:20,105 - controller.robot_controller - INFO - 运动到指定姿态完成
2025-09-30 15:55:21,754 - root - INFO - 速度比设置成功
2025-09-30 15:55:21,754 - controller.robot_controller - INFO - 速度比设置为 0.49
2025-09-30 15:55:23,273 - root - INFO - 关节运动完成
2025-09-30 15:55:23,273 - controller.robot_controller - INFO - 运动到指定姿态完成
2025-09-30 15:55:24,930 - root - INFO - 速度比设置成功
2025-09-30 15:55:24,930 - controller.robot_controller - INFO - 速度比设置为 0.49
2025-09-30 15:55:26,453 - root - INFO - 关节运动完成
2025-09-30 15:55:26,453 - controller.robot_controller - INFO - 运动到指定姿态完成
2025-09-30 15:55:28,089 - root - INFO - 速度比设置成功
2025-09-30 15:55:28,089 - controller.robot_controller - INFO - 速度比设置为 0.49
2025-09-30 15:55:29,607 - root - INFO - 关节运动完成
2025-09-30 15:55:29,608 - controller.robot_controller - INFO - 运动到指定姿态完成
2025-09-30 15:55:31,252 - root - INFO - 速度比设置成功
2025-09-30 15:55:31,252 - controller.robot_controller - INFO - 速度比设置为 0.49
2025-09-30 15:55:33,272 - root - INFO - 关节运动完成
2025-09-30 15:55:33,272 - controller.robot_controller - INFO - 运动到指定姿态完成
2025-09-30 15:55:34,907 - root - INFO - 速度比设置成功
2025-09-30 15:55:34,907 - controller.robot_controller - INFO - 速度比设置为 0.49
2025-09-30 15:55:37,428 - root - INFO - 关节运动完成
2025-09-30 15:55:37,429 - controller.robot_controller - INFO - 运动到指定姿态完成
2025-09-30 15:55:39,114 - root - INFO - 速度比设置成功
2025-09-30 15:55:39,114 - controller.robot_controller - INFO - 速度比设置为 0.49
2025-09-30 15:55:41,637 - root - INFO - 关节运动完成
2025-09-30 15:55:41,637 - controller.robot_controller - INFO - 运动到指定姿态完成
2025-09-30 15:55:43,269 - root - INFO - 速度比设置成功
2025-09-30 15:55:43,269 - controller.robot_controller - INFO - 速度比设置为 0.49
2025-09-30 15:55:44,290 - root - INFO - 关节运动完成
2025-09-30 15:55:44,291 - controller.robot_controller - INFO - 运动到指定姿态完成
2025-09-30 15:55:45,936 - root - INFO - 速度比设置成功
2025-09-30 15:55:45,936 - controller.robot_controller - INFO - 速度比设置为 0.49
2025-09-30 15:55:47,460 - root - INFO - 关节运动完成
2025-09-30 15:55:47,460 - controller.robot_controller - INFO - 运动到指定姿态完成
2025-09-30 15:55:49,096 - root - INFO - 速度比设置成功
2025-09-30 15:55:49,096 - controller.robot_controller - INFO - 速度比设置为 0.49
2025-09-30 15:55:50,616 - root - INFO - 关节运动完成
2025-09-30 15:55:50,616 - controller.robot_controller - INFO - 运动到指定姿态完成
2025-09-30 15:55:52,259 - root - INFO - 速度比设置成功
2025-09-30 15:55:52,259 - controller.robot_controller - INFO - 速度比设置为 0.49
2025-09-30 15:55:54,780 - root - INFO - 关节运动完成
2025-09-30 15:55:54,781 - controller.robot_controller - INFO - 运动到指定姿态完成
2025-09-30 15:55:56,430 - root - INFO - 速度比设置成功
2025-09-30 15:55:56,430 - controller.robot_controller - INFO - 速度比设置为 0.49
2025-09-30 15:55:59,954 - root - INFO - 关节运动完成
2025-09-30 15:55:59,955 - controller.robot_controller - INFO - 运动到指定姿态完成
2025-09-30 15:56:01,589 - root - INFO - 速度比设置成功
2025-09-30 15:56:01,589 - controller.robot_controller - INFO - 速度比设置为 0.49
2025-09-30 15:56:04,611 - root - INFO - 关节运动完成
2025-09-30 15:56:04,611 - controller.robot_controller - INFO - 运动到指定姿态完成
2025-09-30 15:56:06,259 - root - INFO - 速度比设置成功
2025-09-30 15:56:06,259 - controller.robot_controller - INFO - 速度比设置为 0.49
2025-09-30 15:56:07,277 - root - INFO - 关节运动完成
2025-09-30 15:56:07,277 - controller.robot_controller - INFO - 运动到指定姿态完成
2025-09-30 15:56:08,923 - root - INFO - 速度比设置成功
2025-09-30 15:56:08,923 - controller.robot_controller - INFO - 速度比设置为 0.49
2025-09-30 15:56:09,944 - root - INFO - 关节运动完成
2025-09-30 15:56:09,944 - controller.robot_controller - INFO - 运动到指定姿态完成
2025-09-30 15:56:11,583 - root - INFO - 速度比设置成功
2025-09-30 15:56:11,583 - controller.robot_controller - INFO - 速度比设置为 0.49
2025-09-30 15:56:13,106 - root - INFO - 关节运动完成
2025-09-30 15:56:13,106 - controller.robot_controller - INFO - 运动到指定姿态完成
2025-09-30 15:56:14,754 - root - INFO - 速度比设置成功
2025-09-30 15:56:14,754 - controller.robot_controller - INFO - 速度比设置为 0.49
2025-09-30 15:56:16,277 - root - INFO - 关节运动完成
2025-09-30 15:56:16,277 - controller.robot_controller - INFO - 运动到指定姿态完成
2025-09-30 15:56:17,920 - root - INFO - 速度比设置成功
2025-09-30 15:56:17,920 - controller.robot_controller - INFO - 速度比设置为 0.49
2025-09-30 15:56:19,941 - root - INFO - 关节运动完成
2025-09-30 15:56:19,941 - controller.robot_controller - INFO - 运动到指定姿态完成
2025-09-30 15:56:21,579 - root - INFO - 速度比设置成功
2025-09-30 15:56:21,580 - controller.robot_controller - INFO - 速度比设置为 0.49
2025-09-30 15:56:24,603 - root - INFO - 关节运动完成
2025-09-30 15:56:24,603 - controller.robot_controller - INFO - 运动到指定姿态完成
2025-09-30 15:56:26,246 - root - INFO - 速度比设置成功
2025-09-30 15:56:26,246 - controller.robot_controller - INFO - 速度比设置为 0.49
2025-09-30 15:56:28,269 - root - INFO - 关节运动完成
2025-09-30 15:56:28,269 - controller.robot_controller - INFO - 运动到指定姿态完成
2025-09-30 15:56:29,898 - root - INFO - 速度比设置成功
2025-09-30 15:56:29,899 - controller.robot_controller - INFO - 速度比设置为 0.49
2025-09-30 15:56:30,916 - root - INFO - 关节运动完成
2025-09-30 15:56:30,916 - controller.robot_controller - INFO - 运动到指定姿态完成
2025-09-30 15:56:32,564 - root - INFO - 速度比设置成功
2025-09-30 15:56:32,564 - controller.robot_controller - INFO - 速度比设置为 0.49
2025-09-30 15:56:33,585 - root - INFO - 关节运动完成
2025-09-30 15:56:33,586 - controller.robot_controller - INFO - 运动到指定姿态完成
2025-09-30 15:56:35,225 - root - INFO - 速度比设置成功
2025-09-30 15:56:35,225 - controller.robot_controller - INFO - 速度比设置为 0.49
2025-09-30 15:56:36,743 - root - INFO - 关节运动完成
2025-09-30 15:56:36,744 - controller.robot_controller - INFO - 运动到指定姿态完成
2025-09-30 15:56:38,378 - root - INFO - 速度比设置成功
2025-09-30 15:56:38,378 - controller.robot_controller - INFO - 速度比设置为 0.49
2025-09-30 15:56:39,897 - root - INFO - 关节运动完成
2025-09-30 15:56:39,897 - controller.robot_controller - INFO - 运动到指定姿态完成
2025-09-30 15:56:41,551 - root - INFO - 速度比设置成功
2025-09-30 15:56:41,551 - controller.robot_controller - INFO - 速度比设置为 0.49
2025-09-30 15:56:43,571 - root - INFO - 关节运动完成
2025-09-30 15:56:43,571 - controller.robot_controller - INFO - 运动到指定姿态完成
2025-09-30 15:56:45,208 - root - INFO - 速度比设置成功
2025-09-30 15:56:45,208 - controller.robot_controller - INFO - 速度比设置为 0.49
2025-09-30 15:56:47,230 - root - INFO - 关节运动完成
2025-09-30 15:56:47,230 - controller.robot_controller - INFO - 运动到指定姿态完成
2025-09-30 15:56:48,865 - root - INFO - 速度比设置成功
2025-09-30 15:56:48,865 - controller.robot_controller - INFO - 速度比设置为 0.49
2025-09-30 15:56:51,386 - root - INFO - 关节运动完成
2025-09-30 15:56:51,386 - controller.robot_controller - INFO - 运动到指定姿态完成
2025-09-30 15:56:53,033 - root - INFO - 速度比设置成功
2025-09-30 15:56:53,033 - controller.robot_controller - INFO - 速度比设置为 0.49
2025-09-30 15:56:54,556 - root - INFO - 关节运动完成
2025-09-30 15:56:54,556 - controller.robot_controller - INFO - 运动到指定姿态完成
2025-09-30 15:56:56,194 - root - INFO - 速度比设置成功
2025-09-30 15:56:56,194 - controller.robot_controller - INFO - 速度比设置为 0.49
2025-09-30 15:56:57,213 - root - INFO - 关节运动完成
2025-09-30 15:56:57,214 - controller.robot_controller - INFO - 运动到指定姿态完成
2025-09-30 15:56:58,857 - root - INFO - 速度比设置成功
2025-09-30 15:56:58,857 - controller.robot_controller - INFO - 速度比设置为 0.49
2025-09-30 15:57:00,380 - root - INFO - 关节运动完成
2025-09-30 15:57:00,380 - controller.robot_controller - INFO - 运动到指定姿态完成
2025-09-30 15:57:02,009 - root - INFO - 速度比设置成功
2025-09-30 15:57:02,009 - controller.robot_controller - INFO - 速度比设置为 0.49
2025-09-30 15:57:03,530 - root - INFO - 关节运动完成
2025-09-30 15:57:03,530 - controller.robot_controller - INFO - 运动到指定姿态完成
2025-09-30 15:57:05,166 - root - INFO - 速度比设置成功
2025-09-30 15:57:05,167 - controller.robot_controller - INFO - 速度比设置为 0.49
2025-09-30 15:57:07,187 - root - INFO - 关节运动完成
2025-09-30 15:57:07,187 - controller.robot_controller - INFO - 运动到指定姿态完成
2025-09-30 15:57:08,831 - root - INFO - 速度比设置成功
2025-09-30 15:57:08,832 - controller.robot_controller - INFO - 速度比设置为 0.49
2025-09-30 15:57:11,855 - root - INFO - 关节运动完成
2025-09-30 15:57:11,855 - controller.robot_controller - INFO - 运动到指定姿态完成
2025-09-30 15:57:13,496 - root - INFO - 速度比设置成功
2025-09-30 15:57:13,496 - controller.robot_controller - INFO - 速度比设置为 0.49
2025-09-30 15:57:16,016 - root - INFO - 关节运动完成
2025-09-30 15:57:16,017 - controller.robot_controller - INFO - 运动到指定姿态完成
2025-09-30 15:57:17,660 - root - INFO - 速度比设置成功
2025-09-30 15:57:17,661 - controller.robot_controller - INFO - 速度比设置为 0.49
2025-09-30 15:57:19,179 - root - INFO - 关节运动完成
2025-09-30 15:57:19,179 - controller.robot_controller - INFO - 运动到指定姿态完成
2025-09-30 15:57:20,822 - root - INFO - 速度比设置成功
2025-09-30 15:57:20,822 - controller.robot_controller - INFO - 速度比设置为 0.49
2025-09-30 15:57:21,844 - root - INFO - 关节运动完成
2025-09-30 15:57:21,844 - controller.robot_controller - INFO - 运动到指定姿态完成
2025-09-30 15:57:23,484 - root - INFO - 速度比设置成功
2025-09-30 15:57:23,484 - controller.robot_controller - INFO - 速度比设置为 0.49
2025-09-30 15:57:25,002 - root - INFO - 关节运动完成
2025-09-30 15:57:25,002 - controller.robot_controller - INFO - 运动到指定姿态完成
2025-09-30 15:57:26,654 - root - INFO - 速度比设置成功
2025-09-30 15:57:26,654 - controller.robot_controller - INFO - 速度比设置为 0.49
2025-09-30 15:57:28,173 - root - INFO - 关节运动完成
2025-09-30 15:57:28,174 - controller.robot_controller - INFO - 运动到指定姿态完成
2025-09-30 15:57:29,807 - root - INFO - 速度比设置成功
2025-09-30 15:57:29,807 - controller.robot_controller - INFO - 速度比设置为 0.49
2025-09-30 15:57:31,827 - root - INFO - 关节运动完成
2025-09-30 15:57:31,827 - controller.robot_controller - INFO - 运动到指定姿态完成
2025-09-30 15:57:33,464 - root - INFO - 速度比设置成功
2025-09-30 15:57:33,464 - controller.robot_controller - INFO - 速度比设置为 0.49
2025-09-30 15:57:35,985 - root - INFO - 关节运动完成
2025-09-30 15:57:35,985 - controller.robot_controller - INFO - 运动到指定姿态完成
2025-09-30 15:57:37,629 - root - INFO - 速度比设置成功
2025-09-30 15:57:37,629 - controller.robot_controller - INFO - 速度比设置为 0.49
2025-09-30 15:57:40,151 - root - INFO - 关节运动完成
2025-09-30 15:57:40,151 - controller.robot_controller - INFO - 运动到指定姿态完成
2025-09-30 15:57:41,786 - root - INFO - 速度比设置成功
2025-09-30 15:57:41,786 - controller.robot_controller - INFO - 速度比设置为 0.49
2025-09-30 15:57:43,307 - root - INFO - 关节运动完成
2025-09-30 15:57:43,307 - controller.robot_controller - INFO - 运动到指定姿态完成
2025-09-30 15:57:44,948 - root - INFO - 速度比设置成功
2025-09-30 15:57:44,948 - controller.robot_controller - INFO - 速度比设置为 0.49
2025-09-30 15:57:45,966 - root - INFO - 关节运动完成
2025-09-30 15:57:45,966 - controller.robot_controller - INFO - 运动到指定姿态完成
2025-09-30 15:57:47,602 - root - INFO - 速度比设置成功
2025-09-30 15:57:47,602 - controller.robot_controller - INFO - 速度比设置为 0.49
2025-09-30 15:57:49,121 - root - INFO - 关节运动完成
2025-09-30 15:57:49,121 - controller.robot_controller - INFO - 运动到指定姿态完成
2025-09-30 15:57:50,764 - root - INFO - 速度比设置成功
2025-09-30 15:57:50,764 - controller.robot_controller - INFO - 速度比设置为 0.49
2025-09-30 15:57:52,284 - root - INFO - 关节运动完成
2025-09-30 15:57:52,285 - controller.robot_controller - INFO - 运动到指定姿态完成
2025-09-30 15:57:53,931 - root - INFO - 速度比设置成功
2025-09-30 15:57:53,931 - controller.robot_controller - INFO - 速度比设置为 0.49
2025-09-30 15:57:55,453 - root - INFO - 关节运动完成
2025-09-30 15:57:55,454 - controller.robot_controller - INFO - 运动到指定姿态完成
2025-09-30 15:57:57,088 - root - INFO - 速度比设置成功
2025-09-30 15:57:57,088 - controller.robot_controller - INFO - 速度比设置为 0.49
2025-09-30 15:57:59,108 - root - INFO - 关节运动完成
2025-09-30 15:57:59,108 - controller.robot_controller - INFO - 运动到指定姿态完成
2025-09-30 15:58:00,758 - root - INFO - 速度比设置成功
2025-09-30 15:58:00,758 - controller.robot_controller - INFO - 速度比设置为 0.49
2025-09-30 15:58:00,761 - controller.robot_controller - ERROR - 运动到指定姿态失败: 逆运动学解算失败: 运动学逆解失败，错误码: 20031
2025-09-30 15:58:02,393 - root - INFO - 速度比设置成功
2025-09-30 15:58:02,393 - controller.robot_controller - INFO - 速度比设置为 0.49
2025-09-30 15:58:03,912 - root - INFO - 关节运动完成
2025-09-30 15:58:03,912 - controller.robot_controller - INFO - 运动到指定姿态完成
2025-09-30 15:58:05,567 - root - INFO - 速度比设置成功
2025-09-30 15:58:05,567 - controller.robot_controller - INFO - 速度比设置为 0.49
2025-09-30 15:58:06,584 - root - INFO - 关节运动完成
2025-09-30 15:58:06,584 - controller.robot_controller - INFO - 运动到指定姿态完成
2025-09-30 15:58:08,233 - root - INFO - 速度比设置成功
2025-09-30 15:58:08,233 - controller.robot_controller - INFO - 速度比设置为 0.49
2025-09-30 15:58:09,751 - root - INFO - 关节运动完成
2025-09-30 15:58:09,751 - controller.robot_controller - INFO - 运动到指定姿态完成
2025-09-30 15:58:11,391 - root - INFO - 速度比设置成功
2025-09-30 15:58:11,391 - controller.robot_controller - INFO - 速度比设置为 0.49
2025-09-30 15:58:12,909 - root - INFO - 关节运动完成
2025-09-30 15:58:12,910 - controller.robot_controller - INFO - 运动到指定姿态完成
2025-09-30 15:58:14,557 - root - INFO - 速度比设置成功
2025-09-30 15:58:14,557 - controller.robot_controller - INFO - 速度比设置为 0.49
2025-09-30 15:58:17,078 - root - INFO - 关节运动完成
2025-09-30 15:58:17,078 - controller.robot_controller - INFO - 运动到指定姿态完成
2025-09-30 15:58:18,730 - root - INFO - 速度比设置成功
2025-09-30 15:58:18,731 - controller.robot_controller - INFO - 速度比设置为 0.49
2025-09-30 15:58:21,252 - root - INFO - 关节运动完成
2025-09-30 15:58:21,252 - controller.robot_controller - INFO - 运动到指定姿态完成
2025-09-30 15:58:22,888 - root - INFO - 速度比设置成功
2025-09-30 15:58:22,888 - controller.robot_controller - INFO - 速度比设置为 0.49
2025-09-30 15:58:25,915 - root - INFO - 关节运动完成
2025-09-30 15:58:25,915 - controller.robot_controller - INFO - 运动到指定姿态完成
2025-09-30 15:58:27,561 - root - INFO - 速度比设置成功
2025-09-30 15:58:27,562 - controller.robot_controller - INFO - 速度比设置为 0.49
2025-09-30 15:58:29,080 - root - INFO - 关节运动完成
2025-09-30 15:58:29,080 - controller.robot_controller - INFO - 运动到指定姿态完成
2025-09-30 15:58:30,727 - root - INFO - 速度比设置成功
2025-09-30 15:58:30,727 - controller.robot_controller - INFO - 速度比设置为 0.49
2025-09-30 15:58:31,745 - root - INFO - 关节运动完成
2025-09-30 15:58:31,745 - controller.robot_controller - INFO - 运动到指定姿态完成
2025-09-30 15:58:33,382 - root - INFO - 速度比设置成功
2025-09-30 15:58:33,382 - controller.robot_controller - INFO - 速度比设置为 0.49
2025-09-30 15:58:34,900 - root - INFO - 关节运动完成
2025-09-30 15:58:34,901 - controller.robot_controller - INFO - 运动到指定姿态完成
2025-09-30 15:58:36,548 - root - INFO - 速度比设置成功
2025-09-30 15:58:36,548 - controller.robot_controller - INFO - 速度比设置为 0.49
2025-09-30 15:58:38,067 - root - INFO - 关节运动完成
2025-09-30 15:58:38,068 - controller.robot_controller - INFO - 运动到指定姿态完成
2025-09-30 15:58:39,706 - root - INFO - 速度比设置成功
2025-09-30 15:58:39,706 - controller.robot_controller - INFO - 速度比设置为 0.49
2025-09-30 15:58:44,233 - root - INFO - 关节运动完成
2025-09-30 15:58:44,233 - controller.robot_controller - INFO - 运动到指定姿态完成
2025-09-30 15:58:45,866 - root - INFO - 速度比设置成功
2025-09-30 15:58:45,867 - controller.robot_controller - INFO - 速度比设置为 0.49
2025-09-30 15:58:48,889 - root - INFO - 关节运动完成
2025-09-30 15:58:48,889 - controller.robot_controller - INFO - 运动到指定姿态完成
2025-09-30 15:58:50,536 - root - INFO - 速度比设置成功
2025-09-30 15:58:50,536 - controller.robot_controller - INFO - 速度比设置为 0.49
2025-09-30 15:58:53,063 - root - INFO - 关节运动完成
2025-09-30 15:58:53,063 - controller.robot_controller - INFO - 运动到指定姿态完成
2025-09-30 15:58:54,698 - root - INFO - 速度比设置成功
2025-09-30 15:58:54,698 - controller.robot_controller - INFO - 速度比设置为 0.49
2025-09-30 15:58:56,217 - root - INFO - 关节运动完成
2025-09-30 15:58:56,217 - controller.robot_controller - INFO - 运动到指定姿态完成
2025-09-30 15:58:57,864 - root - INFO - 速度比设置成功
2025-09-30 15:58:57,864 - controller.robot_controller - INFO - 速度比设置为 0.49
2025-09-30 15:58:58,882 - root - INFO - 关节运动完成
2025-09-30 15:58:58,882 - controller.robot_controller - INFO - 运动到指定姿态完成
2025-09-30 15:59:00,527 - root - INFO - 速度比设置成功
2025-09-30 15:59:00,527 - controller.robot_controller - INFO - 速度比设置为 0.49
2025-09-30 15:59:02,046 - root - INFO - 关节运动完成
2025-09-30 15:59:02,046 - controller.robot_controller - INFO - 运动到指定姿态完成
2025-09-30 15:59:03,689 - root - INFO - 速度比设置成功
2025-09-30 15:59:03,689 - controller.robot_controller - INFO - 速度比设置为 0.49
2025-09-30 15:59:05,208 - root - INFO - 关节运动完成
2025-09-30 15:59:05,208 - controller.robot_controller - INFO - 运动到指定姿态完成
2025-09-30 15:59:06,855 - root - INFO - 速度比设置成功
2025-09-30 15:59:06,855 - controller.robot_controller - INFO - 速度比设置为 0.49
2025-09-30 15:59:08,876 - root - INFO - 关节运动完成
2025-09-30 15:59:08,876 - controller.robot_controller - INFO - 运动到指定姿态完成
2025-09-30 15:59:10,521 - root - INFO - 速度比设置成功
2025-09-30 15:59:10,521 - controller.robot_controller - INFO - 速度比设置为 0.49
2025-09-30 15:59:12,542 - root - INFO - 关节运动完成
2025-09-30 15:59:12,542 - controller.robot_controller - INFO - 运动到指定姿态完成
2025-09-30 15:59:14,176 - root - INFO - 速度比设置成功
2025-09-30 15:59:14,176 - controller.robot_controller - INFO - 速度比设置为 0.49
2025-09-30 15:59:16,698 - root - INFO - 关节运动完成
2025-09-30 15:59:16,698 - controller.robot_controller - INFO - 运动到指定姿态完成
2025-09-30 15:59:19,325 - controller.realsense_controller - INFO - RealSense相机连接已断开
2025-09-30 15:59:19,330 - server.tcp_server - INFO - 客户端 client_16 资源已清理
2025-09-30 15:59:19,363 - root - INFO - 去使能指令发送成功，等待机器人进入去使能状态
2025-09-30 15:59:19,866 - root - INFO - 机器人已成功去使能
2025-09-30 15:59:19,866 - controller.robot_controller - INFO - 机器人已去使能
2025-09-30 15:59:19,867 - controller.robot_controller - INFO - 机器人连接已断开
2025-09-30 15:59:19,868 - server.tcp_server - INFO - 客户端 client_15 资源已清理
2025-09-30 16:20:49,005 - server.tcp_server - INFO - 新客户端连接: ('192.168.31.254', 37352)
2025-09-30 16:20:49,006 - server.tcp_server - INFO - 开始处理连接机器人命令，客户端ID: client_17
2025-09-30 16:20:49,006 - controller.robot_controller - INFO - 正在连接机器人 192.168.0.10:10003
2025-09-30 16:20:49,006 - controller.robot_controller - INFO - 机器人连接成功
2025-09-30 16:20:49,006 - server.tcp_server - INFO - 机器人连接结果: True
2025-09-30 16:20:49,006 - server.tcp_server - INFO - 返回成功响应: {"type": "response", "status": "success", "message": "机器人连接成功", "data": {"connected": true}, "message_id": "msg_1_1759220449"}
2025-09-30 16:20:50,557 - root - INFO - 机器人已成功使能
2025-09-30 16:20:50,557 - controller.robot_controller - INFO - 机器人已使能
2025-09-30 16:20:50,562 - root - INFO - 速度比设置成功
2025-09-30 16:20:50,562 - controller.robot_controller - INFO - 速度比设置为 0.49
2025-09-30 16:20:52,085 - root - INFO - 关节运动完成
2025-09-30 16:20:52,085 - controller.robot_controller - INFO - 运动到指定姿态完成
2025-09-30 16:20:54,090 - server.tcp_server - INFO - 新客户端连接: ('192.168.31.254', 37362)
2025-09-30 16:20:54,092 - server.tcp_server - INFO - 开始处理连接RealSense相机命令，客户端ID: client_18
2025-09-30 16:20:54,241 - controller.realsense_controller - INFO - 相机内参读取成功
2025-09-30 16:20:54,242 - controller.realsense_controller - INFO - RealSense相机连接成功
2025-09-30 16:20:54,242 - server.tcp_server - INFO - 返回成功响应: {"type": "response", "status": "success", "message": "RealSense相机连接成功", "data": {"connected": true}, "message_id": "msg_1_1759220454"}
2025-09-30 16:20:54,318 - server.tcp_server - INFO - 客户端 client_18 资源已清理
2025-09-30 16:20:54,343 - root - INFO - 去使能指令发送成功，等待机器人进入去使能状态
2025-09-30 16:20:54,845 - root - INFO - 机器人已成功去使能
2025-09-30 16:20:54,845 - controller.robot_controller - INFO - 机器人已去使能
2025-09-30 16:20:54,845 - server.tcp_server - INFO - 客户端 client_17 的机器人已去使能
2025-09-30 16:20:54,845 - controller.robot_controller - INFO - 机器人连接已断开
2025-09-30 16:20:54,846 - server.tcp_server - INFO - 客户端 client_17 的机器人连接已断开
2025-09-30 16:20:54,846 - server.tcp_server - INFO - 客户端 client_17 资源已清理
2025-09-30 16:22:55,610 - server.tcp_server - INFO - 新客户端连接: ('192.168.31.254', 51468)
2025-09-30 16:22:55,611 - server.tcp_server - INFO - 开始处理连接机器人命令，客户端ID: client_19
2025-09-30 16:22:55,611 - controller.robot_controller - INFO - 正在连接机器人 192.168.0.10:10003
2025-09-30 16:22:55,611 - controller.robot_controller - INFO - 机器人连接成功
2025-09-30 16:22:55,611 - server.tcp_server - INFO - 机器人连接结果: True
2025-09-30 16:22:55,611 - server.tcp_server - INFO - 返回成功响应: {"type": "response", "status": "success", "message": "机器人连接成功", "data": {"connected": true}, "message_id": "msg_1_1759220575"}
2025-09-30 16:22:57,164 - root - INFO - 机器人已成功使能
2025-09-30 16:22:57,164 - controller.robot_controller - INFO - 机器人已使能
2025-09-30 16:22:57,169 - root - INFO - 速度比设置成功
2025-09-30 16:22:57,170 - controller.robot_controller - INFO - 速度比设置为 0.49
2025-09-30 16:22:57,690 - root - INFO - 关节运动完成
2025-09-30 16:22:57,690 - controller.robot_controller - INFO - 运动到指定姿态完成
2025-09-30 16:22:59,694 - server.tcp_server - INFO - 新客户端连接: ('192.168.31.254', 51472)
2025-09-30 16:22:59,695 - server.tcp_server - INFO - 开始处理连接RealSense相机命令，客户端ID: client_20
2025-09-30 16:23:00,768 - controller.realsense_controller - INFO - 相机内参读取成功
2025-09-30 16:23:00,769 - controller.realsense_controller - INFO - RealSense相机连接成功
2025-09-30 16:23:00,769 - server.tcp_server - INFO - 返回成功响应: {"type": "response", "status": "success", "message": "RealSense相机连接成功", "data": {"connected": true}, "message_id": "msg_1_1759220579"}
2025-09-30 16:23:00,836 - server.tcp_server - INFO - 客户端 client_20 资源已清理
2025-09-30 16:23:00,864 - root - INFO - 去使能指令发送成功，等待机器人进入去使能状态
2025-09-30 16:23:01,366 - root - INFO - 机器人已成功去使能
2025-09-30 16:23:01,366 - controller.robot_controller - INFO - 机器人已去使能
2025-09-30 16:23:01,366 - server.tcp_server - INFO - 客户端 client_19 的机器人已去使能
2025-09-30 16:23:01,367 - controller.robot_controller - INFO - 机器人连接已断开
2025-09-30 16:23:01,367 - server.tcp_server - INFO - 客户端 client_19 的机器人连接已断开
2025-09-30 16:23:01,367 - server.tcp_server - INFO - 客户端 client_19 资源已清理
2025-09-30 16:23:18,770 - server.tcp_server - INFO - 新客户端连接: ('192.168.31.254', 37922)
2025-09-30 16:23:18,770 - server.tcp_server - INFO - 开始处理连接机器人命令，客户端ID: client_21
2025-09-30 16:23:18,770 - controller.robot_controller - INFO - 正在连接机器人 192.168.0.10:10003
2025-09-30 16:23:18,771 - controller.robot_controller - INFO - 机器人连接成功
2025-09-30 16:23:18,771 - server.tcp_server - INFO - 机器人连接结果: True
2025-09-30 16:23:18,771 - server.tcp_server - INFO - 返回成功响应: {"type": "response", "status": "success", "message": "机器人连接成功", "data": {"connected": true}, "message_id": "msg_1_1759220598"}
2025-09-30 16:23:20,322 - root - INFO - 机器人已成功使能
2025-09-30 16:23:20,322 - controller.robot_controller - INFO - 机器人已使能
2025-09-30 16:23:20,327 - root - INFO - 速度比设置成功
2025-09-30 16:23:20,327 - controller.robot_controller - INFO - 速度比设置为 0.49
2025-09-30 16:23:20,847 - root - INFO - 关节运动完成
2025-09-30 16:23:20,847 - controller.robot_controller - INFO - 运动到指定姿态完成
2025-09-30 16:23:22,852 - server.tcp_server - INFO - 新客户端连接: ('192.168.31.254', 37934)
2025-09-30 16:23:22,853 - server.tcp_server - INFO - 开始处理连接RealSense相机命令，客户端ID: client_22
2025-09-30 16:23:23,267 - controller.realsense_controller - INFO - 相机内参读取成功
2025-09-30 16:23:23,267 - controller.realsense_controller - INFO - RealSense相机连接成功
2025-09-30 16:23:23,267 - server.tcp_server - INFO - 返回成功响应: {"type": "response", "status": "success", "message": "RealSense相机连接成功", "data": {"connected": true}, "message_id": "msg_1_1759220602"}
2025-09-30 16:23:24,952 - root - INFO - 速度比设置成功
2025-09-30 16:23:24,952 - controller.robot_controller - INFO - 速度比设置为 0.49
2025-09-30 16:23:25,985 - root - INFO - 关节运动完成
2025-09-30 16:23:25,985 - controller.robot_controller - INFO - 运动到指定姿态完成
2025-09-30 16:23:27,634 - root - INFO - 速度比设置成功
2025-09-30 16:23:27,635 - controller.robot_controller - INFO - 速度比设置为 0.49
2025-09-30 16:23:28,656 - root - INFO - 关节运动完成
2025-09-30 16:23:28,656 - controller.robot_controller - INFO - 运动到指定姿态完成
2025-09-30 16:23:30,293 - root - INFO - 速度比设置成功
2025-09-30 16:23:30,293 - controller.robot_controller - INFO - 速度比设置为 0.49
2025-09-30 16:23:31,812 - root - INFO - 关节运动完成
2025-09-30 16:23:31,812 - controller.robot_controller - INFO - 运动到指定姿态完成
2025-09-30 16:23:33,459 - root - INFO - 速度比设置成功
2025-09-30 16:23:33,459 - controller.robot_controller - INFO - 速度比设置为 0.49
2025-09-30 16:23:35,479 - root - INFO - 关节运动完成
2025-09-30 16:23:35,480 - controller.robot_controller - INFO - 运动到指定姿态完成
2025-09-30 16:23:37,129 - root - INFO - 速度比设置成功
2025-09-30 16:23:37,129 - controller.robot_controller - INFO - 速度比设置为 0.49
2025-09-30 16:23:40,152 - root - INFO - 关节运动完成
2025-09-30 16:23:40,152 - controller.robot_controller - INFO - 运动到指定姿态完成
2025-09-30 16:23:41,786 - root - INFO - 速度比设置成功
2025-09-30 16:23:41,786 - controller.robot_controller - INFO - 速度比设置为 0.49
2025-09-30 16:23:44,307 - root - INFO - 关节运动完成
2025-09-30 16:23:44,308 - controller.robot_controller - INFO - 运动到指定姿态完成
2025-09-30 16:23:45,955 - root - INFO - 速度比设置成功
2025-09-30 16:23:45,956 - controller.robot_controller - INFO - 速度比设置为 0.49
2025-09-30 16:23:47,475 - root - INFO - 关节运动完成
2025-09-30 16:23:47,475 - controller.robot_controller - INFO - 运动到指定姿态完成
2025-09-30 16:23:49,129 - root - INFO - 速度比设置成功
2025-09-30 16:23:49,130 - controller.robot_controller - INFO - 速度比设置为 0.49
2025-09-30 16:23:50,148 - root - INFO - 关节运动完成
2025-09-30 16:23:50,149 - controller.robot_controller - INFO - 运动到指定姿态完成
2025-09-30 16:23:51,784 - root - INFO - 速度比设置成功
2025-09-30 16:23:51,784 - controller.robot_controller - INFO - 速度比设置为 0.49
2025-09-30 16:23:52,802 - root - INFO - 关节运动完成
2025-09-30 16:23:52,802 - controller.robot_controller - INFO - 运动到指定姿态完成
2025-09-30 16:23:54,446 - root - INFO - 速度比设置成功
2025-09-30 16:23:54,446 - controller.robot_controller - INFO - 速度比设置为 0.49
2025-09-30 16:23:55,965 - root - INFO - 关节运动完成
2025-09-30 16:23:55,965 - controller.robot_controller - INFO - 运动到指定姿态完成
2025-09-30 16:23:57,601 - root - INFO - 速度比设置成功
2025-09-30 16:23:57,601 - controller.robot_controller - INFO - 速度比设置为 0.49
2025-09-30 16:23:59,621 - root - INFO - 关节运动完成
2025-09-30 16:23:59,621 - controller.robot_controller - INFO - 运动到指定姿态完成
2025-09-30 16:24:01,263 - root - INFO - 速度比设置成功
2025-09-30 16:24:01,263 - controller.robot_controller - INFO - 速度比设置为 0.49
2025-09-30 16:24:03,784 - root - INFO - 关节运动完成
2025-09-30 16:24:03,784 - controller.robot_controller - INFO - 运动到指定姿态完成
2025-09-30 16:24:05,428 - root - INFO - 速度比设置成功
2025-09-30 16:24:05,429 - controller.robot_controller - INFO - 速度比设置为 0.49
2025-09-30 16:24:07,954 - root - INFO - 关节运动完成
2025-09-30 16:24:07,954 - controller.robot_controller - INFO - 运动到指定姿态完成
2025-09-30 16:24:09,606 - root - INFO - 速度比设置成功
2025-09-30 16:24:09,606 - controller.robot_controller - INFO - 速度比设置为 0.49
2025-09-30 16:24:11,125 - root - INFO - 关节运动完成
2025-09-30 16:24:11,125 - controller.robot_controller - INFO - 运动到指定姿态完成
2025-09-30 16:24:12,768 - root - INFO - 速度比设置成功
2025-09-30 16:24:12,768 - controller.robot_controller - INFO - 速度比设置为 0.49
2025-09-30 16:24:13,785 - root - INFO - 关节运动完成
2025-09-30 16:24:13,786 - controller.robot_controller - INFO - 运动到指定姿态完成
2025-09-30 16:24:15,430 - root - INFO - 速度比设置成功
2025-09-30 16:24:15,430 - controller.robot_controller - INFO - 速度比设置为 0.49
2025-09-30 16:24:16,949 - root - INFO - 关节运动完成
2025-09-30 16:24:16,950 - controller.robot_controller - INFO - 运动到指定姿态完成
2025-09-30 16:24:18,585 - root - INFO - 速度比设置成功
2025-09-30 16:24:18,585 - controller.robot_controller - INFO - 速度比设置为 0.49
2025-09-30 16:24:20,103 - root - INFO - 关节运动完成
2025-09-30 16:24:20,104 - controller.robot_controller - INFO - 运动到指定姿态完成
2025-09-30 16:24:21,747 - root - INFO - 速度比设置成功
2025-09-30 16:24:21,747 - controller.robot_controller - INFO - 速度比设置为 0.49
2025-09-30 16:24:23,265 - root - INFO - 关节运动完成
2025-09-30 16:24:23,266 - controller.robot_controller - INFO - 运动到指定姿态完成
2025-09-30 16:24:24,901 - root - INFO - 速度比设置成功
2025-09-30 16:24:24,901 - controller.robot_controller - INFO - 速度比设置为 0.49
2025-09-30 16:24:26,921 - root - INFO - 关节运动完成
2025-09-30 16:24:26,921 - controller.robot_controller - INFO - 运动到指定姿态完成
2025-09-30 16:24:28,575 - root - INFO - 速度比设置成功
2025-09-30 16:24:28,576 - controller.robot_controller - INFO - 速度比设置为 0.49
2025-09-30 16:24:31,101 - root - INFO - 关节运动完成
2025-09-30 16:24:31,101 - controller.robot_controller - INFO - 运动到指定姿态完成
2025-09-30 16:24:32,745 - root - INFO - 速度比设置成功
2025-09-30 16:24:32,745 - controller.robot_controller - INFO - 速度比设置为 0.49
2025-09-30 16:24:35,267 - root - INFO - 关节运动完成
2025-09-30 16:24:35,267 - controller.robot_controller - INFO - 运动到指定姿态完成
2025-09-30 16:24:36,902 - root - INFO - 速度比设置成功
2025-09-30 16:24:36,903 - controller.robot_controller - INFO - 速度比设置为 0.49
2025-09-30 16:24:37,920 - root - INFO - 关节运动完成
2025-09-30 16:24:37,920 - controller.robot_controller - INFO - 运动到指定姿态完成
2025-09-30 16:24:39,565 - root - INFO - 速度比设置成功
2025-09-30 16:24:39,565 - controller.robot_controller - INFO - 速度比设置为 0.49
2025-09-30 16:24:41,084 - root - INFO - 关节运动完成
2025-09-30 16:24:41,084 - controller.robot_controller - INFO - 运动到指定姿态完成
2025-09-30 16:24:42,739 - root - INFO - 速度比设置成功
2025-09-30 16:24:42,739 - controller.robot_controller - INFO - 速度比设置为 0.49
2025-09-30 16:24:44,258 - root - INFO - 关节运动完成
2025-09-30 16:24:44,258 - controller.robot_controller - INFO - 运动到指定姿态完成
2025-09-30 16:24:45,893 - root - INFO - 速度比设置成功
2025-09-30 16:24:45,894 - controller.robot_controller - INFO - 速度比设置为 0.49
2025-09-30 16:24:48,415 - root - INFO - 关节运动完成
2025-09-30 16:24:48,415 - controller.robot_controller - INFO - 运动到指定姿态完成
2025-09-30 16:24:50,059 - root - INFO - 速度比设置成功
2025-09-30 16:24:50,059 - controller.robot_controller - INFO - 速度比设置为 0.49
2025-09-30 16:24:53,583 - root - INFO - 关节运动完成
2025-09-30 16:24:53,584 - controller.robot_controller - INFO - 运动到指定姿态完成
2025-09-30 16:24:55,229 - root - INFO - 速度比设置成功
2025-09-30 16:24:55,229 - controller.robot_controller - INFO - 速度比设置为 0.49
2025-09-30 16:24:57,750 - root - INFO - 关节运动完成
2025-09-30 16:24:57,750 - controller.robot_controller - INFO - 运动到指定姿态完成
2025-09-30 16:24:59,386 - root - INFO - 速度比设置成功
2025-09-30 16:24:59,386 - controller.robot_controller - INFO - 速度比设置为 0.49
2025-09-30 16:25:00,404 - root - INFO - 关节运动完成
2025-09-30 16:25:00,404 - controller.robot_controller - INFO - 运动到指定姿态完成
2025-09-30 16:25:02,061 - root - INFO - 速度比设置成功
2025-09-30 16:25:02,061 - controller.robot_controller - INFO - 速度比设置为 0.49
2025-09-30 16:25:03,078 - root - INFO - 关节运动完成
2025-09-30 16:25:03,078 - controller.robot_controller - INFO - 运动到指定姿态完成
2025-09-30 16:25:04,727 - root - INFO - 速度比设置成功
2025-09-30 16:25:04,727 - controller.robot_controller - INFO - 速度比设置为 0.49
2025-09-30 16:25:05,749 - root - INFO - 关节运动完成
2025-09-30 16:25:05,750 - controller.robot_controller - INFO - 运动到指定姿态完成
2025-09-30 16:25:07,394 - root - INFO - 速度比设置成功
2025-09-30 16:25:07,394 - controller.robot_controller - INFO - 速度比设置为 0.49
2025-09-30 16:25:08,913 - root - INFO - 关节运动完成
2025-09-30 16:25:08,913 - controller.robot_controller - INFO - 运动到指定姿态完成
2025-09-30 16:25:10,556 - root - INFO - 速度比设置成功
2025-09-30 16:25:10,556 - controller.robot_controller - INFO - 速度比设置为 0.49
2025-09-30 16:25:12,576 - root - INFO - 关节运动完成
2025-09-30 16:25:12,577 - controller.robot_controller - INFO - 运动到指定姿态完成
2025-09-30 16:25:14,222 - root - INFO - 速度比设置成功
2025-09-30 16:25:14,223 - controller.robot_controller - INFO - 速度比设置为 0.49
2025-09-30 16:25:16,744 - root - INFO - 关节运动完成
2025-09-30 16:25:16,744 - controller.robot_controller - INFO - 运动到指定姿态完成
2025-09-30 16:25:18,388 - root - INFO - 速度比设置成功
2025-09-30 16:25:18,389 - controller.robot_controller - INFO - 速度比设置为 0.49
2025-09-30 16:25:20,409 - root - INFO - 关节运动完成
2025-09-30 16:25:20,409 - controller.robot_controller - INFO - 运动到指定姿态完成
2025-09-30 16:25:22,066 - root - INFO - 速度比设置成功
2025-09-30 16:25:22,067 - controller.robot_controller - INFO - 速度比设置为 0.49
2025-09-30 16:25:23,085 - root - INFO - 关节运动完成
2025-09-30 16:25:23,085 - controller.robot_controller - INFO - 运动到指定姿态完成
2025-09-30 16:25:24,729 - root - INFO - 速度比设置成功
2025-09-30 16:25:24,729 - controller.robot_controller - INFO - 速度比设置为 0.49
2025-09-30 16:25:25,746 - root - INFO - 关节运动完成
2025-09-30 16:25:25,747 - controller.robot_controller - INFO - 运动到指定姿态完成
2025-09-30 16:25:27,379 - root - INFO - 速度比设置成功
2025-09-30 16:25:27,380 - controller.robot_controller - INFO - 速度比设置为 0.49
2025-09-30 16:25:28,399 - root - INFO - 关节运动完成
2025-09-30 16:25:28,400 - controller.robot_controller - INFO - 运动到指定姿态完成
2025-09-30 16:25:30,042 - root - INFO - 速度比设置成功
2025-09-30 16:25:30,042 - controller.robot_controller - INFO - 速度比设置为 0.49
2025-09-30 16:25:31,561 - root - INFO - 关节运动完成
2025-09-30 16:25:31,561 - controller.robot_controller - INFO - 运动到指定姿态完成
2025-09-30 16:25:33,197 - root - INFO - 速度比设置成功
2025-09-30 16:25:33,197 - controller.robot_controller - INFO - 速度比设置为 0.49
2025-09-30 16:25:35,216 - root - INFO - 关节运动完成
2025-09-30 16:25:35,217 - controller.robot_controller - INFO - 运动到指定姿态完成
2025-09-30 16:25:36,864 - root - INFO - 速度比设置成功
2025-09-30 16:25:36,864 - controller.robot_controller - INFO - 速度比设置为 0.49
2025-09-30 16:25:39,390 - root - INFO - 关节运动完成
2025-09-30 16:25:39,390 - controller.robot_controller - INFO - 运动到指定姿态完成
2025-09-30 16:25:41,032 - root - INFO - 速度比设置成功
2025-09-30 16:25:41,033 - controller.robot_controller - INFO - 速度比设置为 0.49
2025-09-30 16:25:43,053 - root - INFO - 关节运动完成
2025-09-30 16:25:43,053 - controller.robot_controller - INFO - 运动到指定姿态完成
2025-09-30 16:25:44,687 - root - INFO - 速度比设置成功
2025-09-30 16:25:44,687 - controller.robot_controller - INFO - 速度比设置为 0.49
2025-09-30 16:25:46,707 - root - INFO - 关节运动完成
2025-09-30 16:25:46,708 - controller.robot_controller - INFO - 运动到指定姿态完成
2025-09-30 16:25:48,357 - root - INFO - 速度比设置成功
2025-09-30 16:25:48,357 - controller.robot_controller - INFO - 速度比设置为 0.49
2025-09-30 16:25:49,379 - root - INFO - 关节运动完成
2025-09-30 16:25:49,379 - controller.robot_controller - INFO - 运动到指定姿态完成
2025-09-30 16:25:51,036 - root - INFO - 速度比设置成功
2025-09-30 16:25:51,036 - controller.robot_controller - INFO - 速度比设置为 0.49
2025-09-30 16:25:52,558 - root - INFO - 关节运动完成
2025-09-30 16:25:52,559 - controller.robot_controller - INFO - 运动到指定姿态完成
2025-09-30 16:25:54,194 - root - INFO - 速度比设置成功
2025-09-30 16:25:54,194 - controller.robot_controller - INFO - 速度比设置为 0.49
2025-09-30 16:25:55,716 - root - INFO - 关节运动完成
2025-09-30 16:25:55,717 - controller.robot_controller - INFO - 运动到指定姿态完成
2025-09-30 16:25:57,368 - root - INFO - 速度比设置成功
2025-09-30 16:25:57,368 - controller.robot_controller - INFO - 速度比设置为 0.49
2025-09-30 16:25:59,389 - root - INFO - 关节运动完成
2025-09-30 16:25:59,389 - controller.robot_controller - INFO - 运动到指定姿态完成
2025-09-30 16:26:01,039 - root - INFO - 速度比设置成功
2025-09-30 16:26:01,039 - controller.robot_controller - INFO - 速度比设置为 0.49
2025-09-30 16:26:04,060 - root - INFO - 关节运动完成
2025-09-30 16:26:04,060 - controller.robot_controller - INFO - 运动到指定姿态完成
2025-09-30 16:26:05,708 - root - INFO - 速度比设置成功
2025-09-30 16:26:05,708 - controller.robot_controller - INFO - 速度比设置为 0.49
2025-09-30 16:26:08,230 - root - INFO - 关节运动完成
2025-09-30 16:26:08,230 - controller.robot_controller - INFO - 运动到指定姿态完成
2025-09-30 16:26:09,866 - root - INFO - 速度比设置成功
2025-09-30 16:26:09,866 - controller.robot_controller - INFO - 速度比设置为 0.49
2025-09-30 16:26:11,385 - root - INFO - 关节运动完成
2025-09-30 16:26:11,385 - controller.robot_controller - INFO - 运动到指定姿态完成
2025-09-30 16:26:13,029 - root - INFO - 速度比设置成功
2025-09-30 16:26:13,029 - controller.robot_controller - INFO - 速度比设置为 0.49
2025-09-30 16:26:14,054 - root - INFO - 关节运动完成
2025-09-30 16:26:14,055 - controller.robot_controller - INFO - 运动到指定姿态完成
2025-09-30 16:26:15,691 - root - INFO - 速度比设置成功
2025-09-30 16:26:15,691 - controller.robot_controller - INFO - 速度比设置为 0.49
2025-09-30 16:26:17,210 - root - INFO - 关节运动完成
2025-09-30 16:26:17,211 - controller.robot_controller - INFO - 运动到指定姿态完成
2025-09-30 16:26:18,857 - root - INFO - 速度比设置成功
2025-09-30 16:26:18,858 - controller.robot_controller - INFO - 速度比设置为 0.49
2025-09-30 16:26:20,377 - root - INFO - 关节运动完成
2025-09-30 16:26:20,377 - controller.robot_controller - INFO - 运动到指定姿态完成
2025-09-30 16:26:22,020 - root - INFO - 速度比设置成功
2025-09-30 16:26:22,020 - controller.robot_controller - INFO - 速度比设置为 0.49
2025-09-30 16:26:24,045 - root - INFO - 关节运动完成
2025-09-30 16:26:24,045 - controller.robot_controller - INFO - 运动到指定姿态完成
2025-09-30 16:26:25,678 - root - INFO - 速度比设置成功
2025-09-30 16:26:25,678 - controller.robot_controller - INFO - 速度比设置为 0.49
2025-09-30 16:26:28,200 - root - INFO - 关节运动完成
2025-09-30 16:26:28,201 - controller.robot_controller - INFO - 运动到指定姿态完成
2025-09-30 16:26:29,844 - root - INFO - 速度比设置成功
2025-09-30 16:26:29,844 - controller.robot_controller - INFO - 速度比设置为 0.49
2025-09-30 16:26:32,366 - root - INFO - 关节运动完成
2025-09-30 16:26:32,366 - controller.robot_controller - INFO - 运动到指定姿态完成
2025-09-30 16:26:34,002 - root - INFO - 速度比设置成功
2025-09-30 16:26:34,002 - controller.robot_controller - INFO - 速度比设置为 0.49
2025-09-30 16:26:35,521 - root - INFO - 关节运动完成
2025-09-30 16:26:35,521 - controller.robot_controller - INFO - 运动到指定姿态完成
2025-09-30 16:26:37,164 - root - INFO - 速度比设置成功
2025-09-30 16:26:37,165 - controller.robot_controller - INFO - 速度比设置为 0.49
2025-09-30 16:26:38,182 - root - INFO - 关节运动完成
2025-09-30 16:26:38,182 - controller.robot_controller - INFO - 运动到指定姿态完成
2025-09-30 16:26:39,827 - root - INFO - 速度比设置成功
2025-09-30 16:26:39,827 - controller.robot_controller - INFO - 速度比设置为 0.49
2025-09-30 16:26:41,346 - root - INFO - 关节运动完成
2025-09-30 16:26:41,347 - controller.robot_controller - INFO - 运动到指定姿态完成
2025-09-30 16:26:42,982 - root - INFO - 速度比设置成功
2025-09-30 16:26:42,982 - controller.robot_controller - INFO - 速度比设置为 0.49
2025-09-30 16:26:44,501 - root - INFO - 关节运动完成
2025-09-30 16:26:44,501 - controller.robot_controller - INFO - 运动到指定姿态完成
2025-09-30 16:26:46,144 - root - INFO - 速度比设置成功
2025-09-30 16:26:46,144 - controller.robot_controller - INFO - 速度比设置为 0.49
2025-09-30 16:26:47,664 - root - INFO - 关节运动完成
2025-09-30 16:26:47,664 - controller.robot_controller - INFO - 运动到指定姿态完成
2025-09-30 16:26:49,303 - root - INFO - 速度比设置成功
2025-09-30 16:26:49,303 - controller.robot_controller - INFO - 速度比设置为 0.49
2025-09-30 16:26:51,327 - root - INFO - 关节运动完成
2025-09-30 16:26:51,327 - controller.robot_controller - INFO - 运动到指定姿态完成
2025-09-30 16:26:52,965 - root - INFO - 速度比设置成功
2025-09-30 16:26:52,965 - controller.robot_controller - INFO - 速度比设置为 0.49
2025-09-30 16:26:52,968 - controller.robot_controller - ERROR - 运动到指定姿态失败: 逆运动学解算失败: 运动学逆解失败，错误码: 20031
2025-09-30 16:26:54,600 - root - INFO - 速度比设置成功
2025-09-30 16:26:54,600 - controller.robot_controller - INFO - 速度比设置为 0.49
2025-09-30 16:26:56,119 - root - INFO - 关节运动完成
2025-09-30 16:26:56,119 - controller.robot_controller - INFO - 运动到指定姿态完成
2025-09-30 16:26:57,763 - root - INFO - 速度比设置成功
2025-09-30 16:26:57,763 - controller.robot_controller - INFO - 速度比设置为 0.49
2025-09-30 16:26:58,780 - root - INFO - 关节运动完成
2025-09-30 16:26:58,780 - controller.robot_controller - INFO - 运动到指定姿态完成
2025-09-30 16:27:00,425 - root - INFO - 速度比设置成功
2025-09-30 16:27:00,425 - controller.robot_controller - INFO - 速度比设置为 0.49
2025-09-30 16:27:01,944 - root - INFO - 关节运动完成
2025-09-30 16:27:01,944 - controller.robot_controller - INFO - 运动到指定姿态完成
2025-09-30 16:27:03,580 - root - INFO - 速度比设置成功
2025-09-30 16:27:03,580 - controller.robot_controller - INFO - 速度比设置为 0.49
2025-09-30 16:27:05,099 - root - INFO - 关节运动完成
2025-09-30 16:27:05,099 - controller.robot_controller - INFO - 运动到指定姿态完成
2025-09-30 16:27:06,746 - root - INFO - 速度比设置成功
2025-09-30 16:27:06,746 - controller.robot_controller - INFO - 速度比设置为 0.49
2025-09-30 16:27:09,270 - root - INFO - 关节运动完成
2025-09-30 16:27:09,270 - controller.robot_controller - INFO - 运动到指定姿态完成
2025-09-30 16:27:10,908 - root - INFO - 速度比设置成功
2025-09-30 16:27:10,908 - controller.robot_controller - INFO - 速度比设置为 0.49
2025-09-30 16:27:13,429 - root - INFO - 关节运动完成
2025-09-30 16:27:13,429 - controller.robot_controller - INFO - 运动到指定姿态完成
2025-09-30 16:27:15,067 - root - INFO - 速度比设置成功
2025-09-30 16:27:15,067 - controller.robot_controller - INFO - 速度比设置为 0.49
2025-09-30 16:27:18,089 - root - INFO - 关节运动完成
2025-09-30 16:27:18,090 - controller.robot_controller - INFO - 运动到指定姿态完成
2025-09-30 16:27:19,736 - root - INFO - 速度比设置成功
2025-09-30 16:27:19,736 - controller.robot_controller - INFO - 速度比设置为 0.49
2025-09-30 16:27:21,255 - root - INFO - 关节运动完成
2025-09-30 16:27:21,255 - controller.robot_controller - INFO - 运动到指定姿态完成
2025-09-30 16:27:22,891 - root - INFO - 速度比设置成功
2025-09-30 16:27:22,891 - controller.robot_controller - INFO - 速度比设置为 0.49
2025-09-30 16:27:23,908 - root - INFO - 关节运动完成
2025-09-30 16:27:23,908 - controller.robot_controller - INFO - 运动到指定姿态完成
2025-09-30 16:27:25,553 - root - INFO - 速度比设置成功
2025-09-30 16:27:25,554 - controller.robot_controller - INFO - 速度比设置为 0.49
2025-09-30 16:27:27,072 - root - INFO - 关节运动完成
2025-09-30 16:27:27,072 - controller.robot_controller - INFO - 运动到指定姿态完成
2025-09-30 16:27:28,708 - root - INFO - 速度比设置成功
2025-09-30 16:27:28,708 - controller.robot_controller - INFO - 速度比设置为 0.49
2025-09-30 16:27:30,226 - root - INFO - 关节运动完成
2025-09-30 16:27:30,226 - controller.robot_controller - INFO - 运动到指定姿态完成
2025-09-30 16:27:31,871 - root - INFO - 速度比设置成功
2025-09-30 16:27:31,871 - controller.robot_controller - INFO - 速度比设置为 0.49
2025-09-30 16:27:36,397 - root - INFO - 关节运动完成
2025-09-30 16:27:36,397 - controller.robot_controller - INFO - 运动到指定姿态完成
2025-09-30 16:27:38,044 - root - INFO - 速度比设置成功
2025-09-30 16:27:38,044 - controller.robot_controller - INFO - 速度比设置为 0.49
2025-09-30 16:27:41,065 - root - INFO - 关节运动完成
2025-09-30 16:27:41,065 - controller.robot_controller - INFO - 运动到指定姿态完成
2025-09-30 16:27:42,702 - root - INFO - 速度比设置成功
2025-09-30 16:27:42,702 - controller.robot_controller - INFO - 速度比设置为 0.49
2025-09-30 16:27:45,226 - root - INFO - 关节运动完成
2025-09-30 16:27:45,226 - controller.robot_controller - INFO - 运动到指定姿态完成
2025-09-30 16:27:46,863 - root - INFO - 速度比设置成功
2025-09-30 16:27:46,863 - controller.robot_controller - INFO - 速度比设置为 0.49
2025-09-30 16:27:48,381 - root - INFO - 关节运动完成
2025-09-30 16:27:48,382 - controller.robot_controller - INFO - 运动到指定姿态完成
2025-09-30 16:27:50,030 - root - INFO - 速度比设置成功
2025-09-30 16:27:50,030 - controller.robot_controller - INFO - 速度比设置为 0.49
2025-09-30 16:27:51,047 - root - INFO - 关节运动完成
2025-09-30 16:27:51,047 - controller.robot_controller - INFO - 运动到指定姿态完成
2025-09-30 16:27:52,681 - root - INFO - 速度比设置成功
2025-09-30 16:27:52,681 - controller.robot_controller - INFO - 速度比设置为 0.49
2025-09-30 16:27:54,199 - root - INFO - 关节运动完成
2025-09-30 16:27:54,199 - controller.robot_controller - INFO - 运动到指定姿态完成
2025-09-30 16:27:55,843 - root - INFO - 速度比设置成功
2025-09-30 16:27:55,843 - controller.robot_controller - INFO - 速度比设置为 0.49
2025-09-30 16:27:57,362 - root - INFO - 关节运动完成
2025-09-30 16:27:57,362 - controller.robot_controller - INFO - 运动到指定姿态完成
2025-09-30 16:27:58,998 - root - INFO - 速度比设置成功
2025-09-30 16:27:58,998 - controller.robot_controller - INFO - 速度比设置为 0.49
2025-09-30 16:28:01,018 - root - INFO - 关节运动完成
2025-09-30 16:28:01,018 - controller.robot_controller - INFO - 运动到指定姿态完成
2025-09-30 16:28:02,664 - root - INFO - 速度比设置成功
2025-09-30 16:28:02,664 - controller.robot_controller - INFO - 速度比设置为 0.49
2025-09-30 16:28:04,688 - root - INFO - 关节运动完成
2025-09-30 16:28:04,688 - controller.robot_controller - INFO - 运动到指定姿态完成
2025-09-30 16:28:06,351 - root - INFO - 速度比设置成功
2025-09-30 16:28:06,351 - controller.robot_controller - INFO - 速度比设置为 0.49
2025-09-30 16:28:08,877 - root - INFO - 关节运动完成
2025-09-30 16:28:08,877 - controller.robot_controller - INFO - 运动到指定姿态完成
2025-09-30 16:28:11,211 - controller.realsense_controller - INFO - RealSense相机连接已断开
2025-09-30 16:28:11,214 - server.tcp_server - INFO - 客户端 client_22 资源已清理
2025-09-30 16:28:11,242 - root - INFO - 去使能指令发送成功，等待机器人进入去使能状态
2025-09-30 16:28:11,744 - root - INFO - 机器人已成功去使能
2025-09-30 16:28:11,745 - controller.robot_controller - INFO - 机器人已去使能
2025-09-30 16:28:11,746 - controller.robot_controller - INFO - 机器人连接已断开
2025-09-30 16:28:11,747 - server.tcp_server - INFO - 客户端 client_21 资源已清理
2025-09-30 16:30:10,119 - server.tcp_server - INFO - 新客户端连接: ('192.168.31.254', 50792)
2025-09-30 16:30:10,120 - server.tcp_server - INFO - 开始处理连接机器人命令，客户端ID: client_23
2025-09-30 16:30:10,120 - controller.robot_controller - INFO - 正在连接机器人 192.168.0.10:10003
2025-09-30 16:30:10,120 - controller.robot_controller - INFO - 机器人连接成功
2025-09-30 16:30:10,120 - server.tcp_server - INFO - 机器人连接结果: True
2025-09-30 16:30:10,120 - server.tcp_server - INFO - 返回成功响应: {"type": "response", "status": "success", "message": "机器人连接成功", "data": {"connected": true}, "message_id": "msg_1_1759221010"}
2025-09-30 16:30:11,671 - root - INFO - 机器人已成功使能
2025-09-30 16:30:11,671 - controller.robot_controller - INFO - 机器人已使能
2025-09-30 16:30:11,676 - root - INFO - 速度比设置成功
2025-09-30 16:30:11,676 - controller.robot_controller - INFO - 速度比设置为 0.49
2025-09-30 16:30:13,199 - root - INFO - 关节运动完成
2025-09-30 16:30:13,200 - controller.robot_controller - INFO - 运动到指定姿态完成
2025-09-30 16:30:15,205 - server.tcp_server - INFO - 新客户端连接: ('192.168.31.254', 50800)
2025-09-30 16:30:15,206 - server.tcp_server - INFO - 开始处理连接RealSense相机命令，客户端ID: client_24
2025-09-30 16:30:15,345 - controller.realsense_controller - INFO - 相机内参读取成功
2025-09-30 16:30:15,345 - controller.realsense_controller - INFO - RealSense相机连接成功
2025-09-30 16:30:15,345 - server.tcp_server - INFO - 返回成功响应: {"type": "response", "status": "success", "message": "RealSense相机连接成功", "data": {"connected": true}, "message_id": "msg_1_1759221015"}
2025-09-30 16:30:17,065 - root - INFO - 速度比设置成功
2025-09-30 16:30:17,065 - controller.robot_controller - INFO - 速度比设置为 0.49
2025-09-30 16:30:18,083 - root - INFO - 关节运动完成
2025-09-30 16:30:18,083 - controller.robot_controller - INFO - 运动到指定姿态完成
2025-09-30 16:30:19,740 - root - INFO - 速度比设置成功
2025-09-30 16:30:19,740 - controller.robot_controller - INFO - 速度比设置为 0.49
2025-09-30 16:30:20,757 - root - INFO - 关节运动完成
2025-09-30 16:30:20,757 - controller.robot_controller - INFO - 运动到指定姿态完成
2025-09-30 16:30:22,403 - root - INFO - 速度比设置成功
2025-09-30 16:30:22,403 - controller.robot_controller - INFO - 速度比设置为 0.49
2025-09-30 16:30:23,922 - root - INFO - 关节运动完成
2025-09-30 16:30:23,922 - controller.robot_controller - INFO - 运动到指定姿态完成
2025-09-30 16:30:25,566 - root - INFO - 速度比设置成功
2025-09-30 16:30:25,566 - controller.robot_controller - INFO - 速度比设置为 0.49
2025-09-30 16:30:27,585 - root - INFO - 关节运动完成
2025-09-30 16:30:27,586 - controller.robot_controller - INFO - 运动到指定姿态完成
2025-09-30 16:30:29,244 - root - INFO - 速度比设置成功
2025-09-30 16:30:29,244 - controller.robot_controller - INFO - 速度比设置为 0.49
2025-09-30 16:30:32,266 - root - INFO - 关节运动完成
2025-09-30 16:30:32,267 - controller.robot_controller - INFO - 运动到指定姿态完成
2025-09-30 16:30:33,922 - root - INFO - 速度比设置成功
2025-09-30 16:30:33,922 - controller.robot_controller - INFO - 速度比设置为 0.49
2025-09-30 16:30:36,444 - root - INFO - 关节运动完成
2025-09-30 16:30:36,444 - controller.robot_controller - INFO - 运动到指定姿态完成
2025-09-30 16:30:38,088 - root - INFO - 速度比设置成功
2025-09-30 16:30:38,088 - controller.robot_controller - INFO - 速度比设置为 0.49
2025-09-30 16:30:39,607 - root - INFO - 关节运动完成
2025-09-30 16:30:39,608 - controller.robot_controller - INFO - 运动到指定姿态完成
2025-09-30 16:30:41,251 - root - INFO - 速度比设置成功
2025-09-30 16:30:41,251 - controller.robot_controller - INFO - 速度比设置为 0.49
2025-09-30 16:30:42,268 - root - INFO - 关节运动完成
2025-09-30 16:30:42,268 - controller.robot_controller - INFO - 运动到指定姿态完成
2025-09-30 16:30:43,922 - root - INFO - 速度比设置成功
2025-09-30 16:30:43,922 - controller.robot_controller - INFO - 速度比设置为 0.49
2025-09-30 16:30:44,943 - root - INFO - 关节运动完成
2025-09-30 16:30:44,943 - controller.robot_controller - INFO - 运动到指定姿态完成
2025-09-30 16:30:46,585 - root - INFO - 速度比设置成功
2025-09-30 16:30:46,585 - controller.robot_controller - INFO - 速度比设置为 0.49
2025-09-30 16:30:48,104 - root - INFO - 关节运动完成
2025-09-30 16:30:48,104 - controller.robot_controller - INFO - 运动到指定姿态完成
2025-09-30 16:30:49,759 - root - INFO - 速度比设置成功
2025-09-30 16:30:49,759 - controller.robot_controller - INFO - 速度比设置为 0.49
2025-09-30 16:30:51,779 - root - INFO - 关节运动完成
2025-09-30 16:30:51,779 - controller.robot_controller - INFO - 运动到指定姿态完成
2025-09-30 16:30:53,434 - root - INFO - 速度比设置成功
2025-09-30 16:30:53,434 - controller.robot_controller - INFO - 速度比设置为 0.49
2025-09-30 16:30:55,956 - root - INFO - 关节运动完成
2025-09-30 16:30:55,956 - controller.robot_controller - INFO - 运动到指定姿态完成
2025-09-30 16:30:57,600 - root - INFO - 速度比设置成功
2025-09-30 16:30:57,600 - controller.robot_controller - INFO - 速度比设置为 0.49
2025-09-30 16:31:00,122 - root - INFO - 关节运动完成
2025-09-30 16:31:00,122 - controller.robot_controller - INFO - 运动到指定姿态完成
2025-09-30 16:31:01,766 - root - INFO - 速度比设置成功
2025-09-30 16:31:01,766 - controller.robot_controller - INFO - 速度比设置为 0.49
2025-09-30 16:31:03,285 - root - INFO - 关节运动完成
2025-09-30 16:31:03,285 - controller.robot_controller - INFO - 运动到指定姿态完成
2025-09-30 16:31:04,937 - root - INFO - 速度比设置成功
2025-09-30 16:31:04,937 - controller.robot_controller - INFO - 速度比设置为 0.49
2025-09-30 16:31:05,955 - root - INFO - 关节运动完成
2025-09-30 16:31:05,955 - controller.robot_controller - INFO - 运动到指定姿态完成
2025-09-30 16:31:07,600 - root - INFO - 速度比设置成功
2025-09-30 16:31:07,600 - controller.robot_controller - INFO - 速度比设置为 0.49
2025-09-30 16:31:09,119 - root - INFO - 关节运动完成
2025-09-30 16:31:09,119 - controller.robot_controller - INFO - 运动到指定姿态完成
2025-09-30 16:31:10,767 - root - INFO - 速度比设置成功
2025-09-30 16:31:10,767 - controller.robot_controller - INFO - 速度比设置为 0.49
2025-09-30 16:31:12,285 - root - INFO - 关节运动完成
2025-09-30 16:31:12,285 - controller.robot_controller - INFO - 运动到指定姿态完成
2025-09-30 16:31:13,941 - root - INFO - 速度比设置成功
2025-09-30 16:31:13,941 - controller.robot_controller - INFO - 速度比设置为 0.49
2025-09-30 16:31:15,461 - root - INFO - 关节运动完成
2025-09-30 16:31:15,461 - controller.robot_controller - INFO - 运动到指定姿态完成
2025-09-30 16:31:17,096 - root - INFO - 速度比设置成功
2025-09-30 16:31:17,096 - controller.robot_controller - INFO - 速度比设置为 0.49
2025-09-30 16:31:19,116 - root - INFO - 关节运动完成
2025-09-30 16:31:19,117 - controller.robot_controller - INFO - 运动到指定姿态完成
2025-09-30 16:31:20,766 - root - INFO - 速度比设置成功
2025-09-30 16:31:20,766 - controller.robot_controller - INFO - 速度比设置为 0.49
2025-09-30 16:31:23,288 - root - INFO - 关节运动完成
2025-09-30 16:31:23,288 - controller.robot_controller - INFO - 运动到指定姿态完成
2025-09-30 16:31:24,944 - root - INFO - 速度比设置成功
2025-09-30 16:31:24,945 - controller.robot_controller - INFO - 速度比设置为 0.49
2025-09-30 16:31:27,466 - root - INFO - 关节运动完成
2025-09-30 16:31:27,466 - controller.robot_controller - INFO - 运动到指定姿态完成
2025-09-30 16:31:29,107 - root - INFO - 速度比设置成功
2025-09-30 16:31:29,107 - controller.robot_controller - INFO - 速度比设置为 0.49
2025-09-30 16:31:30,124 - root - INFO - 关节运动完成
2025-09-30 16:31:30,124 - controller.robot_controller - INFO - 运动到指定姿态完成
2025-09-30 16:31:31,770 - root - INFO - 速度比设置成功
2025-09-30 16:31:31,770 - controller.robot_controller - INFO - 速度比设置为 0.49
2025-09-30 16:31:33,288 - root - INFO - 关节运动完成
2025-09-30 16:31:33,289 - controller.robot_controller - INFO - 运动到指定姿态完成
2025-09-30 16:31:34,944 - root - INFO - 速度比设置成功
2025-09-30 16:31:34,944 - controller.robot_controller - INFO - 速度比设置为 0.49
2025-09-30 16:31:36,464 - root - INFO - 关节运动完成
2025-09-30 16:31:36,464 - controller.robot_controller - INFO - 运动到指定姿态完成
2025-09-30 16:31:38,107 - root - INFO - 速度比设置成功
2025-09-30 16:31:38,107 - controller.robot_controller - INFO - 速度比设置为 0.49
2025-09-30 16:31:40,629 - root - INFO - 关节运动完成
2025-09-30 16:31:40,630 - controller.robot_controller - INFO - 运动到指定姿态完成
2025-09-30 16:31:42,273 - root - INFO - 速度比设置成功
2025-09-30 16:31:42,273 - controller.robot_controller - INFO - 速度比设置为 0.49
2025-09-30 16:31:45,799 - root - INFO - 关节运动完成
2025-09-30 16:31:45,799 - controller.robot_controller - INFO - 运动到指定姿态完成
2025-09-30 16:31:47,447 - root - INFO - 速度比设置成功
2025-09-30 16:31:47,447 - controller.robot_controller - INFO - 速度比设置为 0.49
2025-09-30 16:31:49,973 - root - INFO - 关节运动完成
2025-09-30 16:31:49,973 - controller.robot_controller - INFO - 运动到指定姿态完成
2025-09-30 16:31:51,631 - root - INFO - 速度比设置成功
2025-09-30 16:31:51,631 - controller.robot_controller - INFO - 速度比设置为 0.49
2025-09-30 16:31:52,651 - root - INFO - 关节运动完成
2025-09-30 16:31:52,651 - controller.robot_controller - INFO - 运动到指定姿态完成
2025-09-30 16:31:54,284 - root - INFO - 速度比设置成功
2025-09-30 16:31:54,284 - controller.robot_controller - INFO - 速度比设置为 0.49
2025-09-30 16:31:55,302 - root - INFO - 关节运动完成
2025-09-30 16:31:55,302 - controller.robot_controller - INFO - 运动到指定姿态完成
2025-09-30 16:31:56,955 - root - INFO - 速度比设置成功
2025-09-30 16:31:56,955 - controller.robot_controller - INFO - 速度比设置为 0.49
2025-09-30 16:31:57,977 - root - INFO - 关节运动完成
2025-09-30 16:31:57,977 - controller.robot_controller - INFO - 运动到指定姿态完成
2025-09-30 16:31:59,636 - root - INFO - 速度比设置成功
2025-09-30 16:31:59,636 - controller.robot_controller - INFO - 速度比设置为 0.49
2025-09-30 16:32:01,157 - root - INFO - 关节运动完成
2025-09-30 16:32:01,157 - controller.robot_controller - INFO - 运动到指定姿态完成
2025-09-30 16:32:02,801 - root - INFO - 速度比设置成功
2025-09-30 16:32:02,801 - controller.robot_controller - INFO - 速度比设置为 0.49
2025-09-30 16:32:04,821 - root - INFO - 关节运动完成
2025-09-30 16:32:04,822 - controller.robot_controller - INFO - 运动到指定姿态完成
2025-09-30 16:32:06,463 - root - INFO - 速度比设置成功
2025-09-30 16:32:06,463 - controller.robot_controller - INFO - 速度比设置为 0.49
2025-09-30 16:32:08,986 - root - INFO - 关节运动完成
2025-09-30 16:32:08,987 - controller.robot_controller - INFO - 运动到指定姿态完成
2025-09-30 16:32:10,642 - root - INFO - 速度比设置成功
2025-09-30 16:32:10,643 - controller.robot_controller - INFO - 速度比设置为 0.49
2025-09-30 16:32:12,666 - root - INFO - 关节运动完成
2025-09-30 16:32:12,667 - controller.robot_controller - INFO - 运动到指定姿态完成
2025-09-30 16:32:14,320 - root - INFO - 速度比设置成功
2025-09-30 16:32:14,320 - controller.robot_controller - INFO - 速度比设置为 0.49
2025-09-30 16:32:15,337 - root - INFO - 关节运动完成
2025-09-30 16:32:15,338 - controller.robot_controller - INFO - 运动到指定姿态完成
2025-09-30 16:32:16,983 - root - INFO - 速度比设置成功
2025-09-30 16:32:16,983 - controller.robot_controller - INFO - 速度比设置为 0.49
2025-09-30 16:32:18,001 - root - INFO - 关节运动完成
2025-09-30 16:32:18,001 - controller.robot_controller - INFO - 运动到指定姿态完成
2025-09-30 16:32:19,658 - root - INFO - 速度比设置成功
2025-09-30 16:32:19,658 - controller.robot_controller - INFO - 速度比设置为 0.49
2025-09-30 16:32:21,177 - root - INFO - 关节运动完成
2025-09-30 16:32:21,177 - controller.robot_controller - INFO - 运动到指定姿态完成
2025-09-30 16:32:22,832 - root - INFO - 速度比设置成功
2025-09-30 16:32:22,833 - controller.robot_controller - INFO - 速度比设置为 0.49
2025-09-30 16:32:24,352 - root - INFO - 关节运动完成
2025-09-30 16:32:24,352 - controller.robot_controller - INFO - 运动到指定姿态完成
2025-09-30 16:32:25,988 - root - INFO - 速度比设置成功
2025-09-30 16:32:25,988 - controller.robot_controller - INFO - 速度比设置为 0.49
2025-09-30 16:32:28,008 - root - INFO - 关节运动完成
2025-09-30 16:32:28,008 - controller.robot_controller - INFO - 运动到指定姿态完成
2025-09-30 16:32:29,654 - root - INFO - 速度比设置成功
2025-09-30 16:32:29,654 - controller.robot_controller - INFO - 速度比设置为 0.49
2025-09-30 16:32:32,177 - root - INFO - 关节运动完成
2025-09-30 16:32:32,178 - controller.robot_controller - INFO - 运动到指定姿态完成
2025-09-30 16:32:33,828 - root - INFO - 速度比设置成功
2025-09-30 16:32:33,828 - controller.robot_controller - INFO - 速度比设置为 0.49
2025-09-30 16:32:35,853 - root - INFO - 关节运动完成
2025-09-30 16:32:35,853 - controller.robot_controller - INFO - 运动到指定姿态完成
2025-09-30 16:32:37,486 - root - INFO - 速度比设置成功
2025-09-30 16:32:37,487 - controller.robot_controller - INFO - 速度比设置为 0.49
2025-09-30 16:32:39,507 - root - INFO - 关节运动完成
2025-09-30 16:32:39,507 - controller.robot_controller - INFO - 运动到指定姿态完成
2025-09-30 16:32:41,165 - root - INFO - 速度比设置成功
2025-09-30 16:32:41,165 - controller.robot_controller - INFO - 速度比设置为 0.49
2025-09-30 16:32:42,182 - root - INFO - 关节运动完成
2025-09-30 16:32:42,183 - controller.robot_controller - INFO - 运动到指定姿态完成
2025-09-30 16:32:43,832 - root - INFO - 速度比设置成功
2025-09-30 16:32:43,832 - controller.robot_controller - INFO - 速度比设置为 0.49
2025-09-30 16:32:45,355 - root - INFO - 关节运动完成
2025-09-30 16:32:45,356 - controller.robot_controller - INFO - 运动到指定姿态完成
2025-09-30 16:32:46,999 - root - INFO - 速度比设置成功
2025-09-30 16:32:46,999 - controller.robot_controller - INFO - 速度比设置为 0.49
2025-09-30 16:32:48,518 - root - INFO - 关节运动完成
2025-09-30 16:32:48,518 - controller.robot_controller - INFO - 运动到指定姿态完成
2025-09-30 16:32:50,169 - root - INFO - 速度比设置成功
2025-09-30 16:32:50,169 - controller.robot_controller - INFO - 速度比设置为 0.49
2025-09-30 16:32:52,190 - root - INFO - 关节运动完成
2025-09-30 16:32:52,190 - controller.robot_controller - INFO - 运动到指定姿态完成
2025-09-30 16:32:53,844 - root - INFO - 速度比设置成功
2025-09-30 16:32:53,844 - controller.robot_controller - INFO - 速度比设置为 0.49
2025-09-30 16:32:56,869 - root - INFO - 关节运动完成
2025-09-30 16:32:56,869 - controller.robot_controller - INFO - 运动到指定姿态完成
2025-09-30 16:32:58,522 - root - INFO - 速度比设置成功
2025-09-30 16:32:58,522 - controller.robot_controller - INFO - 速度比设置为 0.49
2025-09-30 16:33:01,044 - root - INFO - 关节运动完成
2025-09-30 16:33:01,044 - controller.robot_controller - INFO - 运动到指定姿态完成
2025-09-30 16:33:02,689 - root - INFO - 速度比设置成功
2025-09-30 16:33:02,689 - controller.robot_controller - INFO - 速度比设置为 0.49
2025-09-30 16:33:04,208 - root - INFO - 关节运动完成
2025-09-30 16:33:04,208 - controller.robot_controller - INFO - 运动到指定姿态完成
2025-09-30 16:33:05,870 - root - INFO - 速度比设置成功
2025-09-30 16:33:05,870 - controller.robot_controller - INFO - 速度比设置为 0.49
2025-09-30 16:33:06,889 - root - INFO - 关节运动完成
2025-09-30 16:33:06,889 - controller.robot_controller - INFO - 运动到指定姿态完成
2025-09-30 16:33:08,542 - root - INFO - 速度比设置成功
2025-09-30 16:33:08,542 - controller.robot_controller - INFO - 速度比设置为 0.49
2025-09-30 16:33:10,061 - root - INFO - 关节运动完成
2025-09-30 16:33:10,061 - controller.robot_controller - INFO - 运动到指定姿态完成
2025-09-30 16:33:11,705 - root - INFO - 速度比设置成功
2025-09-30 16:33:11,705 - controller.robot_controller - INFO - 速度比设置为 0.49
2025-09-30 16:33:13,223 - root - INFO - 关节运动完成
2025-09-30 16:33:13,224 - controller.robot_controller - INFO - 运动到指定姿态完成
2025-09-30 16:33:14,863 - root - INFO - 速度比设置成功
2025-09-30 16:33:14,864 - controller.robot_controller - INFO - 速度比设置为 0.49
2025-09-30 16:33:16,887 - root - INFO - 关节运动完成
2025-09-30 16:33:16,887 - controller.robot_controller - INFO - 运动到指定姿态完成
2025-09-30 16:33:18,530 - root - INFO - 速度比设置成功
2025-09-30 16:33:18,530 - controller.robot_controller - INFO - 速度比设置为 0.49
2025-09-30 16:33:21,051 - root - INFO - 关节运动完成
2025-09-30 16:33:21,052 - controller.robot_controller - INFO - 运动到指定姿态完成
2025-09-30 16:33:22,684 - root - INFO - 速度比设置成功
2025-09-30 16:33:22,684 - controller.robot_controller - INFO - 速度比设置为 0.49
2025-09-30 16:33:25,206 - root - INFO - 关节运动完成
2025-09-30 16:33:25,206 - controller.robot_controller - INFO - 运动到指定姿态完成
2025-09-30 16:33:26,855 - root - INFO - 速度比设置成功
2025-09-30 16:33:26,855 - controller.robot_controller - INFO - 速度比设置为 0.49
2025-09-30 16:33:28,373 - root - INFO - 关节运动完成
2025-09-30 16:33:28,374 - controller.robot_controller - INFO - 运动到指定姿态完成
2025-09-30 16:33:30,029 - root - INFO - 速度比设置成功
2025-09-30 16:33:30,029 - controller.robot_controller - INFO - 速度比设置为 0.49
2025-09-30 16:33:31,047 - root - INFO - 关节运动完成
2025-09-30 16:33:31,047 - controller.robot_controller - INFO - 运动到指定姿态完成
2025-09-30 16:33:32,684 - root - INFO - 速度比设置成功
2025-09-30 16:33:32,684 - controller.robot_controller - INFO - 速度比设置为 0.49
2025-09-30 16:33:34,204 - root - INFO - 关节运动完成
2025-09-30 16:33:34,204 - controller.robot_controller - INFO - 运动到指定姿态完成
2025-09-30 16:33:35,863 - root - INFO - 速度比设置成功
2025-09-30 16:33:35,863 - controller.robot_controller - INFO - 速度比设置为 0.49
2025-09-30 16:33:37,382 - root - INFO - 关节运动完成
2025-09-30 16:33:37,382 - controller.robot_controller - INFO - 运动到指定姿态完成
2025-09-30 16:33:39,038 - root - INFO - 速度比设置成功
2025-09-30 16:33:39,038 - controller.robot_controller - INFO - 速度比设置为 0.49
2025-09-30 16:33:40,556 - root - INFO - 关节运动完成
2025-09-30 16:33:40,556 - controller.robot_controller - INFO - 运动到指定姿态完成
2025-09-30 16:33:42,200 - root - INFO - 速度比设置成功
2025-09-30 16:33:42,200 - controller.robot_controller - INFO - 速度比设置为 0.49
2025-09-30 16:33:44,220 - root - INFO - 关节运动完成
2025-09-30 16:33:44,220 - controller.robot_controller - INFO - 运动到指定姿态完成
2025-09-30 16:33:45,867 - root - INFO - 速度比设置成功
2025-09-30 16:33:45,867 - controller.robot_controller - INFO - 速度比设置为 0.49
2025-09-30 16:33:48,388 - root - INFO - 关节运动完成
2025-09-30 16:33:48,389 - controller.robot_controller - INFO - 运动到指定姿态完成
2025-09-30 16:33:50,045 - root - INFO - 速度比设置成功
2025-09-30 16:33:50,045 - controller.robot_controller - INFO - 速度比设置为 0.49
2025-09-30 16:33:52,568 - root - INFO - 关节运动完成
2025-09-30 16:33:52,568 - controller.robot_controller - INFO - 运动到指定姿态完成
2025-09-30 16:33:54,203 - root - INFO - 速度比设置成功
2025-09-30 16:33:54,204 - controller.robot_controller - INFO - 速度比设置为 0.49
2025-09-30 16:33:55,221 - root - INFO - 关节运动完成
2025-09-30 16:33:55,221 - controller.robot_controller - INFO - 运动到指定姿态完成
2025-09-30 16:33:56,867 - root - INFO - 速度比设置成功
2025-09-30 16:33:56,867 - controller.robot_controller - INFO - 速度比设置为 0.49
2025-09-30 16:33:58,386 - root - INFO - 关节运动完成
2025-09-30 16:33:58,386 - controller.robot_controller - INFO - 运动到指定姿态完成
2025-09-30 16:34:00,041 - root - INFO - 速度比设置成功
2025-09-30 16:34:00,041 - controller.robot_controller - INFO - 速度比设置为 0.49
2025-09-30 16:34:01,560 - root - INFO - 关节运动完成
2025-09-30 16:34:01,560 - controller.robot_controller - INFO - 运动到指定姿态完成
2025-09-30 16:34:03,204 - root - INFO - 速度比设置成功
2025-09-30 16:34:03,204 - controller.robot_controller - INFO - 速度比设置为 0.49
2025-09-30 16:34:05,725 - root - INFO - 关节运动完成
2025-09-30 16:34:05,726 - controller.robot_controller - INFO - 运动到指定姿态完成
2025-09-30 16:34:07,370 - root - INFO - 速度比设置成功
2025-09-30 16:34:07,370 - controller.robot_controller - INFO - 速度比设置为 0.49
2025-09-30 16:34:10,895 - root - INFO - 关节运动完成
2025-09-30 16:34:10,895 - controller.robot_controller - INFO - 运动到指定姿态完成
2025-09-30 16:34:12,552 - root - INFO - 速度比设置成功
2025-09-30 16:34:12,552 - controller.robot_controller - INFO - 速度比设置为 0.49
2025-09-30 16:34:15,575 - root - INFO - 关节运动完成
2025-09-30 16:34:15,575 - controller.robot_controller - INFO - 运动到指定姿态完成
2025-09-30 16:34:17,230 - root - INFO - 速度比设置成功
2025-09-30 16:34:17,230 - controller.robot_controller - INFO - 速度比设置为 0.49
2025-09-30 16:34:18,250 - root - INFO - 关节运动完成
2025-09-30 16:34:18,250 - controller.robot_controller - INFO - 运动到指定姿态完成
2025-09-30 16:34:19,893 - root - INFO - 速度比设置成功
2025-09-30 16:34:19,893 - controller.robot_controller - INFO - 速度比设置为 0.49
2025-09-30 16:34:20,911 - root - INFO - 关节运动完成
2025-09-30 16:34:20,911 - controller.robot_controller - INFO - 运动到指定姿态完成
2025-09-30 16:34:22,564 - root - INFO - 速度比设置成功
2025-09-30 16:34:22,564 - controller.robot_controller - INFO - 速度比设置为 0.49
2025-09-30 16:34:24,083 - root - INFO - 关节运动完成
2025-09-30 16:34:24,083 - controller.robot_controller - INFO - 运动到指定姿态完成
2025-09-30 16:34:25,739 - root - INFO - 速度比设置成功
2025-09-30 16:34:25,739 - controller.robot_controller - INFO - 速度比设置为 0.49
2025-09-30 16:34:27,258 - root - INFO - 关节运动完成
2025-09-30 16:34:27,258 - controller.robot_controller - INFO - 运动到指定姿态完成
2025-09-30 16:34:28,902 - root - INFO - 速度比设置成功
2025-09-30 16:34:28,902 - controller.robot_controller - INFO - 速度比设置为 0.49
2025-09-30 16:34:30,926 - root - INFO - 关节运动完成
2025-09-30 16:34:30,926 - controller.robot_controller - INFO - 运动到指定姿态完成
2025-09-30 16:34:32,572 - root - INFO - 速度比设置成功
2025-09-30 16:34:32,572 - controller.robot_controller - INFO - 速度比设置为 0.49
2025-09-30 16:34:35,595 - root - INFO - 关节运动完成
2025-09-30 16:34:35,595 - controller.robot_controller - INFO - 运动到指定姿态完成
2025-09-30 16:34:37,255 - root - INFO - 速度比设置成功
2025-09-30 16:34:37,255 - controller.robot_controller - INFO - 速度比设置为 0.49
2025-09-30 16:34:39,780 - root - INFO - 关节运动完成
2025-09-30 16:34:39,781 - controller.robot_controller - INFO - 运动到指定姿态完成
2025-09-30 16:34:41,433 - root - INFO - 速度比设置成功
2025-09-30 16:34:41,433 - controller.robot_controller - INFO - 速度比设置为 0.49
2025-09-30 16:34:42,450 - root - INFO - 关节运动完成
2025-09-30 16:34:42,450 - controller.robot_controller - INFO - 运动到指定姿态完成
2025-09-30 16:34:44,096 - root - INFO - 速度比设置成功
2025-09-30 16:34:44,096 - controller.robot_controller - INFO - 速度比设置为 0.49
2025-09-30 16:34:45,118 - root - INFO - 关节运动完成
2025-09-30 16:34:45,118 - controller.robot_controller - INFO - 运动到指定姿态完成
2025-09-30 16:34:46,767 - root - INFO - 速度比设置成功
2025-09-30 16:34:46,767 - controller.robot_controller - INFO - 速度比设置为 0.49
2025-09-30 16:34:48,285 - root - INFO - 关节运动完成
2025-09-30 16:34:48,286 - controller.robot_controller - INFO - 运动到指定姿态完成
2025-09-30 16:34:49,937 - root - INFO - 速度比设置成功
2025-09-30 16:34:49,937 - controller.robot_controller - INFO - 速度比设置为 0.49
2025-09-30 16:34:51,456 - root - INFO - 关节运动完成
2025-09-30 16:34:51,456 - controller.robot_controller - INFO - 运动到指定姿态完成
2025-09-30 16:34:53,100 - root - INFO - 速度比设置成功
2025-09-30 16:34:53,100 - controller.robot_controller - INFO - 速度比设置为 0.49
2025-09-30 16:34:55,120 - root - INFO - 关节运动完成
2025-09-30 16:34:55,120 - controller.robot_controller - INFO - 运动到指定姿态完成
2025-09-30 16:34:56,767 - root - INFO - 速度比设置成功
2025-09-30 16:34:56,767 - controller.robot_controller - INFO - 速度比设置为 0.49
2025-09-30 16:34:58,787 - root - INFO - 关节运动完成
2025-09-30 16:34:58,787 - controller.robot_controller - INFO - 运动到指定姿态完成
2025-09-30 16:35:00,441 - root - INFO - 速度比设置成功
2025-09-30 16:35:00,441 - controller.robot_controller - INFO - 速度比设置为 0.49
2025-09-30 16:35:02,963 - root - INFO - 关节运动完成
2025-09-30 16:35:02,963 - controller.robot_controller - INFO - 运动到指定姿态完成
2025-09-30 16:35:04,608 - root - INFO - 速度比设置成功
2025-09-30 16:35:04,608 - controller.robot_controller - INFO - 速度比设置为 0.49
2025-09-30 16:35:06,126 - root - INFO - 关节运动完成
2025-09-30 16:35:06,127 - controller.robot_controller - INFO - 运动到指定姿态完成
2025-09-30 16:35:07,770 - root - INFO - 速度比设置成功
2025-09-30 16:35:07,770 - controller.robot_controller - INFO - 速度比设置为 0.49
2025-09-30 16:35:08,787 - root - INFO - 关节运动完成
2025-09-30 16:35:08,788 - controller.robot_controller - INFO - 运动到指定姿态完成
2025-09-30 16:35:10,441 - root - INFO - 速度比设置成功
2025-09-30 16:35:10,441 - controller.robot_controller - INFO - 速度比设置为 0.49
2025-09-30 16:35:11,959 - root - INFO - 关节运动完成
2025-09-30 16:35:11,960 - controller.robot_controller - INFO - 运动到指定姿态完成
2025-09-30 16:35:13,604 - root - INFO - 速度比设置成功
2025-09-30 16:35:13,604 - controller.robot_controller - INFO - 速度比设置为 0.49
2025-09-30 16:35:15,122 - root - INFO - 关节运动完成
2025-09-30 16:35:15,123 - controller.robot_controller - INFO - 运动到指定姿态完成
2025-09-30 16:35:16,763 - root - INFO - 速度比设置成功
2025-09-30 16:35:16,763 - controller.robot_controller - INFO - 速度比设置为 0.49
2025-09-30 16:35:18,782 - root - INFO - 关节运动完成
2025-09-30 16:35:18,782 - controller.robot_controller - INFO - 运动到指定姿态完成
2025-09-30 16:35:20,437 - root - INFO - 速度比设置成功
2025-09-30 16:35:20,437 - controller.robot_controller - INFO - 速度比设置为 0.49
2025-09-30 16:35:23,459 - root - INFO - 关节运动完成
2025-09-30 16:35:23,459 - controller.robot_controller - INFO - 运动到指定姿态完成
2025-09-30 16:35:25,103 - root - INFO - 速度比设置成功
2025-09-30 16:35:25,104 - controller.robot_controller - INFO - 速度比设置为 0.49
2025-09-30 16:35:27,628 - root - INFO - 关节运动完成
2025-09-30 16:35:27,629 - controller.robot_controller - INFO - 运动到指定姿态完成
2025-09-30 16:35:29,274 - root - INFO - 速度比设置成功
2025-09-30 16:35:29,274 - controller.robot_controller - INFO - 速度比设置为 0.49
2025-09-30 16:35:30,792 - root - INFO - 关节运动完成
2025-09-30 16:35:30,793 - controller.robot_controller - INFO - 运动到指定姿态完成
2025-09-30 16:35:32,445 - root - INFO - 速度比设置成功
2025-09-30 16:35:32,445 - controller.robot_controller - INFO - 速度比设置为 0.49
2025-09-30 16:35:33,466 - root - INFO - 关节运动完成
2025-09-30 16:35:33,466 - controller.robot_controller - INFO - 运动到指定姿态完成
2025-09-30 16:35:35,119 - root - INFO - 速度比设置成功
2025-09-30 16:35:35,119 - controller.robot_controller - INFO - 速度比设置为 0.49
2025-09-30 16:35:36,638 - root - INFO - 关节运动完成
2025-09-30 16:35:36,638 - controller.robot_controller - INFO - 运动到指定姿态完成
2025-09-30 16:35:38,274 - root - INFO - 速度比设置成功
2025-09-30 16:35:38,274 - controller.robot_controller - INFO - 速度比设置为 0.49
2025-09-30 16:35:39,794 - root - INFO - 关节运动完成
2025-09-30 16:35:39,794 - controller.robot_controller - INFO - 运动到指定姿态完成
2025-09-30 16:35:41,449 - root - INFO - 速度比设置成功
2025-09-30 16:35:41,449 - controller.robot_controller - INFO - 速度比设置为 0.49
2025-09-30 16:35:43,468 - root - INFO - 关节运动完成
2025-09-30 16:35:43,468 - controller.robot_controller - INFO - 运动到指定姿态完成
2025-09-30 16:35:45,103 - root - INFO - 速度比设置成功
2025-09-30 16:35:45,103 - controller.robot_controller - INFO - 速度比设置为 0.49
2025-09-30 16:35:47,624 - root - INFO - 关节运动完成
2025-09-30 16:35:47,625 - controller.robot_controller - INFO - 运动到指定姿态完成
2025-09-30 16:35:49,270 - root - INFO - 速度比设置成功
2025-09-30 16:35:49,270 - controller.robot_controller - INFO - 速度比设置为 0.49
2025-09-30 16:35:51,791 - root - INFO - 关节运动完成
2025-09-30 16:35:51,791 - controller.robot_controller - INFO - 运动到指定姿态完成
2025-09-30 16:35:53,444 - root - INFO - 速度比设置成功
2025-09-30 16:35:53,444 - controller.robot_controller - INFO - 速度比设置为 0.49
2025-09-30 16:35:54,962 - root - INFO - 关节运动完成
2025-09-30 16:35:54,963 - controller.robot_controller - INFO - 运动到指定姿态完成
2025-09-30 16:35:56,615 - root - INFO - 速度比设置成功
2025-09-30 16:35:56,615 - controller.robot_controller - INFO - 速度比设置为 0.49
2025-09-30 16:35:57,636 - root - INFO - 关节运动完成
2025-09-30 16:35:57,636 - controller.robot_controller - INFO - 运动到指定姿态完成
2025-09-30 16:35:59,278 - root - INFO - 速度比设置成功
2025-09-30 16:35:59,278 - controller.robot_controller - INFO - 速度比设置为 0.49
2025-09-30 16:36:00,798 - root - INFO - 关节运动完成
2025-09-30 16:36:00,799 - controller.robot_controller - INFO - 运动到指定姿态完成
2025-09-30 16:36:02,453 - root - INFO - 速度比设置成功
2025-09-30 16:36:02,453 - controller.robot_controller - INFO - 速度比设置为 0.49
2025-09-30 16:36:03,971 - root - INFO - 关节运动完成
2025-09-30 16:36:03,971 - controller.robot_controller - INFO - 运动到指定姿态完成
2025-09-30 16:36:05,623 - root - INFO - 速度比设置成功
2025-09-30 16:36:05,623 - controller.robot_controller - INFO - 速度比设置为 0.49
2025-09-30 16:36:07,142 - root - INFO - 关节运动完成
2025-09-30 16:36:07,142 - controller.robot_controller - INFO - 运动到指定姿态完成
2025-09-30 16:36:08,774 - root - INFO - 速度比设置成功
2025-09-30 16:36:08,774 - controller.robot_controller - INFO - 速度比设置为 0.49
2025-09-30 16:36:10,798 - root - INFO - 关节运动完成
2025-09-30 16:36:10,798 - controller.robot_controller - INFO - 运动到指定姿态完成
2025-09-30 16:36:12,453 - root - INFO - 速度比设置成功
2025-09-30 16:36:12,453 - controller.robot_controller - INFO - 速度比设置为 0.49
2025-09-30 16:36:12,456 - controller.robot_controller - ERROR - 运动到指定姿态失败: 逆运动学解算失败: 运动学逆解失败，错误码: 20031
2025-09-30 16:36:14,096 - root - INFO - 速度比设置成功
2025-09-30 16:36:14,096 - controller.robot_controller - INFO - 速度比设置为 0.49
2025-09-30 16:36:15,615 - root - INFO - 关节运动完成
2025-09-30 16:36:15,615 - controller.robot_controller - INFO - 运动到指定姿态完成
2025-09-30 16:36:17,267 - root - INFO - 速度比设置成功
2025-09-30 16:36:17,267 - controller.robot_controller - INFO - 速度比设置为 0.49
2025-09-30 16:36:18,284 - root - INFO - 关节运动完成
2025-09-30 16:36:18,284 - controller.robot_controller - INFO - 运动到指定姿态完成
2025-09-30 16:36:19,926 - root - INFO - 速度比设置成功
2025-09-30 16:36:19,926 - controller.robot_controller - INFO - 速度比设置为 0.49
2025-09-30 16:36:21,444 - root - INFO - 关节运动完成
2025-09-30 16:36:21,445 - controller.robot_controller - INFO - 运动到指定姿态完成
2025-09-30 16:36:23,089 - root - INFO - 速度比设置成功
2025-09-30 16:36:23,089 - controller.robot_controller - INFO - 速度比设置为 0.49
2025-09-30 16:36:24,607 - root - INFO - 关节运动完成
2025-09-30 16:36:24,607 - controller.robot_controller - INFO - 运动到指定姿态完成
2025-09-30 16:36:26,259 - root - INFO - 速度比设置成功
2025-09-30 16:36:26,259 - controller.robot_controller - INFO - 速度比设置为 0.49
2025-09-30 16:36:28,780 - root - INFO - 关节运动完成
2025-09-30 16:36:28,780 - controller.robot_controller - INFO - 运动到指定姿态完成
2025-09-30 16:36:30,438 - root - INFO - 速度比设置成功
2025-09-30 16:36:30,438 - controller.robot_controller - INFO - 速度比设置为 0.49
2025-09-30 16:36:32,963 - root - INFO - 关节运动完成
2025-09-30 16:36:32,963 - controller.robot_controller - INFO - 运动到指定姿态完成
2025-09-30 16:36:34,596 - root - INFO - 速度比设置成功
2025-09-30 16:36:34,596 - controller.robot_controller - INFO - 速度比设置为 0.49
2025-09-30 16:36:37,619 - root - INFO - 关节运动完成
2025-09-30 16:36:37,619 - controller.robot_controller - INFO - 运动到指定姿态完成
2025-09-30 16:36:39,270 - root - INFO - 速度比设置成功
2025-09-30 16:36:39,271 - controller.robot_controller - INFO - 速度比设置为 0.49
2025-09-30 16:36:40,793 - root - INFO - 关节运动完成
2025-09-30 16:36:40,793 - controller.robot_controller - INFO - 运动到指定姿态完成
2025-09-30 16:36:42,449 - root - INFO - 速度比设置成功
2025-09-30 16:36:42,449 - controller.robot_controller - INFO - 速度比设置为 0.49
2025-09-30 16:36:43,466 - root - INFO - 关节运动完成
2025-09-30 16:36:43,467 - controller.robot_controller - INFO - 运动到指定姿态完成
2025-09-30 16:36:45,124 - root - INFO - 速度比设置成功
2025-09-30 16:36:45,124 - controller.robot_controller - INFO - 速度比设置为 0.49
2025-09-30 16:36:46,643 - root - INFO - 关节运动完成
2025-09-30 16:36:46,643 - controller.robot_controller - INFO - 运动到指定姿态完成
2025-09-30 16:36:48,287 - root - INFO - 速度比设置成功
2025-09-30 16:36:48,287 - controller.robot_controller - INFO - 速度比设置为 0.49
2025-09-30 16:36:49,806 - root - INFO - 关节运动完成
2025-09-30 16:36:49,806 - controller.robot_controller - INFO - 运动到指定姿态完成
2025-09-30 16:36:51,457 - root - INFO - 速度比设置成功
2025-09-30 16:36:51,457 - controller.robot_controller - INFO - 速度比设置为 0.49
2025-09-30 16:36:55,985 - root - INFO - 关节运动完成
2025-09-30 16:36:55,985 - controller.robot_controller - INFO - 运动到指定姿态完成
2025-09-30 16:36:57,639 - root - INFO - 速度比设置成功
2025-09-30 16:36:57,639 - controller.robot_controller - INFO - 速度比设置为 0.49
2025-09-30 16:37:00,662 - root - INFO - 关节运动完成
2025-09-30 16:37:00,662 - controller.robot_controller - INFO - 运动到指定姿态完成
2025-09-30 16:37:02,305 - root - INFO - 速度比设置成功
2025-09-30 16:37:02,305 - controller.robot_controller - INFO - 速度比设置为 0.49
2025-09-30 16:37:04,827 - root - INFO - 关节运动完成
2025-09-30 16:37:04,828 - controller.robot_controller - INFO - 运动到指定姿态完成
2025-09-30 16:37:06,472 - root - INFO - 速度比设置成功
2025-09-30 16:37:06,472 - controller.robot_controller - INFO - 速度比设置为 0.49
2025-09-30 16:37:07,990 - root - INFO - 关节运动完成
2025-09-30 16:37:07,991 - controller.robot_controller - INFO - 运动到指定姿态完成
2025-09-30 16:37:09,646 - root - INFO - 速度比设置成功
2025-09-30 16:37:09,646 - controller.robot_controller - INFO - 速度比设置为 0.49
2025-09-30 16:37:10,664 - root - INFO - 关节运动完成
2025-09-30 16:37:10,664 - controller.robot_controller - INFO - 运动到指定姿态完成
2025-09-30 16:37:12,297 - root - INFO - 速度比设置成功
2025-09-30 16:37:12,297 - controller.robot_controller - INFO - 速度比设置为 0.49
2025-09-30 16:37:13,816 - root - INFO - 关节运动完成
2025-09-30 16:37:13,816 - controller.robot_controller - INFO - 运动到指定姿态完成
2025-09-30 16:37:15,460 - root - INFO - 速度比设置成功
2025-09-30 16:37:15,460 - controller.robot_controller - INFO - 速度比设置为 0.49
2025-09-30 16:37:16,979 - root - INFO - 关节运动完成
2025-09-30 16:37:16,979 - controller.robot_controller - INFO - 运动到指定姿态完成
2025-09-30 16:37:18,623 - root - INFO - 速度比设置成功
2025-09-30 16:37:18,623 - controller.robot_controller - INFO - 速度比设置为 0.49
2025-09-30 16:37:20,643 - root - INFO - 关节运动完成
2025-09-30 16:37:20,643 - controller.robot_controller - INFO - 运动到指定姿态完成
2025-09-30 16:37:22,285 - root - INFO - 速度比设置成功
2025-09-30 16:37:22,285 - controller.robot_controller - INFO - 速度比设置为 0.49
2025-09-30 16:37:24,305 - root - INFO - 关节运动完成
2025-09-30 16:37:24,305 - controller.robot_controller - INFO - 运动到指定姿态完成
2025-09-30 16:37:25,956 - root - INFO - 速度比设置成功
2025-09-30 16:37:25,956 - controller.robot_controller - INFO - 速度比设置为 0.49
2025-09-30 16:37:28,478 - root - INFO - 关节运动完成
2025-09-30 16:37:28,478 - controller.robot_controller - INFO - 运动到指定姿态完成
2025-09-30 16:37:30,499 - controller.realsense_controller - INFO - RealSense相机连接已断开
2025-09-30 16:37:30,504 - server.tcp_server - INFO - 客户端 client_24 资源已清理
2025-09-30 16:37:30,536 - root - INFO - 去使能指令发送成功，等待机器人进入去使能状态
2025-09-30 16:37:31,039 - root - INFO - 机器人已成功去使能
2025-09-30 16:37:31,040 - controller.robot_controller - INFO - 机器人已去使能
2025-09-30 16:37:31,041 - controller.robot_controller - INFO - 机器人连接已断开
2025-09-30 16:37:31,041 - server.tcp_server - INFO - 客户端 client_23 资源已清理
2025-09-30 16:39:15,895 - server.tcp_server - INFO - 新客户端连接: ('192.168.31.254', 47386)
2025-09-30 16:39:15,896 - server.tcp_server - INFO - 开始处理连接机器人命令，客户端ID: client_25
2025-09-30 16:39:15,896 - controller.robot_controller - INFO - 正在连接机器人 192.168.0.10:10003
2025-09-30 16:39:15,896 - controller.robot_controller - INFO - 机器人连接成功
2025-09-30 16:39:15,896 - server.tcp_server - INFO - 机器人连接结果: True
2025-09-30 16:39:15,896 - server.tcp_server - INFO - 返回成功响应: {"type": "response", "status": "success", "message": "机器人连接成功", "data": {"connected": true}, "message_id": "msg_1_1759221555"}
2025-09-30 16:39:17,448 - root - INFO - 机器人已成功使能
2025-09-30 16:39:17,449 - controller.robot_controller - INFO - 机器人已使能
2025-09-30 16:39:17,457 - root - INFO - 速度比设置成功
2025-09-30 16:39:17,457 - controller.robot_controller - INFO - 速度比设置为 0.49
2025-09-30 16:39:18,981 - root - INFO - 关节运动完成
2025-09-30 16:39:18,981 - controller.robot_controller - INFO - 运动到指定姿态完成
2025-09-30 16:39:20,986 - server.tcp_server - INFO - 新客户端连接: ('192.168.31.254', 47398)
2025-09-30 16:39:20,988 - server.tcp_server - INFO - 开始处理连接RealSense相机命令，客户端ID: client_26
2025-09-30 16:39:21,153 - controller.realsense_controller - INFO - 相机内参读取成功
2025-09-30 16:39:21,153 - controller.realsense_controller - INFO - RealSense相机连接成功
2025-09-30 16:39:21,154 - server.tcp_server - INFO - 返回成功响应: {"type": "response", "status": "success", "message": "RealSense相机连接成功", "data": {"connected": true}, "message_id": "msg_1_1759221560"}
2025-09-30 16:39:22,075 - root - INFO - 速度比设置成功
2025-09-30 16:39:22,075 - controller.robot_controller - INFO - 速度比设置为 0.49
2025-09-30 16:39:23,092 - root - INFO - 关节运动完成
2025-09-30 16:39:23,092 - controller.robot_controller - INFO - 运动到指定姿态完成
2025-09-30 16:39:24,754 - root - INFO - 速度比设置成功
2025-09-30 16:39:24,754 - controller.robot_controller - INFO - 速度比设置为 0.49
2025-09-30 16:39:25,771 - root - INFO - 关节运动完成
2025-09-30 16:39:25,771 - controller.robot_controller - INFO - 运动到指定姿态完成
2025-09-30 16:39:27,561 - root - INFO - 速度比设置成功
2025-09-30 16:39:27,561 - controller.robot_controller - INFO - 速度比设置为 0.49
2025-09-30 16:39:29,079 - root - INFO - 关节运动完成
2025-09-30 16:39:29,079 - controller.robot_controller - INFO - 运动到指定姿态完成
2025-09-30 16:39:30,767 - root - INFO - 速度比设置成功
2025-09-30 16:39:30,767 - controller.robot_controller - INFO - 速度比设置为 0.49
2025-09-30 16:39:32,788 - root - INFO - 关节运动完成
2025-09-30 16:39:32,789 - controller.robot_controller - INFO - 运动到指定姿态完成
2025-09-30 16:39:34,446 - root - INFO - 速度比设置成功
2025-09-30 16:39:34,446 - controller.robot_controller - INFO - 速度比设置为 0.49
2025-09-30 16:39:37,469 - root - INFO - 关节运动完成
2025-09-30 16:39:37,469 - controller.robot_controller - INFO - 运动到指定姿态完成
2025-09-30 16:39:39,104 - root - INFO - 速度比设置成功
2025-09-30 16:39:39,104 - controller.robot_controller - INFO - 速度比设置为 0.49
2025-09-30 16:39:41,625 - root - INFO - 关节运动完成
2025-09-30 16:39:41,625 - controller.robot_controller - INFO - 运动到指定姿态完成
2025-09-30 16:39:43,271 - root - INFO - 速度比设置成功
2025-09-30 16:39:43,271 - controller.robot_controller - INFO - 速度比设置为 0.49
2025-09-30 16:39:44,789 - root - INFO - 关节运动完成
2025-09-30 16:39:44,789 - controller.robot_controller - INFO - 运动到指定姿态完成
2025-09-30 16:39:46,450 - root - INFO - 速度比设置成功
2025-09-30 16:39:46,450 - controller.robot_controller - INFO - 速度比设置为 0.49
2025-09-30 16:39:47,471 - root - INFO - 关节运动完成
2025-09-30 16:39:47,471 - controller.robot_controller - INFO - 运动到指定姿态完成
2025-09-30 16:39:49,124 - root - INFO - 速度比设置成功
2025-09-30 16:39:49,124 - controller.robot_controller - INFO - 速度比设置为 0.49
2025-09-30 16:39:50,142 - root - INFO - 关节运动完成
2025-09-30 16:39:50,142 - controller.robot_controller - INFO - 运动到指定姿态完成
2025-09-30 16:39:51,787 - root - INFO - 速度比设置成功
2025-09-30 16:39:51,787 - controller.robot_controller - INFO - 速度比设置为 0.49
2025-09-30 16:39:53,307 - root - INFO - 关节运动完成
2025-09-30 16:39:53,307 - controller.robot_controller - INFO - 运动到指定姿态完成
2025-09-30 16:39:54,966 - root - INFO - 速度比设置成功
2025-09-30 16:39:54,966 - controller.robot_controller - INFO - 速度比设置为 0.49
2025-09-30 16:39:56,986 - root - INFO - 关节运动完成
2025-09-30 16:39:56,987 - controller.robot_controller - INFO - 运动到指定姿态完成
2025-09-30 16:39:58,641 - root - INFO - 速度比设置成功
2025-09-30 16:39:58,641 - controller.robot_controller - INFO - 速度比设置为 0.49
2025-09-30 16:40:01,162 - root - INFO - 关节运动完成
2025-09-30 16:40:01,162 - controller.robot_controller - INFO - 运动到指定姿态完成
2025-09-30 16:40:02,799 - root - INFO - 速度比设置成功
2025-09-30 16:40:02,799 - controller.robot_controller - INFO - 速度比设置为 0.49
2025-09-30 16:40:05,322 - root - INFO - 关节运动完成
2025-09-30 16:40:05,322 - controller.robot_controller - INFO - 运动到指定姿态完成
2025-09-30 16:40:06,965 - root - INFO - 速度比设置成功
2025-09-30 16:40:06,965 - controller.robot_controller - INFO - 速度比设置为 0.49
2025-09-30 16:40:08,484 - root - INFO - 关节运动完成
2025-09-30 16:40:08,485 - controller.robot_controller - INFO - 运动到指定姿态完成
2025-09-30 16:40:10,140 - root - INFO - 速度比设置成功
2025-09-30 16:40:10,140 - controller.robot_controller - INFO - 速度比设置为 0.49
2025-09-30 16:40:11,158 - root - INFO - 关节运动完成
2025-09-30 16:40:11,158 - controller.robot_controller - INFO - 运动到指定姿态完成
2025-09-30 16:40:12,803 - root - INFO - 速度比设置成功
2025-09-30 16:40:12,803 - controller.robot_controller - INFO - 速度比设置为 0.49
2025-09-30 16:40:14,322 - root - INFO - 关节运动完成
2025-09-30 16:40:14,323 - controller.robot_controller - INFO - 运动到指定姿态完成
2025-09-30 16:40:15,966 - root - INFO - 速度比设置成功
2025-09-30 16:40:15,966 - controller.robot_controller - INFO - 速度比设置为 0.49
2025-09-30 16:40:17,486 - root - INFO - 关节运动完成
2025-09-30 16:40:17,486 - controller.robot_controller - INFO - 运动到指定姿态完成
2025-09-30 16:40:19,145 - root - INFO - 速度比设置成功
2025-09-30 16:40:19,145 - controller.robot_controller - INFO - 速度比设置为 0.49
2025-09-30 16:40:20,662 - root - INFO - 关节运动完成
2025-09-30 16:40:20,662 - controller.robot_controller - INFO - 运动到指定姿态完成
2025-09-30 16:40:22,296 - root - INFO - 速度比设置成功
2025-09-30 16:40:22,296 - controller.robot_controller - INFO - 速度比设置为 0.49
2025-09-30 16:40:24,316 - root - INFO - 关节运动完成
2025-09-30 16:40:24,316 - controller.robot_controller - INFO - 运动到指定姿态完成
2025-09-30 16:40:25,962 - root - INFO - 速度比设置成功
2025-09-30 16:40:25,962 - controller.robot_controller - INFO - 速度比设置为 0.49
2025-09-30 16:40:28,483 - root - INFO - 关节运动完成
2025-09-30 16:40:28,483 - controller.robot_controller - INFO - 运动到指定姿态完成
2025-09-30 16:40:30,129 - root - INFO - 速度比设置成功
2025-09-30 16:40:30,129 - controller.robot_controller - INFO - 速度比设置为 0.49
2025-09-30 16:40:32,652 - root - INFO - 关节运动完成
2025-09-30 16:40:32,652 - controller.robot_controller - INFO - 运动到指定姿态完成
2025-09-30 16:40:34,295 - root - INFO - 速度比设置成功
2025-09-30 16:40:34,295 - controller.robot_controller - INFO - 速度比设置为 0.49
2025-09-30 16:40:35,313 - root - INFO - 关节运动完成
2025-09-30 16:40:35,313 - controller.robot_controller - INFO - 运动到指定姿态完成
2025-09-30 16:40:36,966 - root - INFO - 速度比设置成功
2025-09-30 16:40:36,966 - controller.robot_controller - INFO - 速度比设置为 0.49
2025-09-30 16:40:38,485 - root - INFO - 关节运动完成
2025-09-30 16:40:38,485 - controller.robot_controller - INFO - 运动到指定姿态完成
2025-09-30 16:40:40,129 - root - INFO - 速度比设置成功
2025-09-30 16:40:40,129 - controller.robot_controller - INFO - 速度比设置为 0.49
2025-09-30 16:40:41,648 - root - INFO - 关节运动完成
2025-09-30 16:40:41,649 - controller.robot_controller - INFO - 运动到指定姿态完成
2025-09-30 16:40:43,296 - root - INFO - 速度比设置成功
2025-09-30 16:40:43,296 - controller.robot_controller - INFO - 速度比设置为 0.49
2025-09-30 16:40:45,817 - root - INFO - 关节运动完成
2025-09-30 16:40:45,817 - controller.robot_controller - INFO - 运动到指定姿态完成
2025-09-30 16:40:47,466 - root - INFO - 速度比设置成功
2025-09-30 16:40:47,466 - controller.robot_controller - INFO - 速度比设置为 0.49
2025-09-30 16:40:50,992 - root - INFO - 关节运动完成
2025-09-30 16:40:50,992 - controller.robot_controller - INFO - 运动到指定姿态完成
2025-09-30 16:40:52,648 - root - INFO - 速度比设置成功
2025-09-30 16:40:52,648 - controller.robot_controller - INFO - 速度比设置为 0.49
2025-09-30 16:40:55,170 - root - INFO - 关节运动完成
2025-09-30 16:40:55,170 - controller.robot_controller - INFO - 运动到指定姿态完成
2025-09-30 16:40:56,802 - root - INFO - 速度比设置成功
2025-09-30 16:40:56,802 - controller.robot_controller - INFO - 速度比设置为 0.49
2025-09-30 16:40:57,820 - root - INFO - 关节运动完成
2025-09-30 16:40:57,820 - controller.robot_controller - INFO - 运动到指定姿态完成
2025-09-30 16:40:59,465 - root - INFO - 速度比设置成功
2025-09-30 16:40:59,466 - controller.robot_controller - INFO - 速度比设置为 0.49
2025-09-30 16:41:00,483 - root - INFO - 关节运动完成
2025-09-30 16:41:00,483 - controller.robot_controller - INFO - 运动到指定姿态完成
2025-09-30 16:41:02,124 - root - INFO - 速度比设置成功
2025-09-30 16:41:02,124 - controller.robot_controller - INFO - 速度比设置为 0.49
2025-09-30 16:41:03,142 - root - INFO - 关节运动完成
2025-09-30 16:41:03,142 - controller.robot_controller - INFO - 运动到指定姿态完成
2025-09-30 16:41:04,775 - root - INFO - 速度比设置成功
2025-09-30 16:41:04,775 - controller.robot_controller - INFO - 速度比设置为 0.49
2025-09-30 16:41:06,294 - root - INFO - 关节运动完成
2025-09-30 16:41:06,294 - controller.robot_controller - INFO - 运动到指定姿态完成
2025-09-30 16:41:07,946 - root - INFO - 速度比设置成功
2025-09-30 16:41:07,946 - controller.robot_controller - INFO - 速度比设置为 0.49
2025-09-30 16:41:09,967 - root - INFO - 关节运动完成
2025-09-30 16:41:09,967 - controller.robot_controller - INFO - 运动到指定姿态完成
2025-09-30 16:41:11,601 - root - INFO - 速度比设置成功
2025-09-30 16:41:11,601 - controller.robot_controller - INFO - 速度比设置为 0.49
2025-09-30 16:41:14,121 - root - INFO - 关节运动完成
2025-09-30 16:41:14,121 - controller.robot_controller - INFO - 运动到指定姿态完成
2025-09-30 16:41:15,767 - root - INFO - 速度比设置成功
2025-09-30 16:41:15,767 - controller.robot_controller - INFO - 速度比设置为 0.49
2025-09-30 16:41:17,788 - root - INFO - 关节运动完成
2025-09-30 16:41:17,788 - controller.robot_controller - INFO - 运动到指定姿态完成
2025-09-30 16:41:19,442 - root - INFO - 速度比设置成功
2025-09-30 16:41:19,442 - controller.robot_controller - INFO - 速度比设置为 0.49
2025-09-30 16:41:20,459 - root - INFO - 关节运动完成
2025-09-30 16:41:20,459 - controller.robot_controller - INFO - 运动到指定姿态完成
2025-09-30 16:41:22,097 - root - INFO - 速度比设置成功
2025-09-30 16:41:22,097 - controller.robot_controller - INFO - 速度比设置为 0.49
2025-09-30 16:41:23,114 - root - INFO - 关节运动完成
2025-09-30 16:41:23,114 - controller.robot_controller - INFO - 运动到指定姿态完成
2025-09-30 16:41:24,760 - root - INFO - 速度比设置成功
2025-09-30 16:41:24,760 - controller.robot_controller - INFO - 速度比设置为 0.49
2025-09-30 16:41:26,279 - root - INFO - 关节运动完成
2025-09-30 16:41:26,279 - controller.robot_controller - INFO - 运动到指定姿态完成
2025-09-30 16:41:27,926 - root - INFO - 速度比设置成功
2025-09-30 16:41:27,926 - controller.robot_controller - INFO - 速度比设置为 0.49
2025-09-30 16:41:29,445 - root - INFO - 关节运动完成
2025-09-30 16:41:29,445 - controller.robot_controller - INFO - 运动到指定姿态完成
2025-09-30 16:41:31,093 - root - INFO - 速度比设置成功
2025-09-30 16:41:31,093 - controller.robot_controller - INFO - 速度比设置为 0.49
2025-09-30 16:41:33,115 - root - INFO - 关节运动完成
2025-09-30 16:41:33,115 - controller.robot_controller - INFO - 运动到指定姿态完成
2025-09-30 16:41:34,764 - root - INFO - 速度比设置成功
2025-09-30 16:41:34,764 - controller.robot_controller - INFO - 速度比设置为 0.49
2025-09-30 16:41:37,285 - root - INFO - 关节运动完成
2025-09-30 16:41:37,285 - controller.robot_controller - INFO - 运动到指定姿态完成
2025-09-30 16:41:38,930 - root - INFO - 速度比设置成功
2025-09-30 16:41:38,930 - controller.robot_controller - INFO - 速度比设置为 0.49
2025-09-30 16:41:40,951 - root - INFO - 关节运动完成
2025-09-30 16:41:40,951 - controller.robot_controller - INFO - 运动到指定姿态完成
2025-09-30 16:41:42,601 - root - INFO - 速度比设置成功
2025-09-30 16:41:42,601 - controller.robot_controller - INFO - 速度比设置为 0.49
2025-09-30 16:41:44,621 - root - INFO - 关节运动完成
2025-09-30 16:41:44,621 - controller.robot_controller - INFO - 运动到指定姿态完成
2025-09-30 16:41:46,267 - root - INFO - 速度比设置成功
2025-09-30 16:41:46,267 - controller.robot_controller - INFO - 速度比设置为 0.49
2025-09-30 16:41:47,284 - root - INFO - 关节运动完成
2025-09-30 16:41:47,284 - controller.robot_controller - INFO - 运动到指定姿态完成
2025-09-30 16:41:48,938 - root - INFO - 速度比设置成功
2025-09-30 16:41:48,938 - controller.robot_controller - INFO - 速度比设置为 0.49
2025-09-30 16:41:50,457 - root - INFO - 关节运动完成
2025-09-30 16:41:50,458 - controller.robot_controller - INFO - 运动到指定姿态完成
2025-09-30 16:41:52,105 - root - INFO - 速度比设置成功
2025-09-30 16:41:52,105 - controller.robot_controller - INFO - 速度比设置为 0.49
2025-09-30 16:41:53,625 - root - INFO - 关节运动完成
2025-09-30 16:41:53,625 - controller.robot_controller - INFO - 运动到指定姿态完成
2025-09-30 16:41:55,272 - root - INFO - 速度比设置成功
2025-09-30 16:41:55,272 - controller.robot_controller - INFO - 速度比设置为 0.49
2025-09-30 16:41:57,302 - root - INFO - 关节运动完成
2025-09-30 16:41:57,302 - controller.robot_controller - INFO - 运动到指定姿态完成
2025-09-30 16:41:58,958 - root - INFO - 速度比设置成功
2025-09-30 16:41:58,958 - controller.robot_controller - INFO - 速度比设置为 0.49
2025-09-30 16:42:01,981 - root - INFO - 关节运动完成
2025-09-30 16:42:01,982 - controller.robot_controller - INFO - 运动到指定姿态完成
2025-09-30 16:42:03,637 - root - INFO - 速度比设置成功
2025-09-30 16:42:03,637 - controller.robot_controller - INFO - 速度比设置为 0.49
2025-09-30 16:42:06,162 - root - INFO - 关节运动完成
2025-09-30 16:42:06,163 - controller.robot_controller - INFO - 运动到指定姿态完成
2025-09-30 16:42:07,799 - root - INFO - 速度比设置成功
2025-09-30 16:42:07,799 - controller.robot_controller - INFO - 速度比设置为 0.49
2025-09-30 16:42:09,318 - root - INFO - 关节运动完成
2025-09-30 16:42:09,318 - controller.robot_controller - INFO - 运动到指定姿态完成
2025-09-30 16:42:10,966 - root - INFO - 速度比设置成功
2025-09-30 16:42:10,966 - controller.robot_controller - INFO - 速度比设置为 0.49
2025-09-30 16:42:11,983 - root - INFO - 关节运动完成
2025-09-30 16:42:11,984 - controller.robot_controller - INFO - 运动到指定姿态完成
2025-09-30 16:42:13,641 - root - INFO - 速度比设置成功
2025-09-30 16:42:13,641 - controller.robot_controller - INFO - 速度比设置为 0.49
2025-09-30 16:42:15,160 - root - INFO - 关节运动完成
2025-09-30 16:42:15,160 - controller.robot_controller - INFO - 运动到指定姿态完成
2025-09-30 16:42:16,804 - root - INFO - 速度比设置成功
2025-09-30 16:42:16,804 - controller.robot_controller - INFO - 速度比设置为 0.49
2025-09-30 16:42:18,324 - root - INFO - 关节运动完成
2025-09-30 16:42:18,324 - controller.robot_controller - INFO - 运动到指定姿态完成
2025-09-30 16:42:19,970 - root - INFO - 速度比设置成功
2025-09-30 16:42:19,970 - controller.robot_controller - INFO - 速度比设置为 0.49
2025-09-30 16:42:21,990 - root - INFO - 关节运动完成
2025-09-30 16:42:21,990 - controller.robot_controller - INFO - 运动到指定姿态完成
2025-09-30 16:42:23,637 - root - INFO - 速度比设置成功
2025-09-30 16:42:23,637 - controller.robot_controller - INFO - 速度比设置为 0.49
2025-09-30 16:42:26,158 - root - INFO - 关节运动完成
2025-09-30 16:42:26,158 - controller.robot_controller - INFO - 运动到指定姿态完成
2025-09-30 16:42:27,803 - root - INFO - 速度比设置成功
2025-09-30 16:42:27,803 - controller.robot_controller - INFO - 速度比设置为 0.49
2025-09-30 16:42:30,325 - root - INFO - 关节运动完成
2025-09-30 16:42:30,325 - controller.robot_controller - INFO - 运动到指定姿态完成
2025-09-30 16:42:31,974 - root - INFO - 速度比设置成功
2025-09-30 16:42:31,974 - controller.robot_controller - INFO - 速度比设置为 0.49
2025-09-30 16:42:33,497 - root - INFO - 关节运动完成
2025-09-30 16:42:33,497 - controller.robot_controller - INFO - 运动到指定姿态完成
2025-09-30 16:42:35,157 - root - INFO - 速度比设置成功
2025-09-30 16:42:35,157 - controller.robot_controller - INFO - 速度比设置为 0.49
2025-09-30 16:42:36,178 - root - INFO - 关节运动完成
2025-09-30 16:42:36,179 - controller.robot_controller - INFO - 运动到指定姿态完成
2025-09-30 16:42:37,836 - root - INFO - 速度比设置成功
2025-09-30 16:42:37,836 - controller.robot_controller - INFO - 速度比设置为 0.49
2025-09-30 16:42:39,354 - root - INFO - 关节运动完成
2025-09-30 16:42:39,354 - controller.robot_controller - INFO - 运动到指定姿态完成
2025-09-30 16:42:40,990 - root - INFO - 速度比设置成功
2025-09-30 16:42:40,991 - controller.robot_controller - INFO - 速度比设置为 0.49
2025-09-30 16:42:42,509 - root - INFO - 关节运动完成
2025-09-30 16:42:42,509 - controller.robot_controller - INFO - 运动到指定姿态完成
2025-09-30 16:42:44,165 - root - INFO - 速度比设置成功
2025-09-30 16:42:44,165 - controller.robot_controller - INFO - 速度比设置为 0.49
2025-09-30 16:42:45,683 - root - INFO - 关节运动完成
2025-09-30 16:42:45,683 - controller.robot_controller - INFO - 运动到指定姿态完成
2025-09-30 16:42:47,340 - root - INFO - 速度比设置成功
2025-09-30 16:42:47,340 - controller.robot_controller - INFO - 速度比设置为 0.49
2025-09-30 16:42:49,359 - root - INFO - 关节运动完成
2025-09-30 16:42:49,359 - controller.robot_controller - INFO - 运动到指定姿态完成
2025-09-30 16:42:51,006 - root - INFO - 速度比设置成功
2025-09-30 16:42:51,007 - controller.robot_controller - INFO - 速度比设置为 0.49
2025-09-30 16:42:53,526 - root - INFO - 关节运动完成
2025-09-30 16:42:53,527 - controller.robot_controller - INFO - 运动到指定姿态完成
2025-09-30 16:42:55,173 - root - INFO - 速度比设置成功
2025-09-30 16:42:55,173 - controller.robot_controller - INFO - 速度比设置为 0.49
2025-09-30 16:42:57,693 - root - INFO - 关节运动完成
2025-09-30 16:42:57,693 - controller.robot_controller - INFO - 运动到指定姿态完成
2025-09-30 16:42:59,340 - root - INFO - 速度比设置成功
2025-09-30 16:42:59,340 - controller.robot_controller - INFO - 速度比设置为 0.49
2025-09-30 16:43:00,361 - root - INFO - 关节运动完成
2025-09-30 16:43:00,362 - controller.robot_controller - INFO - 运动到指定姿态完成
2025-09-30 16:43:01,994 - root - INFO - 速度比设置成功
2025-09-30 16:43:01,994 - controller.robot_controller - INFO - 速度比设置为 0.49
2025-09-30 16:43:03,513 - root - INFO - 关节运动完成
2025-09-30 16:43:03,513 - controller.robot_controller - INFO - 运动到指定姿态完成
2025-09-30 16:43:05,165 - root - INFO - 速度比设置成功
2025-09-30 16:43:05,165 - controller.robot_controller - INFO - 速度比设置为 0.49
2025-09-30 16:43:06,684 - root - INFO - 关节运动完成
2025-09-30 16:43:06,684 - controller.robot_controller - INFO - 运动到指定姿态完成
2025-09-30 16:43:08,328 - root - INFO - 速度比设置成功
2025-09-30 16:43:08,328 - controller.robot_controller - INFO - 速度比设置为 0.49
2025-09-30 16:43:10,850 - root - INFO - 关节运动完成
2025-09-30 16:43:10,850 - controller.robot_controller - INFO - 运动到指定姿态完成
2025-09-30 16:43:12,494 - root - INFO - 速度比设置成功
2025-09-30 16:43:12,494 - controller.robot_controller - INFO - 速度比设置为 0.49
2025-09-30 16:43:16,017 - root - INFO - 关节运动完成
2025-09-30 16:43:16,017 - controller.robot_controller - INFO - 运动到指定姿态完成
2025-09-30 16:43:17,664 - root - INFO - 速度比设置成功
2025-09-30 16:43:17,664 - controller.robot_controller - INFO - 速度比设置为 0.49
2025-09-30 16:43:20,687 - root - INFO - 关节运动完成
2025-09-30 16:43:20,687 - controller.robot_controller - INFO - 运动到指定姿态完成
2025-09-30 16:43:22,343 - root - INFO - 速度比设置成功
2025-09-30 16:43:22,343 - controller.robot_controller - INFO - 速度比设置为 0.49
2025-09-30 16:43:23,360 - root - INFO - 关节运动完成
2025-09-30 16:43:23,361 - controller.robot_controller - INFO - 运动到指定姿态完成
2025-09-30 16:43:24,997 - root - INFO - 速度比设置成功
2025-09-30 16:43:24,997 - controller.robot_controller - INFO - 速度比设置为 0.49
2025-09-30 16:43:26,015 - root - INFO - 关节运动完成
2025-09-30 16:43:26,015 - controller.robot_controller - INFO - 运动到指定姿态完成
2025-09-30 16:43:27,660 - root - INFO - 速度比设置成功
2025-09-30 16:43:27,660 - controller.robot_controller - INFO - 速度比设置为 0.49
2025-09-30 16:43:29,180 - root - INFO - 关节运动完成
2025-09-30 16:43:29,180 - controller.robot_controller - INFO - 运动到指定姿态完成
2025-09-30 16:43:30,831 - root - INFO - 速度比设置成功
2025-09-30 16:43:30,831 - controller.robot_controller - INFO - 速度比设置为 0.49
2025-09-30 16:43:32,350 - root - INFO - 关节运动完成
2025-09-30 16:43:32,350 - controller.robot_controller - INFO - 运动到指定姿态完成
2025-09-30 16:43:33,998 - root - INFO - 速度比设置成功
2025-09-30 16:43:33,998 - controller.robot_controller - INFO - 速度比设置为 0.49
2025-09-30 16:43:36,023 - root - INFO - 关节运动完成
2025-09-30 16:43:36,023 - controller.robot_controller - INFO - 运动到指定姿态完成
2025-09-30 16:43:37,669 - root - INFO - 速度比设置成功
2025-09-30 16:43:37,669 - controller.robot_controller - INFO - 速度比设置为 0.49
2025-09-30 16:43:40,693 - root - INFO - 关节运动完成
2025-09-30 16:43:40,693 - controller.robot_controller - INFO - 运动到指定姿态完成
2025-09-30 16:43:42,347 - root - INFO - 速度比设置成功
2025-09-30 16:43:42,347 - controller.robot_controller - INFO - 速度比设置为 0.49
2025-09-30 16:43:44,370 - root - INFO - 关节运动完成
2025-09-30 16:43:44,371 - controller.robot_controller - INFO - 运动到指定姿态完成
2025-09-30 16:43:46,025 - root - INFO - 速度比设置成功
2025-09-30 16:43:46,025 - controller.robot_controller - INFO - 速度比设置为 0.49
2025-09-30 16:43:47,043 - root - INFO - 关节运动完成
2025-09-30 16:43:47,043 - controller.robot_controller - INFO - 运动到指定姿态完成
2025-09-30 16:43:48,676 - root - INFO - 速度比设置成功
2025-09-30 16:43:48,676 - controller.robot_controller - INFO - 速度比设置为 0.49
2025-09-30 16:43:49,694 - root - INFO - 关节运动完成
2025-09-30 16:43:49,694 - controller.robot_controller - INFO - 运动到指定姿态完成
2025-09-30 16:43:51,347 - root - INFO - 速度比设置成功
2025-09-30 16:43:51,347 - controller.robot_controller - INFO - 速度比设置为 0.49
2025-09-30 16:43:52,866 - root - INFO - 关节运动完成
2025-09-30 16:43:52,867 - controller.robot_controller - INFO - 运动到指定姿态完成
2025-09-30 16:43:54,522 - root - INFO - 速度比设置成功
2025-09-30 16:43:54,522 - controller.robot_controller - INFO - 速度比设置为 0.49
2025-09-30 16:43:56,042 - root - INFO - 关节运动完成
2025-09-30 16:43:56,042 - controller.robot_controller - INFO - 运动到指定姿态完成
2025-09-30 16:43:57,685 - root - INFO - 速度比设置成功
2025-09-30 16:43:57,685 - controller.robot_controller - INFO - 速度比设置为 0.49
2025-09-30 16:43:59,706 - root - INFO - 关节运动完成
2025-09-30 16:43:59,706 - controller.robot_controller - INFO - 运动到指定姿态完成
2025-09-30 16:44:01,359 - root - INFO - 速度比设置成功
2025-09-30 16:44:01,360 - controller.robot_controller - INFO - 速度比设置为 0.49
2025-09-30 16:44:03,380 - root - INFO - 关节运动完成
2025-09-30 16:44:03,380 - controller.robot_controller - INFO - 运动到指定姿态完成
2025-09-30 16:44:05,042 - root - INFO - 速度比设置成功
2025-09-30 16:44:05,042 - controller.robot_controller - INFO - 速度比设置为 0.49
2025-09-30 16:44:07,568 - root - INFO - 关节运动完成
2025-09-30 16:44:07,569 - controller.robot_controller - INFO - 运动到指定姿态完成
2025-09-30 16:44:09,208 - root - INFO - 速度比设置成功
2025-09-30 16:44:09,208 - controller.robot_controller - INFO - 速度比设置为 0.49
2025-09-30 16:44:10,728 - root - INFO - 关节运动完成
2025-09-30 16:44:10,729 - controller.robot_controller - INFO - 运动到指定姿态完成
2025-09-30 16:44:12,376 - root - INFO - 速度比设置成功
2025-09-30 16:44:12,376 - controller.robot_controller - INFO - 速度比设置为 0.49
2025-09-30 16:44:13,394 - root - INFO - 关节运动完成
2025-09-30 16:44:13,394 - controller.robot_controller - INFO - 运动到指定姿态完成
2025-09-30 16:44:15,050 - root - INFO - 速度比设置成功
2025-09-30 16:44:15,050 - controller.robot_controller - INFO - 速度比设置为 0.49
2025-09-30 16:44:16,569 - root - INFO - 关节运动完成
2025-09-30 16:44:16,569 - controller.robot_controller - INFO - 运动到指定姿态完成
2025-09-30 16:44:18,225 - root - INFO - 速度比设置成功
2025-09-30 16:44:18,226 - controller.robot_controller - INFO - 速度比设置为 0.49
2025-09-30 16:44:19,744 - root - INFO - 关节运动完成
2025-09-30 16:44:19,745 - controller.robot_controller - INFO - 运动到指定姿态完成
2025-09-30 16:44:21,380 - root - INFO - 速度比设置成功
2025-09-30 16:44:21,380 - controller.robot_controller - INFO - 速度比设置为 0.49
2025-09-30 16:44:23,400 - root - INFO - 关节运动完成
2025-09-30 16:44:23,400 - controller.robot_controller - INFO - 运动到指定姿态完成
2025-09-30 16:44:25,054 - root - INFO - 速度比设置成功
2025-09-30 16:44:25,054 - controller.robot_controller - INFO - 速度比设置为 0.49
2025-09-30 16:44:28,079 - root - INFO - 关节运动完成
2025-09-30 16:44:28,079 - controller.robot_controller - INFO - 运动到指定姿态完成
2025-09-30 16:44:29,720 - root - INFO - 速度比设置成功
2025-09-30 16:44:29,721 - controller.robot_controller - INFO - 速度比设置为 0.49
2025-09-30 16:44:32,244 - root - INFO - 关节运动完成
2025-09-30 16:44:32,244 - controller.robot_controller - INFO - 运动到指定姿态完成
2025-09-30 16:44:33,879 - root - INFO - 速度比设置成功
2025-09-30 16:44:33,879 - controller.robot_controller - INFO - 速度比设置为 0.49
2025-09-30 16:44:35,398 - root - INFO - 关节运动完成
2025-09-30 16:44:35,398 - controller.robot_controller - INFO - 运动到指定姿态完成
2025-09-30 16:44:37,046 - root - INFO - 速度比设置成功
2025-09-30 16:44:37,046 - controller.robot_controller - INFO - 速度比设置为 0.49
2025-09-30 16:44:38,064 - root - INFO - 关节运动完成
2025-09-30 16:44:38,064 - controller.robot_controller - INFO - 运动到指定姿态完成
2025-09-30 16:44:39,709 - root - INFO - 速度比设置成功
2025-09-30 16:44:39,709 - controller.robot_controller - INFO - 速度比设置为 0.49
2025-09-30 16:44:41,228 - root - INFO - 关节运动完成
2025-09-30 16:44:41,228 - controller.robot_controller - INFO - 运动到指定姿态完成
2025-09-30 16:44:42,876 - root - INFO - 速度比设置成功
2025-09-30 16:44:42,876 - controller.robot_controller - INFO - 速度比设置为 0.49
2025-09-30 16:44:44,398 - root - INFO - 关节运动完成
2025-09-30 16:44:44,399 - controller.robot_controller - INFO - 运动到指定姿态完成
2025-09-30 16:44:46,046 - root - INFO - 速度比设置成功
2025-09-30 16:44:46,046 - controller.robot_controller - INFO - 速度比设置为 0.49
2025-09-30 16:44:48,067 - root - INFO - 关节运动完成
2025-09-30 16:44:48,067 - controller.robot_controller - INFO - 运动到指定姿态完成
2025-09-30 16:44:49,701 - root - INFO - 速度比设置成功
2025-09-30 16:44:49,701 - controller.robot_controller - INFO - 速度比设置为 0.49
2025-09-30 16:44:52,222 - root - INFO - 关节运动完成
2025-09-30 16:44:52,223 - controller.robot_controller - INFO - 运动到指定姿态完成
2025-09-30 16:44:53,867 - root - INFO - 速度比设置成功
2025-09-30 16:44:53,867 - controller.robot_controller - INFO - 速度比设置为 0.49
2025-09-30 16:44:56,389 - root - INFO - 关节运动完成
2025-09-30 16:44:56,389 - controller.robot_controller - INFO - 运动到指定姿态完成
2025-09-30 16:44:58,046 - root - INFO - 速度比设置成功
2025-09-30 16:44:58,046 - controller.robot_controller - INFO - 速度比设置为 0.49
2025-09-30 16:44:59,564 - root - INFO - 关节运动完成
2025-09-30 16:44:59,564 - controller.robot_controller - INFO - 运动到指定姿态完成
2025-09-30 16:45:01,209 - root - INFO - 速度比设置成功
2025-09-30 16:45:01,209 - controller.robot_controller - INFO - 速度比设置为 0.49
2025-09-30 16:45:02,230 - root - INFO - 关节运动完成
2025-09-30 16:45:02,230 - controller.robot_controller - INFO - 运动到指定姿态完成
2025-09-30 16:45:03,868 - root - INFO - 速度比设置成功
2025-09-30 16:45:03,868 - controller.robot_controller - INFO - 速度比设置为 0.49
2025-09-30 16:45:05,386 - root - INFO - 关节运动完成
2025-09-30 16:45:05,387 - controller.robot_controller - INFO - 运动到指定姿态完成
2025-09-30 16:45:07,042 - root - INFO - 速度比设置成功
2025-09-30 16:45:07,042 - controller.robot_controller - INFO - 速度比设置为 0.49
2025-09-30 16:45:08,562 - root - INFO - 关节运动完成
2025-09-30 16:45:08,563 - controller.robot_controller - INFO - 运动到指定姿态完成
2025-09-30 16:45:10,197 - root - INFO - 速度比设置成功
2025-09-30 16:45:10,197 - controller.robot_controller - INFO - 速度比设置为 0.49
2025-09-30 16:45:11,715 - root - INFO - 关节运动完成
2025-09-30 16:45:11,716 - controller.robot_controller - INFO - 运动到指定姿态完成
2025-09-30 16:45:13,360 - root - INFO - 速度比设置成功
2025-09-30 16:45:13,360 - controller.robot_controller - INFO - 速度比设置为 0.49
2025-09-30 16:45:15,380 - root - INFO - 关节运动完成
2025-09-30 16:45:15,380 - controller.robot_controller - INFO - 运动到指定姿态完成
2025-09-30 16:45:17,022 - root - INFO - 速度比设置成功
2025-09-30 16:45:17,022 - controller.robot_controller - INFO - 速度比设置为 0.49
2025-09-30 16:45:17,025 - controller.robot_controller - ERROR - 运动到指定姿态失败: 逆运动学解算失败: 运动学逆解失败，错误码: 20031
2025-09-30 16:45:18,667 - root - INFO - 速度比设置成功
2025-09-30 16:45:18,667 - controller.robot_controller - INFO - 速度比设置为 0.49
2025-09-30 16:45:20,189 - root - INFO - 关节运动完成
2025-09-30 16:45:20,189 - controller.robot_controller - INFO - 运动到指定姿态完成
2025-09-30 16:45:21,837 - root - INFO - 速度比设置成功
2025-09-30 16:45:21,837 - controller.robot_controller - INFO - 速度比设置为 0.49
2025-09-30 16:45:22,854 - root - INFO - 关节运动完成
2025-09-30 16:45:22,854 - controller.robot_controller - INFO - 运动到指定姿态完成
2025-09-30 16:45:24,491 - root - INFO - 速度比设置成功
2025-09-30 16:45:24,492 - controller.robot_controller - INFO - 速度比设置为 0.49
2025-09-30 16:45:26,011 - root - INFO - 关节运动完成
2025-09-30 16:45:26,011 - controller.robot_controller - INFO - 运动到指定姿态完成
2025-09-30 16:45:27,662 - root - INFO - 速度比设置成功
2025-09-30 16:45:27,663 - controller.robot_controller - INFO - 速度比设置为 0.49
2025-09-30 16:45:29,185 - root - INFO - 关节运动完成
2025-09-30 16:45:29,186 - controller.robot_controller - INFO - 运动到指定姿态完成
2025-09-30 16:45:30,841 - root - INFO - 速度比设置成功
2025-09-30 16:45:30,841 - controller.robot_controller - INFO - 速度比设置为 0.49
2025-09-30 16:45:33,363 - root - INFO - 关节运动完成
2025-09-30 16:45:33,363 - controller.robot_controller - INFO - 运动到指定姿态完成
2025-09-30 16:45:34,999 - root - INFO - 速度比设置成功
2025-09-30 16:45:35,000 - controller.robot_controller - INFO - 速度比设置为 0.49
2025-09-30 16:45:37,521 - root - INFO - 关节运动完成
2025-09-30 16:45:37,521 - controller.robot_controller - INFO - 运动到指定姿态完成
2025-09-30 16:45:39,166 - root - INFO - 速度比设置成功
2025-09-30 16:45:39,166 - controller.robot_controller - INFO - 速度比设置为 0.49
2025-09-30 16:45:42,193 - root - INFO - 关节运动完成
2025-09-30 16:45:42,193 - controller.robot_controller - INFO - 运动到指定姿态完成
2025-09-30 16:45:43,840 - root - INFO - 速度比设置成功
2025-09-30 16:45:43,840 - controller.robot_controller - INFO - 速度比设置为 0.49
2025-09-30 16:45:45,359 - root - INFO - 关节运动完成
2025-09-30 16:45:45,359 - controller.robot_controller - INFO - 运动到指定姿态完成
2025-09-30 16:45:47,005 - root - INFO - 速度比设置成功
2025-09-30 16:45:47,005 - controller.robot_controller - INFO - 速度比设置为 0.49
2025-09-30 16:45:48,025 - root - INFO - 关节运动完成
2025-09-30 16:45:48,025 - controller.robot_controller - INFO - 运动到指定姿态完成
2025-09-30 16:45:49,666 - root - INFO - 速度比设置成功
2025-09-30 16:45:49,666 - controller.robot_controller - INFO - 速度比设置为 0.49
2025-09-30 16:45:51,188 - root - INFO - 关节运动完成
2025-09-30 16:45:51,188 - controller.robot_controller - INFO - 运动到指定姿态完成
2025-09-30 16:45:52,841 - root - INFO - 速度比设置成功
2025-09-30 16:45:52,841 - controller.robot_controller - INFO - 速度比设置为 0.49
2025-09-30 16:45:54,362 - root - INFO - 关节运动完成
2025-09-30 16:45:54,362 - controller.robot_controller - INFO - 运动到指定姿态完成
2025-09-30 16:45:56,001 - root - INFO - 速度比设置成功
2025-09-30 16:45:56,001 - controller.robot_controller - INFO - 速度比设置为 0.49
2025-09-30 16:46:00,530 - root - INFO - 关节运动完成
2025-09-30 16:46:00,531 - controller.robot_controller - INFO - 运动到指定姿态完成
2025-09-30 16:46:02,165 - root - INFO - 速度比设置成功
2025-09-30 16:46:02,165 - controller.robot_controller - INFO - 速度比设置为 0.49
2025-09-30 16:46:05,190 - root - INFO - 关节运动完成
2025-09-30 16:46:05,190 - controller.robot_controller - INFO - 运动到指定姿态完成
2025-09-30 16:46:06,843 - root - INFO - 速度比设置成功
2025-09-30 16:46:06,843 - controller.robot_controller - INFO - 速度比设置为 0.49
2025-09-30 16:46:09,365 - root - INFO - 关节运动完成
2025-09-30 16:46:09,366 - controller.robot_controller - INFO - 运动到指定姿态完成
2025-09-30 16:46:11,022 - root - INFO - 速度比设置成功
2025-09-30 16:46:11,022 - controller.robot_controller - INFO - 速度比设置为 0.49
2025-09-30 16:46:12,540 - root - INFO - 关节运动完成
2025-09-30 16:46:12,541 - controller.robot_controller - INFO - 运动到指定姿态完成
2025-09-30 16:46:14,184 - root - INFO - 速度比设置成功
2025-09-30 16:46:14,184 - controller.robot_controller - INFO - 速度比设置为 0.49
2025-09-30 16:46:15,202 - root - INFO - 关节运动完成
2025-09-30 16:46:15,202 - controller.robot_controller - INFO - 运动到指定姿态完成
2025-09-30 16:46:16,855 - root - INFO - 速度比设置成功
2025-09-30 16:46:16,855 - controller.robot_controller - INFO - 速度比设置为 0.49
2025-09-30 16:46:18,378 - root - INFO - 关节运动完成
2025-09-30 16:46:18,378 - controller.robot_controller - INFO - 运动到指定姿态完成
2025-09-30 16:46:20,022 - root - INFO - 速度比设置成功
2025-09-30 16:46:20,022 - controller.robot_controller - INFO - 速度比设置为 0.49
2025-09-30 16:46:21,541 - root - INFO - 关节运动完成
2025-09-30 16:46:21,541 - controller.robot_controller - INFO - 运动到指定姿态完成
2025-09-30 16:46:23,185 - root - INFO - 速度比设置成功
2025-09-30 16:46:23,185 - controller.robot_controller - INFO - 速度比设置为 0.49
2025-09-30 16:46:25,206 - root - INFO - 关节运动完成
2025-09-30 16:46:25,206 - controller.robot_controller - INFO - 运动到指定姿态完成
2025-09-30 16:46:26,860 - root - INFO - 速度比设置成功
2025-09-30 16:46:26,860 - controller.robot_controller - INFO - 速度比设置为 0.49
2025-09-30 16:46:28,881 - root - INFO - 关节运动完成
2025-09-30 16:46:28,881 - controller.robot_controller - INFO - 运动到指定姿态完成
2025-09-30 16:46:30,530 - root - INFO - 速度比设置成功
2025-09-30 16:46:30,530 - controller.robot_controller - INFO - 速度比设置为 0.49
2025-09-30 16:46:33,052 - root - INFO - 关节运动完成
2025-09-30 16:46:33,052 - controller.robot_controller - INFO - 运动到指定姿态完成
2025-09-30 16:46:35,139 - controller.realsense_controller - INFO - RealSense相机连接已断开
2025-09-30 16:46:35,144 - server.tcp_server - INFO - 客户端 client_26 资源已清理
2025-09-30 16:46:35,174 - root - INFO - 去使能指令发送成功，等待机器人进入去使能状态
2025-09-30 16:46:35,677 - root - INFO - 机器人已成功去使能
2025-09-30 16:46:35,677 - controller.robot_controller - INFO - 机器人已去使能
2025-09-30 16:46:35,679 - controller.robot_controller - INFO - 机器人连接已断开
2025-09-30 16:46:35,679 - server.tcp_server - INFO - 客户端 client_25 资源已清理
2025-09-30 16:50:33,740 - server.tcp_server - INFO - 新客户端连接: ('192.168.31.254', 45242)
2025-09-30 16:50:33,740 - server.tcp_server - INFO - 开始处理连接机器人命令，客户端ID: client_27
2025-09-30 16:50:33,740 - controller.robot_controller - INFO - 正在连接机器人 192.168.0.10:10003
2025-09-30 16:50:33,740 - controller.robot_controller - INFO - 机器人连接成功
2025-09-30 16:50:33,740 - server.tcp_server - INFO - 机器人连接结果: True
2025-09-30 16:50:33,740 - server.tcp_server - INFO - 返回成功响应: {"type": "response", "status": "success", "message": "机器人连接成功", "data": {"connected": true}, "message_id": "msg_1_1759222233"}
2025-09-30 16:50:35,292 - root - INFO - 机器人已成功使能
2025-09-30 16:50:35,293 - controller.robot_controller - INFO - 机器人已使能
2025-09-30 16:50:35,297 - root - INFO - 速度比设置成功
2025-09-30 16:50:35,297 - controller.robot_controller - INFO - 速度比设置为 0.49
2025-09-30 16:50:36,821 - root - INFO - 关节运动完成
2025-09-30 16:50:36,821 - controller.robot_controller - INFO - 运动到指定姿态完成
2025-09-30 16:50:38,824 - server.tcp_server - INFO - 新客户端连接: ('192.168.31.254', 59716)
2025-09-30 16:50:38,826 - server.tcp_server - INFO - 开始处理连接RealSense相机命令，客户端ID: client_28
2025-09-30 16:50:38,984 - controller.realsense_controller - INFO - 相机内参读取成功
2025-09-30 16:50:38,984 - controller.realsense_controller - INFO - RealSense相机连接成功
2025-09-30 16:50:38,984 - server.tcp_server - INFO - 返回成功响应: {"type": "response", "status": "success", "message": "RealSense相机连接成功", "data": {"connected": true}, "message_id": "msg_1_1759222238"}
2025-09-30 16:50:39,058 - server.tcp_server - INFO - 客户端 client_28 资源已清理
2025-09-30 16:50:39,084 - root - INFO - 去使能指令发送成功，等待机器人进入去使能状态
2025-09-30 16:50:39,587 - root - INFO - 机器人已成功去使能
2025-09-30 16:50:39,587 - controller.robot_controller - INFO - 机器人已去使能
2025-09-30 16:50:39,587 - server.tcp_server - INFO - 客户端 client_27 的机器人已去使能
2025-09-30 16:50:39,587 - controller.robot_controller - INFO - 机器人连接已断开
2025-09-30 16:50:39,587 - server.tcp_server - INFO - 客户端 client_27 的机器人连接已断开
2025-09-30 16:50:39,587 - server.tcp_server - INFO - 客户端 client_27 资源已清理
2025-09-30 16:52:04,823 - server.tcp_server - INFO - 新客户端连接: ('192.168.31.254', 57216)
2025-09-30 16:52:04,823 - server.tcp_server - INFO - 开始处理连接机器人命令，客户端ID: client_29
2025-09-30 16:52:04,823 - controller.robot_controller - INFO - 正在连接机器人 192.168.0.10:10003
2025-09-30 16:52:04,823 - controller.robot_controller - INFO - 机器人连接成功
2025-09-30 16:52:04,823 - server.tcp_server - INFO - 机器人连接结果: True
2025-09-30 16:52:04,824 - server.tcp_server - INFO - 返回成功响应: {"type": "response", "status": "success", "message": "机器人连接成功", "data": {"connected": true}, "message_id": "msg_1_1759222324"}
2025-09-30 16:52:06,376 - root - INFO - 机器人已成功使能
2025-09-30 16:52:06,377 - controller.robot_controller - INFO - 机器人已使能
2025-09-30 16:52:06,416 - root - INFO - 去使能指令发送成功，等待机器人进入去使能状态
2025-09-30 16:52:06,918 - root - INFO - 机器人已成功去使能
2025-09-30 16:52:06,918 - controller.robot_controller - INFO - 机器人已去使能
2025-09-30 16:52:06,918 - server.tcp_server - INFO - 客户端 client_29 的机器人已去使能
2025-09-30 16:52:06,918 - controller.robot_controller - INFO - 机器人连接已断开
2025-09-30 16:52:06,918 - server.tcp_server - INFO - 客户端 client_29 的机器人连接已断开
2025-09-30 16:52:06,918 - server.tcp_server - INFO - 客户端 client_29 资源已清理
2025-09-30 16:54:04,789 - server.tcp_server - INFO - 新客户端连接: ('192.168.31.254', 50360)
2025-09-30 16:54:04,790 - server.tcp_server - INFO - 开始处理连接机器人命令，客户端ID: client_30
2025-09-30 16:54:04,790 - controller.robot_controller - INFO - 正在连接机器人 192.168.0.10:10003
2025-09-30 16:54:04,790 - controller.robot_controller - INFO - 机器人连接成功
2025-09-30 16:54:04,790 - server.tcp_server - INFO - 机器人连接结果: True
2025-09-30 16:54:04,790 - server.tcp_server - INFO - 返回成功响应: {"type": "response", "status": "success", "message": "机器人连接成功", "data": {"connected": true}, "message_id": "msg_1_1759222444"}
2025-09-30 16:54:06,343 - root - INFO - 机器人已成功使能
2025-09-30 16:54:06,343 - controller.robot_controller - INFO - 机器人已使能
2025-09-30 16:54:30,736 - root - INFO - 去使能指令发送成功，等待机器人进入去使能状态
2025-09-30 16:54:31,238 - root - INFO - 机器人已成功去使能
2025-09-30 16:54:31,238 - controller.robot_controller - INFO - 机器人已去使能
2025-09-30 16:54:31,238 - server.tcp_server - INFO - 客户端 client_30 的机器人已去使能
2025-09-30 16:54:31,238 - controller.robot_controller - INFO - 机器人连接已断开
2025-09-30 16:54:31,239 - server.tcp_server - INFO - 客户端 client_30 的机器人连接已断开
2025-09-30 16:54:31,239 - server.tcp_server - INFO - 客户端 client_30 资源已清理
2025-09-30 16:54:55,202 - server.tcp_server - INFO - 新客户端连接: ('192.168.31.254', 58756)
2025-09-30 16:54:55,203 - server.tcp_server - INFO - 开始处理连接机器人命令，客户端ID: client_31
2025-09-30 16:54:55,203 - controller.robot_controller - INFO - 正在连接机器人 192.168.0.10:10003
2025-09-30 16:54:55,203 - controller.robot_controller - INFO - 机器人连接成功
2025-09-30 16:54:55,203 - server.tcp_server - INFO - 机器人连接结果: True
2025-09-30 16:54:55,203 - server.tcp_server - INFO - 返回成功响应: {"type": "response", "status": "success", "message": "机器人连接成功", "data": {"connected": true}, "message_id": "msg_1_1759222495"}
2025-09-30 16:54:56,755 - root - INFO - 机器人已成功使能
2025-09-30 16:54:56,755 - controller.robot_controller - INFO - 机器人已使能
2025-09-30 16:55:17,122 - root - INFO - 去使能指令发送成功，等待机器人进入去使能状态
2025-09-30 16:55:17,624 - root - INFO - 机器人已成功去使能
2025-09-30 16:55:17,624 - controller.robot_controller - INFO - 机器人已去使能
2025-09-30 16:55:17,624 - server.tcp_server - INFO - 客户端 client_31 的机器人已去使能
2025-09-30 16:55:17,624 - controller.robot_controller - INFO - 机器人连接已断开
2025-09-30 16:55:17,624 - server.tcp_server - INFO - 客户端 client_31 的机器人连接已断开
2025-09-30 16:55:17,625 - server.tcp_server - INFO - 客户端 client_31 资源已清理
2025-09-30 16:55:35,117 - server.tcp_server - INFO - 新客户端连接: ('192.168.31.254', 50612)
2025-09-30 16:55:35,118 - server.tcp_server - INFO - 开始处理连接机器人命令，客户端ID: client_32
2025-09-30 16:55:35,118 - controller.robot_controller - INFO - 正在连接机器人 192.168.0.10:10003
2025-09-30 16:55:35,118 - controller.robot_controller - INFO - 机器人连接成功
2025-09-30 16:55:35,118 - server.tcp_server - INFO - 机器人连接结果: True
2025-09-30 16:55:35,118 - server.tcp_server - INFO - 返回成功响应: {"type": "response", "status": "success", "message": "机器人连接成功", "data": {"connected": true}, "message_id": "msg_1_1759222535"}
2025-09-30 16:55:36,672 - root - INFO - 机器人已成功使能
2025-09-30 16:55:36,672 - controller.robot_controller - INFO - 机器人已使能
2025-09-30 16:55:36,677 - root - INFO - 速度比设置成功
2025-09-30 16:55:36,677 - controller.robot_controller - INFO - 速度比设置为 0.49
2025-09-30 16:55:37,198 - root - INFO - 关节运动完成
2025-09-30 16:55:37,198 - controller.robot_controller - INFO - 运动到指定姿态完成
2025-09-30 16:55:39,202 - server.tcp_server - INFO - 新客户端连接: ('192.168.31.254', 36922)
2025-09-30 16:55:39,204 - server.tcp_server - INFO - 开始处理连接RealSense相机命令，客户端ID: client_33
2025-09-30 16:55:39,678 - controller.realsense_controller - INFO - 相机内参读取成功
2025-09-30 16:55:39,678 - controller.realsense_controller - INFO - RealSense相机连接成功
2025-09-30 16:55:39,678 - server.tcp_server - INFO - 返回成功响应: {"type": "response", "status": "success", "message": "RealSense相机连接成功", "data": {"connected": true}, "message_id": "msg_1_1759222539"}
2025-09-30 16:55:39,749 - server.tcp_server - INFO - 客户端 client_33 资源已清理
2025-09-30 16:55:39,773 - root - INFO - 去使能指令发送成功，等待机器人进入去使能状态
2025-09-30 16:55:40,275 - root - INFO - 机器人已成功去使能
2025-09-30 16:55:40,276 - controller.robot_controller - INFO - 机器人已去使能
2025-09-30 16:55:40,276 - server.tcp_server - INFO - 客户端 client_32 的机器人已去使能
2025-09-30 16:55:40,276 - controller.robot_controller - INFO - 机器人连接已断开
2025-09-30 16:55:40,276 - server.tcp_server - INFO - 客户端 client_32 的机器人连接已断开
2025-09-30 16:55:40,276 - server.tcp_server - INFO - 客户端 client_32 资源已清理
2025-09-30 16:55:46,477 - server.tcp_server - INFO - 新客户端连接: ('192.168.31.254', 52026)
2025-09-30 16:55:46,478 - server.tcp_server - INFO - 开始处理连接机器人命令，客户端ID: client_34
2025-09-30 16:55:46,478 - controller.robot_controller - INFO - 正在连接机器人 192.168.0.10:10003
2025-09-30 16:55:46,478 - controller.robot_controller - INFO - 机器人连接成功
2025-09-30 16:55:46,478 - server.tcp_server - INFO - 机器人连接结果: True
2025-09-30 16:55:46,478 - server.tcp_server - INFO - 返回成功响应: {"type": "response", "status": "success", "message": "机器人连接成功", "data": {"connected": true}, "message_id": "msg_1_1759222546"}
2025-09-30 16:55:48,031 - root - INFO - 机器人已成功使能
2025-09-30 16:55:48,032 - controller.robot_controller - INFO - 机器人已使能
2025-09-30 16:55:48,037 - root - INFO - 速度比设置成功
2025-09-30 16:55:48,037 - controller.robot_controller - INFO - 速度比设置为 0.49
2025-09-30 16:55:48,557 - root - INFO - 关节运动完成
2025-09-30 16:55:48,557 - controller.robot_controller - INFO - 运动到指定姿态完成
2025-09-30 16:55:50,562 - server.tcp_server - INFO - 新客户端连接: ('192.168.31.254', 52036)
2025-09-30 16:55:50,563 - server.tcp_server - INFO - 开始处理连接RealSense相机命令，客户端ID: client_35
2025-09-30 16:55:51,237 - controller.realsense_controller - INFO - 相机内参读取成功
2025-09-30 16:55:51,237 - controller.realsense_controller - INFO - RealSense相机连接成功
2025-09-30 16:55:51,237 - server.tcp_server - INFO - 返回成功响应: {"type": "response", "status": "success", "message": "RealSense相机连接成功", "data": {"connected": true}, "message_id": "msg_1_1759222550"}
2025-09-30 16:55:52,227 - root - INFO - 速度比设置成功
2025-09-30 16:55:52,227 - controller.robot_controller - INFO - 速度比设置为 0.49
2025-09-30 16:55:53,245 - root - INFO - 关节运动完成
2025-09-30 16:55:53,246 - controller.robot_controller - INFO - 运动到指定姿态完成
2025-09-30 16:55:54,886 - root - INFO - 速度比设置成功
2025-09-30 16:55:54,886 - controller.robot_controller - INFO - 速度比设置为 0.49
2025-09-30 16:55:55,907 - root - INFO - 关节运动完成
2025-09-30 16:55:55,907 - controller.robot_controller - INFO - 运动到指定姿态完成
2025-09-30 16:55:57,553 - root - INFO - 速度比设置成功
2025-09-30 16:55:57,553 - controller.robot_controller - INFO - 速度比设置为 0.49
2025-09-30 16:55:59,071 - root - INFO - 关节运动完成
2025-09-30 16:55:59,072 - controller.robot_controller - INFO - 运动到指定姿态完成
2025-09-30 16:56:00,704 - root - INFO - 速度比设置成功
2025-09-30 16:56:00,704 - controller.robot_controller - INFO - 速度比设置为 0.49
2025-09-30 16:56:02,724 - root - INFO - 关节运动完成
2025-09-30 16:56:02,724 - controller.robot_controller - INFO - 运动到指定姿态完成
2025-09-30 16:56:04,367 - root - INFO - 速度比设置成功
2025-09-30 16:56:04,367 - controller.robot_controller - INFO - 速度比设置为 0.49
2025-09-30 16:56:07,393 - root - INFO - 关节运动完成
2025-09-30 16:56:07,393 - controller.robot_controller - INFO - 运动到指定姿态完成
2025-09-30 16:56:09,041 - root - INFO - 速度比设置成功
2025-09-30 16:56:09,041 - controller.robot_controller - INFO - 速度比设置为 0.49
2025-09-30 16:56:11,562 - root - INFO - 关节运动完成
2025-09-30 16:56:11,562 - controller.robot_controller - INFO - 运动到指定姿态完成
2025-09-30 16:56:13,199 - root - INFO - 速度比设置成功
2025-09-30 16:56:13,199 - controller.robot_controller - INFO - 速度比设置为 0.49
2025-09-30 16:56:14,718 - root - INFO - 关节运动完成
2025-09-30 16:56:14,718 - controller.robot_controller - INFO - 运动到指定姿态完成
2025-09-30 16:56:16,362 - root - INFO - 速度比设置成功
2025-09-30 16:56:16,362 - controller.robot_controller - INFO - 速度比设置为 0.49
2025-09-30 16:56:17,380 - root - INFO - 关节运动完成
2025-09-30 16:56:17,380 - controller.robot_controller - INFO - 运动到指定姿态完成
2025-09-30 16:56:19,029 - root - INFO - 速度比设置成功
2025-09-30 16:56:19,029 - controller.robot_controller - INFO - 速度比设置为 0.49
2025-09-30 16:56:20,047 - root - INFO - 关节运动完成
2025-09-30 16:56:20,047 - controller.robot_controller - INFO - 运动到指定姿态完成
2025-09-30 16:56:21,680 - root - INFO - 速度比设置成功
2025-09-30 16:56:21,680 - controller.robot_controller - INFO - 速度比设置为 0.49
2025-09-30 16:56:23,203 - root - INFO - 关节运动完成
2025-09-30 16:56:23,204 - controller.robot_controller - INFO - 运动到指定姿态完成
2025-09-30 16:56:24,858 - root - INFO - 速度比设置成功
2025-09-30 16:56:24,858 - controller.robot_controller - INFO - 速度比设置为 0.49
2025-09-30 16:56:26,880 - root - INFO - 关节运动完成
2025-09-30 16:56:26,880 - controller.robot_controller - INFO - 运动到指定姿态完成
2025-09-30 16:56:28,529 - root - INFO - 速度比设置成功
2025-09-30 16:56:28,529 - controller.robot_controller - INFO - 速度比设置为 0.49
2025-09-30 16:56:31,050 - root - INFO - 关节运动完成
2025-09-30 16:56:31,050 - controller.robot_controller - INFO - 运动到指定姿态完成
2025-09-30 16:56:32,688 - root - INFO - 速度比设置成功
2025-09-30 16:56:32,688 - controller.robot_controller - INFO - 速度比设置为 0.49
2025-09-30 16:56:35,210 - root - INFO - 关节运动完成
2025-09-30 16:56:35,211 - controller.robot_controller - INFO - 运动到指定姿态完成
2025-09-30 16:56:36,854 - root - INFO - 速度比设置成功
2025-09-30 16:56:36,854 - controller.robot_controller - INFO - 速度比设置为 0.49
2025-09-30 16:56:38,373 - root - INFO - 关节运动完成
2025-09-30 16:56:38,373 - controller.robot_controller - INFO - 运动到指定姿态完成
2025-09-30 16:56:40,029 - root - INFO - 速度比设置成功
2025-09-30 16:56:40,029 - controller.robot_controller - INFO - 速度比设置为 0.49
2025-09-30 16:56:41,046 - root - INFO - 关节运动完成
2025-09-30 16:56:41,046 - controller.robot_controller - INFO - 运动到指定姿态完成
2025-09-30 16:56:42,681 - root - INFO - 速度比设置成功
2025-09-30 16:56:42,681 - controller.robot_controller - INFO - 速度比设置为 0.49
2025-09-30 16:56:44,204 - root - INFO - 关节运动完成
2025-09-30 16:56:44,204 - controller.robot_controller - INFO - 运动到指定姿态完成
2025-09-30 16:56:45,851 - root - INFO - 速度比设置成功
2025-09-30 16:56:45,851 - controller.robot_controller - INFO - 速度比设置为 0.49
2025-09-30 16:56:47,370 - root - INFO - 关节运动完成
2025-09-30 16:56:47,370 - controller.robot_controller - INFO - 运动到指定姿态完成
2025-09-30 16:56:49,005 - root - INFO - 速度比设置成功
2025-09-30 16:56:49,005 - controller.robot_controller - INFO - 速度比设置为 0.49
2025-09-30 16:56:50,524 - root - INFO - 关节运动完成
2025-09-30 16:56:50,524 - controller.robot_controller - INFO - 运动到指定姿态完成
2025-09-30 16:56:52,164 - root - INFO - 速度比设置成功
2025-09-30 16:56:52,164 - controller.robot_controller - INFO - 速度比设置为 0.49
2025-09-30 16:56:54,185 - root - INFO - 关节运动完成
2025-09-30 16:56:54,186 - controller.robot_controller - INFO - 运动到指定姿态完成
2025-09-30 16:56:55,835 - root - INFO - 速度比设置成功
2025-09-30 16:56:55,835 - controller.robot_controller - INFO - 速度比设置为 0.49
2025-09-30 16:56:58,360 - root - INFO - 关节运动完成
2025-09-30 16:56:58,360 - controller.robot_controller - INFO - 运动到指定姿态完成
2025-09-30 16:57:00,002 - root - INFO - 速度比设置成功
2025-09-30 16:57:00,002 - controller.robot_controller - INFO - 速度比设置为 0.49
2025-09-30 16:57:02,528 - root - INFO - 关节运动完成
2025-09-30 16:57:02,528 - controller.robot_controller - INFO - 运动到指定姿态完成
2025-09-30 16:57:04,163 - root - INFO - 速度比设置成功
2025-09-30 16:57:04,163 - controller.robot_controller - INFO - 速度比设置为 0.49
2025-09-30 16:57:05,185 - root - INFO - 关节运动完成
2025-09-30 16:57:05,186 - controller.robot_controller - INFO - 运动到指定姿态完成
2025-09-30 16:57:06,830 - root - INFO - 速度比设置成功
2025-09-30 16:57:06,830 - controller.robot_controller - INFO - 速度比设置为 0.49
2025-09-30 16:57:08,349 - root - INFO - 关节运动完成
2025-09-30 16:57:08,349 - controller.robot_controller - INFO - 运动到指定姿态完成
2025-09-30 16:57:09,985 - root - INFO - 速度比设置成功
2025-09-30 16:57:09,985 - controller.robot_controller - INFO - 速度比设置为 0.49
2025-09-30 16:57:11,505 - root - INFO - 关节运动完成
2025-09-30 16:57:11,505 - controller.robot_controller - INFO - 运动到指定姿态完成
2025-09-30 16:57:13,152 - root - INFO - 速度比设置成功
2025-09-30 16:57:13,152 - controller.robot_controller - INFO - 速度比设置为 0.49
2025-09-30 16:57:15,677 - root - INFO - 关节运动完成
2025-09-30 16:57:15,678 - controller.robot_controller - INFO - 运动到指定姿态完成
2025-09-30 16:57:17,323 - root - INFO - 速度比设置成功
2025-09-30 16:57:17,323 - controller.robot_controller - INFO - 速度比设置为 0.49
2025-09-30 16:57:20,846 - root - INFO - 关节运动完成
2025-09-30 16:57:20,846 - controller.robot_controller - INFO - 运动到指定姿态完成
2025-09-30 16:57:22,481 - root - INFO - 速度比设置成功
2025-09-30 16:57:22,481 - controller.robot_controller - INFO - 速度比设置为 0.49
2025-09-30 16:57:25,002 - root - INFO - 关节运动完成
2025-09-30 16:57:25,002 - controller.robot_controller - INFO - 运动到指定姿态完成
2025-09-30 16:57:26,655 - root - INFO - 速度比设置成功
2025-09-30 16:57:26,655 - controller.robot_controller - INFO - 速度比设置为 0.49
2025-09-30 16:57:27,673 - root - INFO - 关节运动完成
2025-09-30 16:57:27,673 - controller.robot_controller - INFO - 运动到指定姿态完成
2025-09-30 16:57:29,310 - root - INFO - 速度比设置成功
2025-09-30 16:57:29,310 - controller.robot_controller - INFO - 速度比设置为 0.49
2025-09-30 16:57:30,328 - root - INFO - 关节运动完成
2025-09-30 16:57:30,328 - controller.robot_controller - INFO - 运动到指定姿态完成
2025-09-30 16:57:31,965 - root - INFO - 速度比设置成功
2025-09-30 16:57:31,965 - controller.robot_controller - INFO - 速度比设置为 0.49
2025-09-30 16:57:32,983 - root - INFO - 关节运动完成
2025-09-30 16:57:32,983 - controller.robot_controller - INFO - 运动到指定姿态完成
2025-09-30 16:57:34,628 - root - INFO - 速度比设置成功
2025-09-30 16:57:34,628 - controller.robot_controller - INFO - 速度比设置为 0.49
2025-09-30 16:57:36,147 - root - INFO - 关节运动完成
2025-09-30 16:57:36,147 - controller.robot_controller - INFO - 运动到指定姿态完成
2025-09-30 16:57:37,792 - root - INFO - 速度比设置成功
2025-09-30 16:57:37,792 - controller.robot_controller - INFO - 速度比设置为 0.49
2025-09-30 16:57:39,815 - root - INFO - 关节运动完成
2025-09-30 16:57:39,815 - controller.robot_controller - INFO - 运动到指定姿态完成
2025-09-30 16:57:41,461 - root - INFO - 速度比设置成功
2025-09-30 16:57:41,461 - controller.robot_controller - INFO - 速度比设置为 0.49
2025-09-30 16:57:43,983 - root - INFO - 关节运动完成
2025-09-30 16:57:43,983 - controller.robot_controller - INFO - 运动到指定姿态完成
2025-09-30 16:57:45,632 - root - INFO - 速度比设置成功
2025-09-30 16:57:45,632 - controller.robot_controller - INFO - 速度比设置为 0.49
2025-09-30 16:57:47,656 - root - INFO - 关节运动完成
2025-09-30 16:57:47,656 - controller.robot_controller - INFO - 运动到指定姿态完成
2025-09-30 16:57:49,294 - root - INFO - 速度比设置成功
2025-09-30 16:57:49,295 - controller.robot_controller - INFO - 速度比设置为 0.49
2025-09-30 16:57:50,316 - root - INFO - 关节运动完成
2025-09-30 16:57:50,316 - controller.robot_controller - INFO - 运动到指定姿态完成
2025-09-30 16:57:51,961 - root - INFO - 速度比设置成功
2025-09-30 16:57:51,961 - controller.robot_controller - INFO - 速度比设置为 0.49
2025-09-30 16:57:52,979 - root - INFO - 关节运动完成
2025-09-30 16:57:52,979 - controller.robot_controller - INFO - 运动到指定姿态完成
2025-09-30 16:57:54,624 - root - INFO - 速度比设置成功
2025-09-30 16:57:54,624 - controller.robot_controller - INFO - 速度比设置为 0.49
2025-09-30 16:57:56,144 - root - INFO - 关节运动完成
2025-09-30 16:57:56,144 - controller.robot_controller - INFO - 运动到指定姿态完成
2025-09-30 16:57:57,779 - root - INFO - 速度比设置成功
2025-09-30 16:57:57,779 - controller.robot_controller - INFO - 速度比设置为 0.49
2025-09-30 16:57:59,298 - root - INFO - 关节运动完成
2025-09-30 16:57:59,298 - controller.robot_controller - INFO - 运动到指定姿态完成
2025-09-30 16:58:00,942 - root - INFO - 速度比设置成功
2025-09-30 16:58:00,942 - controller.robot_controller - INFO - 速度比设置为 0.49
2025-09-30 16:58:02,964 - root - INFO - 关节运动完成
2025-09-30 16:58:02,964 - controller.robot_controller - INFO - 运动到指定姿态完成
2025-09-30 16:58:04,596 - root - INFO - 速度比设置成功
2025-09-30 16:58:04,596 - controller.robot_controller - INFO - 速度比设置为 0.49
2025-09-30 16:58:07,117 - root - INFO - 关节运动完成
2025-09-30 16:58:07,118 - controller.robot_controller - INFO - 运动到指定姿态完成
2025-09-30 16:58:08,763 - root - INFO - 速度比设置成功
2025-09-30 16:58:08,763 - controller.robot_controller - INFO - 速度比设置为 0.49
2025-09-30 16:58:10,783 - root - INFO - 关节运动完成
2025-09-30 16:58:10,783 - controller.robot_controller - INFO - 运动到指定姿态完成
2025-09-30 16:58:12,433 - root - INFO - 速度比设置成功
2025-09-30 16:58:12,433 - controller.robot_controller - INFO - 速度比设置为 0.49
2025-09-30 16:58:14,453 - root - INFO - 关节运动完成
2025-09-30 16:58:14,454 - controller.robot_controller - INFO - 运动到指定姿态完成
2025-09-30 16:58:16,092 - root - INFO - 速度比设置成功
2025-09-30 16:58:16,092 - controller.robot_controller - INFO - 速度比设置为 0.49
2025-09-30 16:58:17,111 - root - INFO - 关节运动完成
2025-09-30 16:58:17,111 - controller.robot_controller - INFO - 运动到指定姿态完成
2025-09-30 16:58:18,759 - root - INFO - 速度比设置成功
2025-09-30 16:58:18,759 - controller.robot_controller - INFO - 速度比设置为 0.49
2025-09-30 16:58:20,279 - root - INFO - 关节运动完成
2025-09-30 16:58:20,279 - controller.robot_controller - INFO - 运动到指定姿态完成
2025-09-30 16:58:21,934 - root - INFO - 速度比设置成功
2025-09-30 16:58:21,934 - controller.robot_controller - INFO - 速度比设置为 0.49
2025-09-30 16:58:23,456 - root - INFO - 关节运动完成
2025-09-30 16:58:23,456 - controller.robot_controller - INFO - 运动到指定姿态完成
2025-09-30 16:58:25,089 - root - INFO - 速度比设置成功
2025-09-30 16:58:25,089 - controller.robot_controller - INFO - 速度比设置为 0.49
2025-09-30 16:58:27,115 - root - INFO - 关节运动完成
2025-09-30 16:58:27,115 - controller.robot_controller - INFO - 运动到指定姿态完成
2025-09-30 16:58:28,759 - root - INFO - 速度比设置成功
2025-09-30 16:58:28,759 - controller.robot_controller - INFO - 速度比设置为 0.49
2025-09-30 16:58:31,783 - root - INFO - 关节运动完成
2025-09-30 16:58:31,783 - controller.robot_controller - INFO - 运动到指定姿态完成
2025-09-30 16:58:33,429 - root - INFO - 速度比设置成功
2025-09-30 16:58:33,429 - controller.robot_controller - INFO - 速度比设置为 0.49
2025-09-30 16:58:35,951 - root - INFO - 关节运动完成
2025-09-30 16:58:35,951 - controller.robot_controller - INFO - 运动到指定姿态完成
2025-09-30 16:58:37,588 - root - INFO - 速度比设置成功
2025-09-30 16:58:37,588 - controller.robot_controller - INFO - 速度比设置为 0.49
2025-09-30 16:58:39,107 - root - INFO - 关节运动完成
2025-09-30 16:58:39,107 - controller.robot_controller - INFO - 运动到指定姿态完成
2025-09-30 16:58:40,751 - root - INFO - 速度比设置成功
2025-09-30 16:58:40,751 - controller.robot_controller - INFO - 速度比设置为 0.49
2025-09-30 16:58:41,768 - root - INFO - 关节运动完成
2025-09-30 16:58:41,768 - controller.robot_controller - INFO - 运动到指定姿态完成
2025-09-30 16:58:43,405 - root - INFO - 速度比设置成功
2025-09-30 16:58:43,406 - controller.robot_controller - INFO - 速度比设置为 0.49
2025-09-30 16:58:44,925 - root - INFO - 关节运动完成
2025-09-30 16:58:44,925 - controller.robot_controller - INFO - 运动到指定姿态完成
2025-09-30 16:58:46,564 - root - INFO - 速度比设置成功
2025-09-30 16:58:46,565 - controller.robot_controller - INFO - 速度比设置为 0.49
2025-09-30 16:58:48,083 - root - INFO - 关节运动完成
2025-09-30 16:58:48,084 - controller.robot_controller - INFO - 运动到指定姿态完成
2025-09-30 16:58:49,735 - root - INFO - 速度比设置成功
2025-09-30 16:58:49,735 - controller.robot_controller - INFO - 速度比设置为 0.49
2025-09-30 16:58:51,759 - root - INFO - 关节运动完成
2025-09-30 16:58:51,759 - controller.robot_controller - INFO - 运动到指定姿态完成
2025-09-30 16:58:53,394 - root - INFO - 速度比设置成功
2025-09-30 16:58:53,394 - controller.robot_controller - INFO - 速度比设置为 0.49
2025-09-30 16:58:55,919 - root - INFO - 关节运动完成
2025-09-30 16:58:55,919 - controller.robot_controller - INFO - 运动到指定姿态完成
2025-09-30 16:58:57,568 - root - INFO - 速度比设置成功
2025-09-30 16:58:57,568 - controller.robot_controller - INFO - 速度比设置为 0.49
2025-09-30 16:59:00,090 - root - INFO - 关节运动完成
2025-09-30 16:59:00,090 - controller.robot_controller - INFO - 运动到指定姿态完成
2025-09-30 16:59:01,735 - root - INFO - 速度比设置成功
2025-09-30 16:59:01,735 - controller.robot_controller - INFO - 速度比设置为 0.49
2025-09-30 16:59:03,254 - root - INFO - 关节运动完成
2025-09-30 16:59:03,254 - controller.robot_controller - INFO - 运动到指定姿态完成
2025-09-30 16:59:04,889 - root - INFO - 速度比设置成功
2025-09-30 16:59:04,889 - controller.robot_controller - INFO - 速度比设置为 0.49
2025-09-30 16:59:05,906 - root - INFO - 关节运动完成
2025-09-30 16:59:05,907 - controller.robot_controller - INFO - 运动到指定姿态完成
2025-09-30 16:59:07,548 - root - INFO - 速度比设置成功
2025-09-30 16:59:07,549 - controller.robot_controller - INFO - 速度比设置为 0.49
2025-09-30 16:59:09,072 - root - INFO - 关节运动完成
2025-09-30 16:59:09,072 - controller.robot_controller - INFO - 运动到指定姿态完成
2025-09-30 16:59:10,707 - root - INFO - 速度比设置成功
2025-09-30 16:59:10,707 - controller.robot_controller - INFO - 速度比设置为 0.49
2025-09-30 16:59:12,227 - root - INFO - 关节运动完成
2025-09-30 16:59:12,227 - controller.robot_controller - INFO - 运动到指定姿态完成
2025-09-30 16:59:13,866 - root - INFO - 速度比设置成功
2025-09-30 16:59:13,866 - controller.robot_controller - INFO - 速度比设置为 0.49
2025-09-30 16:59:15,385 - root - INFO - 关节运动完成
2025-09-30 16:59:15,385 - controller.robot_controller - INFO - 运动到指定姿态完成
2025-09-30 16:59:17,033 - root - INFO - 速度比设置成功
2025-09-30 16:59:17,033 - controller.robot_controller - INFO - 速度比设置为 0.49
2025-09-30 16:59:19,058 - root - INFO - 关节运动完成
2025-09-30 16:59:19,058 - controller.robot_controller - INFO - 运动到指定姿态完成
2025-09-30 16:59:20,691 - root - INFO - 速度比设置成功
2025-09-30 16:59:20,691 - controller.robot_controller - INFO - 速度比设置为 0.49
2025-09-30 16:59:23,212 - root - INFO - 关节运动完成
2025-09-30 16:59:23,213 - controller.robot_controller - INFO - 运动到指定姿态完成
2025-09-30 16:59:24,858 - root - INFO - 速度比设置成功
2025-09-30 16:59:24,858 - controller.robot_controller - INFO - 速度比设置为 0.49
2025-09-30 16:59:27,379 - root - INFO - 关节运动完成
2025-09-30 16:59:27,379 - controller.robot_controller - INFO - 运动到指定姿态完成
2025-09-30 16:59:29,024 - root - INFO - 速度比设置成功
2025-09-30 16:59:29,024 - controller.robot_controller - INFO - 速度比设置为 0.49
2025-09-30 16:59:30,042 - root - INFO - 关节运动完成
2025-09-30 16:59:30,042 - controller.robot_controller - INFO - 运动到指定姿态完成
2025-09-30 16:59:31,679 - root - INFO - 速度比设置成功
2025-09-30 16:59:31,679 - controller.robot_controller - INFO - 速度比设置为 0.49
2025-09-30 16:59:33,199 - root - INFO - 关节运动完成
2025-09-30 16:59:33,199 - controller.robot_controller - INFO - 运动到指定姿态完成
2025-09-30 16:59:34,846 - root - INFO - 速度比设置成功
2025-09-30 16:59:34,846 - controller.robot_controller - INFO - 速度比设置为 0.49
2025-09-30 16:59:36,365 - root - INFO - 关节运动完成
2025-09-30 16:59:36,365 - controller.robot_controller - INFO - 运动到指定姿态完成
2025-09-30 16:59:38,001 - root - INFO - 速度比设置成功
2025-09-30 16:59:38,001 - controller.robot_controller - INFO - 速度比设置为 0.49
2025-09-30 16:59:40,522 - root - INFO - 关节运动完成
2025-09-30 16:59:40,522 - controller.robot_controller - INFO - 运动到指定姿态完成
2025-09-30 16:59:42,167 - root - INFO - 速度比设置成功
2025-09-30 16:59:42,167 - controller.robot_controller - INFO - 速度比设置为 0.49
2025-09-30 16:59:45,692 - root - INFO - 关节运动完成
2025-09-30 16:59:45,692 - controller.robot_controller - INFO - 运动到指定姿态完成
2025-09-30 16:59:47,341 - root - INFO - 速度比设置成功
2025-09-30 16:59:47,341 - controller.robot_controller - INFO - 速度比设置为 0.49
2025-09-30 16:59:50,363 - root - INFO - 关节运动完成
2025-09-30 16:59:50,363 - controller.robot_controller - INFO - 运动到指定姿态完成
2025-09-30 16:59:51,995 - root - INFO - 速度比设置成功
2025-09-30 16:59:51,995 - controller.robot_controller - INFO - 速度比设置为 0.49
2025-09-30 16:59:53,013 - root - INFO - 关节运动完成
2025-09-30 16:59:53,014 - controller.robot_controller - INFO - 运动到指定姿态完成
2025-09-30 16:59:54,658 - root - INFO - 速度比设置成功
2025-09-30 16:59:54,658 - controller.robot_controller - INFO - 速度比设置为 0.49
2025-09-30 16:59:55,677 - root - INFO - 关节运动完成
2025-09-30 16:59:55,677 - controller.robot_controller - INFO - 运动到指定姿态完成
2025-09-30 16:59:57,325 - root - INFO - 速度比设置成功
2025-09-30 16:59:57,325 - controller.robot_controller - INFO - 速度比设置为 0.49
2025-09-30 16:59:58,847 - root - INFO - 关节运动完成
2025-09-30 16:59:58,847 - controller.robot_controller - INFO - 运动到指定姿态完成
2025-09-30 17:00:00,480 - root - INFO - 速度比设置成功
2025-09-30 17:00:00,480 - controller.robot_controller - INFO - 速度比设置为 0.49
2025-09-30 17:00:01,998 - root - INFO - 关节运动完成
2025-09-30 17:00:01,998 - controller.robot_controller - INFO - 运动到指定姿态完成
2025-09-30 17:00:03,643 - root - INFO - 速度比设置成功
2025-09-30 17:00:03,643 - controller.robot_controller - INFO - 速度比设置为 0.49
2025-09-30 17:00:05,663 - root - INFO - 关节运动完成
2025-09-30 17:00:05,663 - controller.robot_controller - INFO - 运动到指定姿态完成
2025-09-30 17:00:07,298 - root - INFO - 速度比设置成功
2025-09-30 17:00:07,298 - controller.robot_controller - INFO - 速度比设置为 0.49
2025-09-30 17:00:10,320 - root - INFO - 关节运动完成
2025-09-30 17:00:10,320 - controller.robot_controller - INFO - 运动到指定姿态完成
2025-09-30 17:00:11,964 - root - INFO - 速度比设置成功
2025-09-30 17:00:11,964 - controller.robot_controller - INFO - 速度比设置为 0.49
2025-09-30 17:00:14,485 - root - INFO - 关节运动完成
2025-09-30 17:00:14,485 - controller.robot_controller - INFO - 运动到指定姿态完成
2025-09-30 17:00:16,130 - root - INFO - 速度比设置成功
2025-09-30 17:00:16,130 - controller.robot_controller - INFO - 速度比设置为 0.49
2025-09-30 17:00:17,148 - root - INFO - 关节运动完成
2025-09-30 17:00:17,148 - controller.robot_controller - INFO - 运动到指定姿态完成
2025-09-30 17:00:18,781 - root - INFO - 速度比设置成功
2025-09-30 17:00:18,781 - controller.robot_controller - INFO - 速度比设置为 0.49
2025-09-30 17:00:19,798 - root - INFO - 关节运动完成
2025-09-30 17:00:19,798 - controller.robot_controller - INFO - 运动到指定姿态完成
2025-09-30 17:00:21,444 - root - INFO - 速度比设置成功
2025-09-30 17:00:21,444 - controller.robot_controller - INFO - 速度比设置为 0.49
2025-09-30 17:00:22,964 - root - INFO - 关节运动完成
2025-09-30 17:00:22,964 - controller.robot_controller - INFO - 运动到指定姿态完成
2025-09-30 17:00:24,599 - root - INFO - 速度比设置成功
2025-09-30 17:00:24,599 - controller.robot_controller - INFO - 速度比设置为 0.49
2025-09-30 17:00:26,118 - root - INFO - 关节运动完成
2025-09-30 17:00:26,119 - controller.robot_controller - INFO - 运动到指定姿态完成
2025-09-30 17:00:27,762 - root - INFO - 速度比设置成功
2025-09-30 17:00:27,762 - controller.robot_controller - INFO - 速度比设置为 0.49
2025-09-30 17:00:29,782 - root - INFO - 关节运动完成
2025-09-30 17:00:29,782 - controller.robot_controller - INFO - 运动到指定姿态完成
2025-09-30 17:00:31,429 - root - INFO - 速度比设置成功
2025-09-30 17:00:31,429 - controller.robot_controller - INFO - 速度比设置为 0.49
2025-09-30 17:00:33,456 - root - INFO - 关节运动完成
2025-09-30 17:00:33,456 - controller.robot_controller - INFO - 运动到指定姿态完成
2025-09-30 17:00:35,095 - root - INFO - 速度比设置成功
2025-09-30 17:00:35,095 - controller.robot_controller - INFO - 速度比设置为 0.49
2025-09-30 17:00:37,617 - root - INFO - 关节运动完成
2025-09-30 17:00:37,617 - controller.robot_controller - INFO - 运动到指定姿态完成
2025-09-30 17:00:39,261 - root - INFO - 速度比设置成功
2025-09-30 17:00:39,261 - controller.robot_controller - INFO - 速度比设置为 0.49
2025-09-30 17:00:40,781 - root - INFO - 关节运动完成
2025-09-30 17:00:40,781 - controller.robot_controller - INFO - 运动到指定姿态完成
2025-09-30 17:00:42,428 - root - INFO - 速度比设置成功
2025-09-30 17:00:42,428 - controller.robot_controller - INFO - 速度比设置为 0.49
2025-09-30 17:00:43,450 - root - INFO - 关节运动完成
2025-09-30 17:00:43,451 - controller.robot_controller - INFO - 运动到指定姿态完成
2025-09-30 17:00:45,087 - root - INFO - 速度比设置成功
2025-09-30 17:00:45,087 - controller.robot_controller - INFO - 速度比设置为 0.49
2025-09-30 17:00:46,605 - root - INFO - 关节运动完成
2025-09-30 17:00:46,606 - controller.robot_controller - INFO - 运动到指定姿态完成
2025-09-30 17:00:48,250 - root - INFO - 速度比设置成功
2025-09-30 17:00:48,250 - controller.robot_controller - INFO - 速度比设置为 0.49
2025-09-30 17:00:49,769 - root - INFO - 关节运动完成
2025-09-30 17:00:49,770 - controller.robot_controller - INFO - 运动到指定姿态完成
2025-09-30 17:00:51,405 - root - INFO - 速度比设置成功
2025-09-30 17:00:51,405 - controller.robot_controller - INFO - 速度比设置为 0.49
2025-09-30 17:00:53,425 - root - INFO - 关节运动完成
2025-09-30 17:00:53,425 - controller.robot_controller - INFO - 运动到指定姿态完成
2025-09-30 17:00:55,067 - root - INFO - 速度比设置成功
2025-09-30 17:00:55,067 - controller.robot_controller - INFO - 速度比设置为 0.49
2025-09-30 17:00:58,090 - root - INFO - 关节运动完成
2025-09-30 17:00:58,091 - controller.robot_controller - INFO - 运动到指定姿态完成
2025-09-30 17:00:59,733 - root - INFO - 速度比设置成功
2025-09-30 17:00:59,733 - controller.robot_controller - INFO - 速度比设置为 0.49
2025-09-30 17:01:02,257 - root - INFO - 关节运动完成
2025-09-30 17:01:02,257 - controller.robot_controller - INFO - 运动到指定姿态完成
2025-09-30 17:01:03,888 - root - INFO - 速度比设置成功
2025-09-30 17:01:03,888 - controller.robot_controller - INFO - 速度比设置为 0.49
2025-09-30 17:01:05,406 - root - INFO - 关节运动完成
2025-09-30 17:01:05,407 - controller.robot_controller - INFO - 运动到指定姿态完成
2025-09-30 17:01:07,050 - root - INFO - 速度比设置成功
2025-09-30 17:01:07,051 - controller.robot_controller - INFO - 速度比设置为 0.49
2025-09-30 17:01:08,068 - root - INFO - 关节运动完成
2025-09-30 17:01:08,068 - controller.robot_controller - INFO - 运动到指定姿态完成
2025-09-30 17:01:09,702 - root - INFO - 速度比设置成功
2025-09-30 17:01:09,702 - controller.robot_controller - INFO - 速度比设置为 0.49
2025-09-30 17:01:11,221 - root - INFO - 关节运动完成
2025-09-30 17:01:11,222 - controller.robot_controller - INFO - 运动到指定姿态完成
2025-09-30 17:01:12,864 - root - INFO - 速度比设置成功
2025-09-30 17:01:12,864 - controller.robot_controller - INFO - 速度比设置为 0.49
2025-09-30 17:01:14,383 - root - INFO - 关节运动完成
2025-09-30 17:01:14,383 - controller.robot_controller - INFO - 运动到指定姿态完成
2025-09-30 17:01:16,027 - root - INFO - 速度比设置成功
2025-09-30 17:01:16,027 - controller.robot_controller - INFO - 速度比设置为 0.49
2025-09-30 17:01:18,048 - root - INFO - 关节运动完成
2025-09-30 17:01:18,048 - controller.robot_controller - INFO - 运动到指定姿态完成
2025-09-30 17:01:19,682 - root - INFO - 速度比设置成功
2025-09-30 17:01:19,682 - controller.robot_controller - INFO - 速度比设置为 0.49
2025-09-30 17:01:22,203 - root - INFO - 关节运动完成
2025-09-30 17:01:22,203 - controller.robot_controller - INFO - 运动到指定姿态完成
2025-09-30 17:01:23,848 - root - INFO - 速度比设置成功
2025-09-30 17:01:23,848 - controller.robot_controller - INFO - 速度比设置为 0.49
2025-09-30 17:01:26,370 - root - INFO - 关节运动完成
2025-09-30 17:01:26,370 - controller.robot_controller - INFO - 运动到指定姿态完成
2025-09-30 17:01:28,007 - root - INFO - 速度比设置成功
2025-09-30 17:01:28,007 - controller.robot_controller - INFO - 速度比设置为 0.49
2025-09-30 17:01:29,527 - root - INFO - 关节运动完成
2025-09-30 17:01:29,527 - controller.robot_controller - INFO - 运动到指定姿态完成
2025-09-30 17:01:31,165 - root - INFO - 速度比设置成功
2025-09-30 17:01:31,166 - controller.robot_controller - INFO - 速度比设置为 0.49
2025-09-30 17:01:32,183 - root - INFO - 关节运动完成
2025-09-30 17:01:32,183 - controller.robot_controller - INFO - 运动到指定姿态完成
2025-09-30 17:01:33,828 - root - INFO - 速度比设置成功
2025-09-30 17:01:33,829 - controller.robot_controller - INFO - 速度比设置为 0.49
2025-09-30 17:01:35,351 - root - INFO - 关节运动完成
2025-09-30 17:01:35,352 - controller.robot_controller - INFO - 运动到指定姿态完成
2025-09-30 17:01:36,987 - root - INFO - 速度比设置成功
2025-09-30 17:01:36,987 - controller.robot_controller - INFO - 速度比设置为 0.49
2025-09-30 17:01:38,506 - root - INFO - 关节运动完成
2025-09-30 17:01:38,506 - controller.robot_controller - INFO - 运动到指定姿态完成
2025-09-30 17:01:40,150 - root - INFO - 速度比设置成功
2025-09-30 17:01:40,150 - controller.robot_controller - INFO - 速度比设置为 0.49
2025-09-30 17:01:41,673 - root - INFO - 关节运动完成
2025-09-30 17:01:41,673 - controller.robot_controller - INFO - 运动到指定姿态完成
2025-09-30 17:01:43,309 - root - INFO - 速度比设置成功
2025-09-30 17:01:43,309 - controller.robot_controller - INFO - 速度比设置为 0.49
2025-09-30 17:01:45,334 - root - INFO - 关节运动完成
2025-09-30 17:01:45,335 - controller.robot_controller - INFO - 运动到指定姿态完成
2025-09-30 17:01:46,971 - root - INFO - 速度比设置成功
2025-09-30 17:01:46,971 - controller.robot_controller - INFO - 速度比设置为 0.49
2025-09-30 17:01:46,974 - controller.robot_controller - ERROR - 运动到指定姿态失败: 逆运动学解算失败: 运动学逆解失败，错误码: 20031
2025-09-30 17:01:48,607 - root - INFO - 速度比设置成功
2025-09-30 17:01:48,607 - controller.robot_controller - INFO - 速度比设置为 0.49
2025-09-30 17:01:50,126 - root - INFO - 关节运动完成
2025-09-30 17:01:50,126 - controller.robot_controller - INFO - 运动到指定姿态完成
2025-09-30 17:01:51,765 - root - INFO - 速度比设置成功
2025-09-30 17:01:51,766 - controller.robot_controller - INFO - 速度比设置为 0.49
2025-09-30 17:01:52,783 - root - INFO - 关节运动完成
2025-09-30 17:01:52,784 - controller.robot_controller - INFO - 运动到指定姿态完成
2025-09-30 17:01:54,429 - root - INFO - 速度比设置成功
2025-09-30 17:01:54,429 - controller.robot_controller - INFO - 速度比设置为 0.49
2025-09-30 17:01:55,948 - root - INFO - 关节运动完成
2025-09-30 17:01:55,948 - controller.robot_controller - INFO - 运动到指定姿态完成
2025-09-30 17:01:57,579 - root - INFO - 速度比设置成功
2025-09-30 17:01:57,579 - controller.robot_controller - INFO - 速度比设置为 0.49
2025-09-30 17:01:59,098 - root - INFO - 关节运动完成
2025-09-30 17:01:59,098 - controller.robot_controller - INFO - 运动到指定姿态完成
2025-09-30 17:02:00,742 - root - INFO - 速度比设置成功
2025-09-30 17:02:00,742 - controller.robot_controller - INFO - 速度比设置为 0.49
2025-09-30 17:02:03,263 - root - INFO - 关节运动完成
2025-09-30 17:02:03,263 - controller.robot_controller - INFO - 运动到指定姿态完成
2025-09-30 17:02:04,896 - root - INFO - 速度比设置成功
2025-09-30 17:02:04,897 - controller.robot_controller - INFO - 速度比设置为 0.49
2025-09-30 17:02:07,418 - root - INFO - 关节运动完成
2025-09-30 17:02:07,419 - controller.robot_controller - INFO - 运动到指定姿态完成
2025-09-30 17:02:09,063 - root - INFO - 速度比设置成功
2025-09-30 17:02:09,063 - controller.robot_controller - INFO - 速度比设置为 0.49
2025-09-30 17:02:12,086 - root - INFO - 关节运动完成
2025-09-30 17:02:12,086 - controller.robot_controller - INFO - 运动到指定姿态完成
2025-09-30 17:02:13,729 - root - INFO - 速度比设置成功
2025-09-30 17:02:13,729 - controller.robot_controller - INFO - 速度比设置为 0.49
2025-09-30 17:02:15,248 - root - INFO - 关节运动完成
2025-09-30 17:02:15,248 - controller.robot_controller - INFO - 运动到指定姿态完成
2025-09-30 17:02:16,884 - root - INFO - 速度比设置成功
2025-09-30 17:02:16,884 - controller.robot_controller - INFO - 速度比设置为 0.49
2025-09-30 17:02:17,906 - root - INFO - 关节运动完成
2025-09-30 17:02:17,906 - controller.robot_controller - INFO - 运动到指定姿态完成
2025-09-30 17:02:19,551 - root - INFO - 速度比设置成功
2025-09-30 17:02:19,551 - controller.robot_controller - INFO - 速度比设置为 0.49
2025-09-30 17:02:21,069 - root - INFO - 关节运动完成
2025-09-30 17:02:21,070 - controller.robot_controller - INFO - 运动到指定姿态完成
2025-09-30 17:02:22,706 - root - INFO - 速度比设置成功
2025-09-30 17:02:22,706 - controller.robot_controller - INFO - 速度比设置为 0.49
2025-09-30 17:02:24,225 - root - INFO - 关节运动完成
2025-09-30 17:02:24,225 - controller.robot_controller - INFO - 运动到指定姿态完成
2025-09-30 17:02:25,864 - root - INFO - 速度比设置成功
2025-09-30 17:02:25,864 - controller.robot_controller - INFO - 速度比设置为 0.49
2025-09-30 17:02:30,390 - root - INFO - 关节运动完成
2025-09-30 17:02:30,390 - controller.robot_controller - INFO - 运动到指定姿态完成
2025-09-30 17:02:32,034 - root - INFO - 速度比设置成功
2025-09-30 17:02:32,034 - controller.robot_controller - INFO - 速度比设置为 0.49
2025-09-30 17:02:35,057 - root - INFO - 关节运动完成
2025-09-30 17:02:35,057 - controller.robot_controller - INFO - 运动到指定姿态完成
2025-09-30 17:02:36,692 - root - INFO - 速度比设置成功
2025-09-30 17:02:36,692 - controller.robot_controller - INFO - 速度比设置为 0.49
2025-09-30 17:02:39,215 - root - INFO - 关节运动完成
2025-09-30 17:02:39,215 - controller.robot_controller - INFO - 运动到指定姿态完成
2025-09-30 17:02:40,859 - root - INFO - 速度比设置成功
2025-09-30 17:02:40,859 - controller.robot_controller - INFO - 速度比设置为 0.49
2025-09-30 17:02:42,378 - root - INFO - 关节运动完成
2025-09-30 17:02:42,378 - controller.robot_controller - INFO - 运动到指定姿态完成
2025-09-30 17:02:44,021 - root - INFO - 速度比设置成功
2025-09-30 17:02:44,022 - controller.robot_controller - INFO - 速度比设置为 0.49
2025-09-30 17:02:45,039 - root - INFO - 关节运动完成
2025-09-30 17:02:45,040 - controller.robot_controller - INFO - 运动到指定姿态完成
2025-09-30 17:02:46,677 - root - INFO - 速度比设置成功
2025-09-30 17:02:46,677 - controller.robot_controller - INFO - 速度比设置为 0.49
2025-09-30 17:02:48,196 - root - INFO - 关节运动完成
2025-09-30 17:02:48,196 - controller.robot_controller - INFO - 运动到指定姿态完成
2025-09-30 17:02:49,839 - root - INFO - 速度比设置成功
2025-09-30 17:02:49,839 - controller.robot_controller - INFO - 速度比设置为 0.49
2025-09-30 17:02:51,358 - root - INFO - 关节运动完成
2025-09-30 17:02:51,359 - controller.robot_controller - INFO - 运动到指定姿态完成
2025-09-30 17:02:52,994 - root - INFO - 速度比设置成功
2025-09-30 17:02:52,994 - controller.robot_controller - INFO - 速度比设置为 0.49
2025-09-30 17:02:55,014 - root - INFO - 关节运动完成
2025-09-30 17:02:55,014 - controller.robot_controller - INFO - 运动到指定姿态完成
2025-09-30 17:02:56,657 - root - INFO - 速度比设置成功
2025-09-30 17:02:56,657 - controller.robot_controller - INFO - 速度比设置为 0.49
2025-09-30 17:02:58,677 - root - INFO - 关节运动完成
2025-09-30 17:02:58,677 - controller.robot_controller - INFO - 运动到指定姿态完成
2025-09-30 17:03:00,323 - root - INFO - 速度比设置成功
2025-09-30 17:03:00,323 - controller.robot_controller - INFO - 速度比设置为 0.49
2025-09-30 17:03:02,845 - root - INFO - 关节运动完成
2025-09-30 17:03:02,846 - controller.robot_controller - INFO - 运动到指定姿态完成
2025-09-30 17:03:05,266 - controller.realsense_controller - INFO - RealSense相机连接已断开
2025-09-30 17:03:05,271 - server.tcp_server - INFO - 客户端 client_35 资源已清理
2025-09-30 17:03:05,303 - root - INFO - 去使能指令发送成功，等待机器人进入去使能状态
2025-09-30 17:03:05,806 - root - INFO - 机器人已成功去使能
2025-09-30 17:03:05,806 - controller.robot_controller - INFO - 机器人已去使能
2025-09-30 17:03:05,807 - controller.robot_controller - INFO - 机器人连接已断开
2025-09-30 17:03:05,808 - server.tcp_server - INFO - 客户端 client_34 资源已清理
2025-09-30 17:05:21,600 - server.tcp_server - INFO - 新客户端连接: ('192.168.31.254', 35456)
2025-09-30 17:05:21,600 - server.tcp_server - INFO - 开始处理连接机器人命令，客户端ID: client_36
2025-09-30 17:05:21,600 - controller.robot_controller - INFO - 正在连接机器人 192.168.0.10:10003
2025-09-30 17:05:21,601 - controller.robot_controller - INFO - 机器人连接成功
2025-09-30 17:05:21,601 - server.tcp_server - INFO - 机器人连接结果: True
2025-09-30 17:05:21,601 - server.tcp_server - INFO - 返回成功响应: {"type": "response", "status": "success", "message": "机器人连接成功", "data": {"connected": true}, "message_id": "msg_1_1759223121"}
2025-09-30 17:05:23,153 - root - INFO - 机器人已成功使能
2025-09-30 17:05:23,153 - controller.robot_controller - INFO - 机器人已使能
2025-09-30 17:05:23,161 - root - INFO - 速度比设置成功
2025-09-30 17:05:23,161 - controller.robot_controller - INFO - 速度比设置为 0.49
2025-09-30 17:05:24,684 - root - INFO - 关节运动完成
2025-09-30 17:05:24,685 - controller.robot_controller - INFO - 运动到指定姿态完成
2025-09-30 17:05:26,689 - server.tcp_server - INFO - 新客户端连接: ('192.168.31.254', 45010)
2025-09-30 17:05:26,691 - server.tcp_server - INFO - 开始处理连接RealSense相机命令，客户端ID: client_37
2025-09-30 17:05:26,852 - controller.realsense_controller - INFO - 相机内参读取成功
2025-09-30 17:05:26,852 - controller.realsense_controller - INFO - RealSense相机连接成功
2025-09-30 17:05:26,852 - server.tcp_server - INFO - 返回成功响应: {"type": "response", "status": "success", "message": "RealSense相机连接成功", "data": {"connected": true}, "message_id": "msg_1_1759223126"}
2025-09-30 17:05:28,935 - root - INFO - 速度比设置成功
2025-09-30 17:05:28,935 - controller.robot_controller - INFO - 速度比设置为 0.49
2025-09-30 17:05:29,956 - root - INFO - 关节运动完成
2025-09-30 17:05:29,956 - controller.robot_controller - INFO - 运动到指定姿态完成
2025-09-30 17:05:31,593 - root - INFO - 速度比设置成功
2025-09-30 17:05:31,594 - controller.robot_controller - INFO - 速度比设置为 0.49
2025-09-30 17:05:32,611 - root - INFO - 关节运动完成
2025-09-30 17:05:32,611 - controller.robot_controller - INFO - 运动到指定姿态完成
2025-09-30 17:05:34,264 - root - INFO - 速度比设置成功
2025-09-30 17:05:34,264 - controller.robot_controller - INFO - 速度比设置为 0.49
2025-09-30 17:05:35,785 - root - INFO - 关节运动完成
2025-09-30 17:05:35,786 - controller.robot_controller - INFO - 运动到指定姿态完成
2025-09-30 17:05:37,439 - root - INFO - 速度比设置成功
2025-09-30 17:05:37,439 - controller.robot_controller - INFO - 速度比设置为 0.49
2025-09-30 17:05:39,459 - root - INFO - 关节运动完成
2025-09-30 17:05:39,459 - controller.robot_controller - INFO - 运动到指定姿态完成
2025-09-30 17:05:41,106 - root - INFO - 速度比设置成功
2025-09-30 17:05:41,106 - controller.robot_controller - INFO - 速度比设置为 0.49
2025-09-30 17:05:44,128 - root - INFO - 关节运动完成
2025-09-30 17:05:44,128 - controller.robot_controller - INFO - 运动到指定姿态完成
2025-09-30 17:05:45,772 - root - INFO - 速度比设置成功
2025-09-30 17:05:45,772 - controller.robot_controller - INFO - 速度比设置为 0.49
2025-09-30 17:05:48,293 - root - INFO - 关节运动完成
2025-09-30 17:05:48,293 - controller.robot_controller - INFO - 运动到指定姿态完成
2025-09-30 17:05:49,946 - root - INFO - 速度比设置成功
2025-09-30 17:05:49,946 - controller.robot_controller - INFO - 速度比设置为 0.49
2025-09-30 17:05:50,963 - root - INFO - 关节运动完成
2025-09-30 17:05:50,963 - controller.robot_controller - INFO - 运动到指定姿态完成
2025-09-30 17:05:52,605 - root - INFO - 速度比设置成功
2025-09-30 17:05:52,605 - controller.robot_controller - INFO - 速度比设置为 0.49
2025-09-30 17:05:53,623 - root - INFO - 关节运动完成
2025-09-30 17:05:53,623 - controller.robot_controller - INFO - 运动到指定姿态完成
2025-09-30 17:05:55,268 - root - INFO - 速度比设置成功
2025-09-30 17:05:55,268 - controller.robot_controller - INFO - 速度比设置为 0.49
2025-09-30 17:05:56,787 - root - INFO - 关节运动完成
2025-09-30 17:05:56,787 - controller.robot_controller - INFO - 运动到指定姿态完成
2025-09-30 17:05:58,443 - root - INFO - 速度比设置成功
2025-09-30 17:05:58,443 - controller.robot_controller - INFO - 速度比设置为 0.49
2025-09-30 17:05:59,961 - root - INFO - 关节运动完成
2025-09-30 17:05:59,962 - controller.robot_controller - INFO - 运动到指定姿态完成
2025-09-30 17:06:01,594 - root - INFO - 速度比设置成功
2025-09-30 17:06:01,594 - controller.robot_controller - INFO - 速度比设置为 0.49
2025-09-30 17:06:03,615 - root - INFO - 关节运动完成
2025-09-30 17:06:03,615 - controller.robot_controller - INFO - 运动到指定姿态完成
2025-09-30 17:06:05,264 - root - INFO - 速度比设置成功
2025-09-30 17:06:05,264 - controller.robot_controller - INFO - 速度比设置为 0.49
2025-09-30 17:06:07,785 - root - INFO - 关节运动完成
2025-09-30 17:06:07,785 - controller.robot_controller - INFO - 运动到指定姿态完成
2025-09-30 17:06:09,439 - root - INFO - 速度比设置成功
2025-09-30 17:06:09,439 - controller.robot_controller - INFO - 速度比设置为 0.49
2025-09-30 17:06:11,960 - root - INFO - 关节运动完成
2025-09-30 17:06:11,960 - controller.robot_controller - INFO - 运动到指定姿态完成
2025-09-30 17:06:13,605 - root - INFO - 速度比设置成功
2025-09-30 17:06:13,605 - controller.robot_controller - INFO - 速度比设置为 0.49
2025-09-30 17:06:16,126 - root - INFO - 关节运动完成
2025-09-30 17:06:16,126 - controller.robot_controller - INFO - 运动到指定姿态完成
2025-09-30 17:06:17,772 - root - INFO - 速度比设置成功
2025-09-30 17:06:17,772 - controller.robot_controller - INFO - 速度比设置为 0.49
2025-09-30 17:06:18,789 - root - INFO - 关节运动完成
2025-09-30 17:06:18,790 - controller.robot_controller - INFO - 运动到指定姿态完成
2025-09-30 17:06:20,443 - root - INFO - 速度比设置成功
2025-09-30 17:06:20,443 - controller.robot_controller - INFO - 速度比设置为 0.49
2025-09-30 17:06:21,961 - root - INFO - 关节运动完成
2025-09-30 17:06:21,962 - controller.robot_controller - INFO - 运动到指定姿态完成
2025-09-30 17:06:23,610 - root - INFO - 速度比设置成功
2025-09-30 17:06:23,610 - controller.robot_controller - INFO - 速度比设置为 0.49
2025-09-30 17:06:25,132 - root - INFO - 关节运动完成
2025-09-30 17:06:25,132 - controller.robot_controller - INFO - 运动到指定姿态完成
2025-09-30 17:06:26,781 - root - INFO - 速度比设置成功
2025-09-30 17:06:26,781 - controller.robot_controller - INFO - 速度比设置为 0.49
2025-09-30 17:06:29,306 - root - INFO - 关节运动完成
2025-09-30 17:06:29,306 - controller.robot_controller - INFO - 运动到指定姿态完成
2025-09-30 17:06:30,963 - root - INFO - 速度比设置成功
2025-09-30 17:06:30,963 - controller.robot_controller - INFO - 速度比设置为 0.49
2025-09-30 17:06:34,486 - root - INFO - 关节运动完成
2025-09-30 17:06:34,486 - controller.robot_controller - INFO - 运动到指定姿态完成
2025-09-30 17:06:36,149 - root - INFO - 速度比设置成功
2025-09-30 17:06:36,149 - controller.robot_controller - INFO - 速度比设置为 0.49
2025-09-30 17:06:38,670 - root - INFO - 关节运动完成
2025-09-30 17:06:38,670 - controller.robot_controller - INFO - 运动到指定姿态完成
2025-09-30 17:06:40,303 - root - INFO - 速度比设置成功
2025-09-30 17:06:40,303 - controller.robot_controller - INFO - 速度比设置为 0.49
2025-09-30 17:06:41,321 - root - INFO - 关节运动完成
2025-09-30 17:06:41,321 - controller.robot_controller - INFO - 运动到指定姿态完成
2025-09-30 17:06:42,966 - root - INFO - 速度比设置成功
2025-09-30 17:06:42,966 - controller.robot_controller - INFO - 速度比设置为 0.49
2025-09-30 17:06:43,983 - root - INFO - 关节运动完成
2025-09-30 17:06:43,983 - controller.robot_controller - INFO - 运动到指定姿态完成
2025-09-30 17:06:45,625 - root - INFO - 速度比设置成功
2025-09-30 17:06:45,625 - controller.robot_controller - INFO - 速度比设置为 0.49
2025-09-30 17:06:46,642 - root - INFO - 关节运动完成
2025-09-30 17:06:46,642 - controller.robot_controller - INFO - 运动到指定姿态完成
2025-09-30 17:06:48,276 - root - INFO - 速度比设置成功
2025-09-30 17:06:48,276 - controller.robot_controller - INFO - 速度比设置为 0.49
2025-09-30 17:06:49,795 - root - INFO - 关节运动完成
2025-09-30 17:06:49,795 - controller.robot_controller - INFO - 运动到指定姿态完成
2025-09-30 17:06:51,439 - root - INFO - 速度比设置成功
2025-09-30 17:06:51,439 - controller.robot_controller - INFO - 速度比设置为 0.49
2025-09-30 17:06:53,459 - root - INFO - 关节运动完成
2025-09-30 17:06:53,459 - controller.robot_controller - INFO - 运动到指定姿态完成
2025-09-30 17:06:55,101 - root - INFO - 速度比设置成功
2025-09-30 17:06:55,101 - controller.robot_controller - INFO - 速度比设置为 0.49
2025-09-30 17:06:57,622 - root - INFO - 关节运动完成
2025-09-30 17:06:57,623 - controller.robot_controller - INFO - 运动到指定姿态完成
2025-09-30 17:06:59,264 - root - INFO - 速度比设置成功
2025-09-30 17:06:59,264 - controller.robot_controller - INFO - 速度比设置为 0.49
2025-09-30 17:07:01,283 - root - INFO - 关节运动完成
2025-09-30 17:07:01,283 - controller.robot_controller - INFO - 运动到指定姿态完成
2025-09-30 17:07:02,942 - root - INFO - 速度比设置成功
2025-09-30 17:07:02,943 - controller.robot_controller - INFO - 速度比设置为 0.49
2025-09-30 17:07:04,461 - root - INFO - 关节运动完成
2025-09-30 17:07:04,461 - controller.robot_controller - INFO - 运动到指定姿态完成
2025-09-30 17:07:06,093 - root - INFO - 速度比设置成功
2025-09-30 17:07:06,093 - controller.robot_controller - INFO - 速度比设置为 0.49
2025-09-30 17:07:07,110 - root - INFO - 关节运动完成
2025-09-30 17:07:07,110 - controller.robot_controller - INFO - 运动到指定姿态完成
2025-09-30 17:07:08,756 - root - INFO - 速度比设置成功
2025-09-30 17:07:08,756 - controller.robot_controller - INFO - 速度比设置为 0.49
2025-09-30 17:07:10,274 - root - INFO - 关节运动完成
2025-09-30 17:07:10,275 - controller.robot_controller - INFO - 运动到指定姿态完成
2025-09-30 17:07:11,931 - root - INFO - 速度比设置成功
2025-09-30 17:07:11,931 - controller.robot_controller - INFO - 速度比设置为 0.49
2025-09-30 17:07:13,458 - root - INFO - 关节运动完成
2025-09-30 17:07:13,459 - controller.robot_controller - INFO - 运动到指定姿态完成
2025-09-30 17:07:15,102 - root - INFO - 速度比设置成功
2025-09-30 17:07:15,102 - controller.robot_controller - INFO - 速度比设置为 0.49
2025-09-30 17:07:17,122 - root - INFO - 关节运动完成
2025-09-30 17:07:17,122 - controller.robot_controller - INFO - 运动到指定姿态完成
2025-09-30 17:07:18,768 - root - INFO - 速度比设置成功
2025-09-30 17:07:18,768 - controller.robot_controller - INFO - 速度比设置为 0.49
2025-09-30 17:07:21,790 - root - INFO - 关节运动完成
2025-09-30 17:07:21,791 - controller.robot_controller - INFO - 运动到指定姿态完成
2025-09-30 17:07:23,443 - root - INFO - 速度比设置成功
2025-09-30 17:07:23,443 - controller.robot_controller - INFO - 速度比设置为 0.49
2025-09-30 17:07:25,963 - root - INFO - 关节运动完成
2025-09-30 17:07:25,964 - controller.robot_controller - INFO - 运动到指定姿态完成
2025-09-30 17:07:27,609 - root - INFO - 速度比设置成功
2025-09-30 17:07:27,609 - controller.robot_controller - INFO - 速度比设置为 0.49
2025-09-30 17:07:29,128 - root - INFO - 关节运动完成
2025-09-30 17:07:29,128 - controller.robot_controller - INFO - 运动到指定姿态完成
2025-09-30 17:07:30,764 - root - INFO - 速度比设置成功
2025-09-30 17:07:30,764 - controller.robot_controller - INFO - 速度比设置为 0.49
2025-09-30 17:07:31,781 - root - INFO - 关节运动完成
2025-09-30 17:07:31,782 - controller.robot_controller - INFO - 运动到指定姿态完成
2025-09-30 17:07:33,427 - root - INFO - 速度比设置成功
2025-09-30 17:07:33,427 - controller.robot_controller - INFO - 速度比设置为 0.49
2025-09-30 17:07:34,945 - root - INFO - 关节运动完成
2025-09-30 17:07:34,945 - controller.robot_controller - INFO - 运动到指定姿态完成
2025-09-30 17:07:36,577 - root - INFO - 速度比设置成功
2025-09-30 17:07:36,577 - controller.robot_controller - INFO - 速度比设置为 0.49
2025-09-30 17:07:38,096 - root - INFO - 关节运动完成
2025-09-30 17:07:38,096 - controller.robot_controller - INFO - 运动到指定姿态完成
2025-09-30 17:07:39,752 - root - INFO - 速度比设置成功
2025-09-30 17:07:39,752 - controller.robot_controller - INFO - 速度比设置为 0.49
2025-09-30 17:07:41,772 - root - INFO - 关节运动完成
2025-09-30 17:07:41,772 - controller.robot_controller - INFO - 运动到指定姿态完成
2025-09-30 17:07:43,431 - root - INFO - 速度比设置成功
2025-09-30 17:07:43,431 - controller.robot_controller - INFO - 速度比设置为 0.49
2025-09-30 17:07:45,451 - root - INFO - 关节运动完成
2025-09-30 17:07:45,451 - controller.robot_controller - INFO - 运动到指定姿态完成
2025-09-30 17:07:47,097 - root - INFO - 速度比设置成功
2025-09-30 17:07:47,097 - controller.robot_controller - INFO - 速度比设置为 0.49
2025-09-30 17:07:50,120 - root - INFO - 关节运动完成
2025-09-30 17:07:50,121 - controller.robot_controller - INFO - 运动到指定姿态完成
2025-09-30 17:07:51,768 - root - INFO - 速度比设置成功
2025-09-30 17:07:51,768 - controller.robot_controller - INFO - 速度比设置为 0.49
2025-09-30 17:07:54,790 - root - INFO - 关节运动完成
2025-09-30 17:07:54,790 - controller.robot_controller - INFO - 运动到指定姿态完成
2025-09-30 17:07:56,442 - root - INFO - 速度比设置成功
2025-09-30 17:07:56,442 - controller.robot_controller - INFO - 速度比设置为 0.49
2025-09-30 17:07:57,459 - root - INFO - 关节运动完成
2025-09-30 17:07:57,459 - controller.robot_controller - INFO - 运动到指定姿态完成
2025-09-30 17:07:59,101 - root - INFO - 速度比设置成功
2025-09-30 17:07:59,101 - controller.robot_controller - INFO - 速度比设置为 0.49
2025-09-30 17:08:00,619 - root - INFO - 关节运动完成
2025-09-30 17:08:00,619 - controller.robot_controller - INFO - 运动到指定姿态完成
2025-09-30 17:08:02,268 - root - INFO - 速度比设置成功
2025-09-30 17:08:02,268 - controller.robot_controller - INFO - 速度比设置为 0.49
2025-09-30 17:08:03,787 - root - INFO - 关节运动完成
2025-09-30 17:08:03,787 - controller.robot_controller - INFO - 运动到指定姿态完成
2025-09-30 17:08:05,442 - root - INFO - 速度比设置成功
2025-09-30 17:08:05,442 - controller.robot_controller - INFO - 速度比设置为 0.49
2025-09-30 17:08:07,964 - root - INFO - 关节运动完成
2025-09-30 17:08:07,964 - controller.robot_controller - INFO - 运动到指定姿态完成
2025-09-30 17:08:09,613 - root - INFO - 速度比设置成功
2025-09-30 17:08:09,613 - controller.robot_controller - INFO - 速度比设置为 0.49
2025-09-30 17:08:12,134 - root - INFO - 关节运动完成
2025-09-30 17:08:12,134 - controller.robot_controller - INFO - 运动到指定姿态完成
2025-09-30 17:08:13,779 - root - INFO - 速度比设置成功
2025-09-30 17:08:13,779 - controller.robot_controller - INFO - 速度比设置为 0.49
2025-09-30 17:08:16,802 - root - INFO - 关节运动完成
2025-09-30 17:08:16,802 - controller.robot_controller - INFO - 运动到指定姿态完成
2025-09-30 17:08:18,458 - root - INFO - 速度比设置成功
2025-09-30 17:08:18,458 - controller.robot_controller - INFO - 速度比设置为 0.49
2025-09-30 17:08:19,476 - root - INFO - 关节运动完成
2025-09-30 17:08:19,476 - controller.robot_controller - INFO - 运动到指定姿态完成
2025-09-30 17:08:21,129 - root - INFO - 速度比设置成功
2025-09-30 17:08:21,129 - controller.robot_controller - INFO - 速度比设置为 0.49
2025-09-30 17:08:22,146 - root - INFO - 关节运动完成
2025-09-30 17:08:22,146 - controller.robot_controller - INFO - 运动到指定姿态完成
2025-09-30 17:08:23,792 - root - INFO - 速度比设置成功
2025-09-30 17:08:23,792 - controller.robot_controller - INFO - 速度比设置为 0.49
2025-09-30 17:08:25,312 - root - INFO - 关节运动完成
2025-09-30 17:08:25,312 - controller.robot_controller - INFO - 运动到指定姿态完成
2025-09-30 17:08:26,970 - root - INFO - 速度比设置成功
2025-09-30 17:08:26,971 - controller.robot_controller - INFO - 速度比设置为 0.49
2025-09-30 17:08:28,493 - root - INFO - 关节运动完成
2025-09-30 17:08:28,494 - controller.robot_controller - INFO - 运动到指定姿态完成
2025-09-30 17:08:30,149 - root - INFO - 速度比设置成功
2025-09-30 17:08:30,149 - controller.robot_controller - INFO - 速度比设置为 0.49
2025-09-30 17:08:34,683 - root - INFO - 关节运动完成
2025-09-30 17:08:34,684 - controller.robot_controller - INFO - 运动到指定姿态完成
2025-09-30 17:08:36,335 - root - INFO - 速度比设置成功
2025-09-30 17:08:36,335 - controller.robot_controller - INFO - 速度比设置为 0.49
2025-09-30 17:08:38,857 - root - INFO - 关节运动完成
2025-09-30 17:08:38,857 - controller.robot_controller - INFO - 运动到指定姿态完成
2025-09-30 17:08:40,501 - root - INFO - 速度比设置成功
2025-09-30 17:08:40,501 - controller.robot_controller - INFO - 速度比设置为 0.49
2025-09-30 17:08:43,022 - root - INFO - 关节运动完成
2025-09-30 17:08:43,022 - controller.robot_controller - INFO - 运动到指定姿态完成
2025-09-30 17:08:45,529 - controller.realsense_controller - INFO - RealSense相机连接已断开
2025-09-30 17:08:45,535 - server.tcp_server - INFO - 客户端 client_37 资源已清理
2025-09-30 17:08:45,561 - root - INFO - 去使能指令发送成功，等待机器人进入去使能状态
2025-09-30 17:08:46,063 - root - INFO - 机器人已成功去使能
2025-09-30 17:08:46,064 - controller.robot_controller - INFO - 机器人已去使能
2025-09-30 17:08:46,065 - controller.robot_controller - INFO - 机器人连接已断开
2025-09-30 17:08:46,065 - server.tcp_server - INFO - 客户端 client_36 资源已清理
2025-09-30 17:10:27,586 - server.tcp_server - INFO - 新客户端连接: ('192.168.31.254', 49828)
2025-09-30 17:10:27,587 - server.tcp_server - INFO - 开始处理连接机器人命令，客户端ID: client_38
2025-09-30 17:10:27,587 - controller.robot_controller - INFO - 正在连接机器人 192.168.0.10:10003
2025-09-30 17:10:27,587 - controller.robot_controller - INFO - 机器人连接成功
2025-09-30 17:10:27,587 - server.tcp_server - INFO - 机器人连接结果: True
2025-09-30 17:10:27,587 - server.tcp_server - INFO - 返回成功响应: {"type": "response", "status": "success", "message": "机器人连接成功", "data": {"connected": true}, "message_id": "msg_1_1759223427"}
2025-09-30 17:10:27,589 - root - INFO - 机器人已处于使能状态
2025-09-30 17:10:27,589 - controller.robot_controller - INFO - 机器人已使能
2025-09-30 17:10:27,592 - root - INFO - 速度比设置成功
2025-09-30 17:10:27,592 - controller.robot_controller - INFO - 速度比设置为 0.49
2025-09-30 17:10:29,111 - root - INFO - 关节运动完成
2025-09-30 17:10:29,111 - controller.robot_controller - INFO - 运动到指定姿态完成
2025-09-30 17:10:30,869 - root - INFO - 去使能指令发送成功，等待机器人进入去使能状态
2025-09-30 17:10:31,371 - root - INFO - 机器人已成功去使能
2025-09-30 17:10:31,372 - controller.robot_controller - INFO - 机器人已去使能
2025-09-30 17:10:31,372 - server.tcp_server - INFO - 客户端 client_38 的机器人已去使能
2025-09-30 17:10:31,372 - controller.robot_controller - INFO - 机器人连接已断开
2025-09-30 17:10:31,372 - server.tcp_server - INFO - 客户端 client_38 的机器人连接已断开
2025-09-30 17:10:31,372 - server.tcp_server - INFO - 客户端 client_38 资源已清理
2025-09-30 17:10:33,952 - server.tcp_server - INFO - 新客户端连接: ('192.168.31.254', 49834)
2025-09-30 17:10:33,952 - server.tcp_server - INFO - 开始处理连接机器人命令，客户端ID: client_39
2025-09-30 17:10:33,952 - controller.robot_controller - INFO - 正在连接机器人 192.168.0.10:10003
2025-09-30 17:10:33,953 - controller.robot_controller - INFO - 机器人连接成功
2025-09-30 17:10:33,953 - server.tcp_server - INFO - 机器人连接结果: True
2025-09-30 17:10:33,953 - server.tcp_server - INFO - 返回成功响应: {"type": "response", "status": "success", "message": "机器人连接成功", "data": {"connected": true}, "message_id": "msg_1_1759223433"}
2025-09-30 17:10:35,504 - root - INFO - 机器人已成功使能
2025-09-30 17:10:35,504 - controller.robot_controller - INFO - 机器人已使能
2025-09-30 17:10:35,509 - root - INFO - 速度比设置成功
2025-09-30 17:10:35,510 - controller.robot_controller - INFO - 速度比设置为 0.49
2025-09-30 17:10:36,030 - root - INFO - 关节运动完成
2025-09-30 17:10:36,031 - controller.robot_controller - INFO - 运动到指定姿态完成
2025-09-30 17:10:38,035 - server.tcp_server - INFO - 新客户端连接: ('192.168.31.254', 56060)
2025-09-30 17:10:38,036 - server.tcp_server - INFO - 开始处理连接RealSense相机命令，客户端ID: client_40
2025-09-30 17:10:38,202 - controller.realsense_controller - INFO - 相机内参读取成功
2025-09-30 17:10:38,202 - controller.realsense_controller - INFO - RealSense相机连接成功
2025-09-30 17:10:38,202 - server.tcp_server - INFO - 返回成功响应: {"type": "response", "status": "success", "message": "RealSense相机连接成功", "data": {"connected": true}, "message_id": "msg_1_1759223438"}
2025-09-30 17:10:40,211 - root - INFO - 速度比设置成功
2025-09-30 17:10:40,211 - controller.robot_controller - INFO - 速度比设置为 0.49
2025-09-30 17:10:41,233 - root - INFO - 关节运动完成
2025-09-30 17:10:41,233 - controller.robot_controller - INFO - 运动到指定姿态完成
2025-09-30 17:10:42,982 - root - INFO - 速度比设置成功
2025-09-30 17:10:42,982 - controller.robot_controller - INFO - 速度比设置为 0.49
2025-09-30 17:10:43,999 - root - INFO - 关节运动完成
2025-09-30 17:10:43,999 - controller.robot_controller - INFO - 运动到指定姿态完成
2025-09-30 17:10:45,769 - root - INFO - 速度比设置成功
2025-09-30 17:10:45,769 - controller.robot_controller - INFO - 速度比设置为 0.49
2025-09-30 17:10:47,293 - root - INFO - 关节运动完成
2025-09-30 17:10:47,294 - controller.robot_controller - INFO - 运动到指定姿态完成
2025-09-30 17:10:48,948 - root - INFO - 速度比设置成功
2025-09-30 17:10:48,948 - controller.robot_controller - INFO - 速度比设置为 0.49
2025-09-30 17:10:50,968 - root - INFO - 关节运动完成
2025-09-30 17:10:50,968 - controller.robot_controller - INFO - 运动到指定姿态完成
2025-09-30 17:10:52,606 - root - INFO - 速度比设置成功
2025-09-30 17:10:52,606 - controller.robot_controller - INFO - 速度比设置为 0.49
2025-09-30 17:10:55,630 - root - INFO - 关节运动完成
2025-09-30 17:10:55,630 - controller.robot_controller - INFO - 运动到指定姿态完成
2025-09-30 17:10:57,277 - root - INFO - 速度比设置成功
2025-09-30 17:10:57,277 - controller.robot_controller - INFO - 速度比设置为 0.49
2025-09-30 17:10:59,800 - root - INFO - 关节运动完成
2025-09-30 17:10:59,800 - controller.robot_controller - INFO - 运动到指定姿态完成
2025-09-30 17:11:01,459 - root - INFO - 速度比设置成功
2025-09-30 17:11:01,459 - controller.robot_controller - INFO - 速度比设置为 0.49
2025-09-30 17:11:02,978 - root - INFO - 关节运动完成
2025-09-30 17:11:02,978 - controller.robot_controller - INFO - 运动到指定姿态完成
2025-09-30 17:11:04,638 - root - INFO - 速度比设置成功
2025-09-30 17:11:04,638 - controller.robot_controller - INFO - 速度比设置为 0.49
2025-09-30 17:11:05,655 - root - INFO - 关节运动完成
2025-09-30 17:11:05,656 - controller.robot_controller - INFO - 运动到指定姿态完成
2025-09-30 17:11:07,293 - root - INFO - 速度比设置成功
2025-09-30 17:11:07,293 - controller.robot_controller - INFO - 速度比设置为 0.49
2025-09-30 17:11:08,311 - root - INFO - 关节运动完成
2025-09-30 17:11:08,311 - controller.robot_controller - INFO - 运动到指定姿态完成
2025-09-30 17:11:09,960 - root - INFO - 速度比设置成功
2025-09-30 17:11:09,960 - controller.robot_controller - INFO - 速度比设置为 0.49
2025-09-30 17:11:11,479 - root - INFO - 关节运动完成
2025-09-30 17:11:11,479 - controller.robot_controller - INFO - 运动到指定姿态完成
2025-09-30 17:11:13,131 - root - INFO - 速度比设置成功
2025-09-30 17:11:13,131 - controller.robot_controller - INFO - 速度比设置为 0.49
2025-09-30 17:11:15,151 - root - INFO - 关节运动完成
2025-09-30 17:11:15,151 - controller.robot_controller - INFO - 运动到指定姿态完成
2025-09-30 17:11:16,789 - root - INFO - 速度比设置成功
2025-09-30 17:11:16,789 - controller.robot_controller - INFO - 速度比设置为 0.49
2025-09-30 17:11:19,311 - root - INFO - 关节运动完成
2025-09-30 17:11:19,311 - controller.robot_controller - INFO - 运动到指定姿态完成
2025-09-30 17:11:20,968 - root - INFO - 速度比设置成功
2025-09-30 17:11:20,968 - controller.robot_controller - INFO - 速度比设置为 0.49
2025-09-30 17:11:23,489 - root - INFO - 关节运动完成
2025-09-30 17:11:23,489 - controller.robot_controller - INFO - 运动到指定姿态完成
2025-09-30 17:11:25,139 - root - INFO - 速度比设置成功
2025-09-30 17:11:25,139 - controller.robot_controller - INFO - 速度比设置为 0.49
2025-09-30 17:11:26,662 - root - INFO - 关节运动完成
2025-09-30 17:11:26,662 - controller.robot_controller - INFO - 运动到指定姿态完成
2025-09-30 17:11:28,301 - root - INFO - 速度比设置成功
2025-09-30 17:11:28,301 - controller.robot_controller - INFO - 速度比设置为 0.49
2025-09-30 17:11:29,318 - root - INFO - 关节运动完成
2025-09-30 17:11:29,319 - controller.robot_controller - INFO - 运动到指定姿态完成
2025-09-30 17:11:30,964 - root - INFO - 速度比设置成功
2025-09-30 17:11:30,964 - controller.robot_controller - INFO - 速度比设置为 0.49
2025-09-30 17:11:32,482 - root - INFO - 关节运动完成
2025-09-30 17:11:32,483 - controller.robot_controller - INFO - 运动到指定姿态完成
2025-09-30 17:11:34,131 - root - INFO - 速度比设置成功
2025-09-30 17:11:34,131 - controller.robot_controller - INFO - 速度比设置为 0.49
2025-09-30 17:11:35,649 - root - INFO - 关节运动完成
2025-09-30 17:11:35,650 - controller.robot_controller - INFO - 运动到指定姿态完成
2025-09-30 17:11:37,285 - root - INFO - 速度比设置成功
2025-09-30 17:11:37,285 - controller.robot_controller - INFO - 速度比设置为 0.49
2025-09-30 17:11:38,805 - root - INFO - 关节运动完成
2025-09-30 17:11:38,805 - controller.robot_controller - INFO - 运动到指定姿态完成
2025-09-30 17:11:40,452 - root - INFO - 速度比设置成功
2025-09-30 17:11:40,453 - controller.robot_controller - INFO - 速度比设置为 0.49
2025-09-30 17:11:42,477 - root - INFO - 关节运动完成
2025-09-30 17:11:42,477 - controller.robot_controller - INFO - 运动到指定姿态完成
2025-09-30 17:11:44,123 - root - INFO - 速度比设置成功
2025-09-30 17:11:44,123 - controller.robot_controller - INFO - 速度比设置为 0.49
2025-09-30 17:11:46,647 - root - INFO - 关节运动完成
2025-09-30 17:11:46,648 - controller.robot_controller - INFO - 运动到指定姿态完成
2025-09-30 17:11:48,285 - root - INFO - 速度比设置成功
2025-09-30 17:11:48,285 - controller.robot_controller - INFO - 速度比设置为 0.49
2025-09-30 17:11:50,812 - root - INFO - 关节运动完成
2025-09-30 17:11:50,812 - controller.robot_controller - INFO - 运动到指定姿态完成
2025-09-30 17:11:52,460 - root - INFO - 速度比设置成功
2025-09-30 17:11:52,460 - controller.robot_controller - INFO - 速度比设置为 0.49
2025-09-30 17:11:53,477 - root - INFO - 关节运动完成
2025-09-30 17:11:53,477 - controller.robot_controller - INFO - 运动到指定姿态完成
2025-09-30 17:11:55,135 - root - INFO - 速度比设置成功
2025-09-30 17:11:55,135 - controller.robot_controller - INFO - 速度比设置为 0.49
2025-09-30 17:11:56,655 - root - INFO - 关节运动完成
2025-09-30 17:11:56,655 - controller.robot_controller - INFO - 运动到指定姿态完成
2025-09-30 17:11:58,293 - root - INFO - 速度比设置成功
2025-09-30 17:11:58,293 - controller.robot_controller - INFO - 速度比设置为 0.49
2025-09-30 17:11:59,817 - root - INFO - 关节运动完成
2025-09-30 17:11:59,817 - controller.robot_controller - INFO - 运动到指定姿态完成
2025-09-30 17:12:01,464 - root - INFO - 速度比设置成功
2025-09-30 17:12:01,464 - controller.robot_controller - INFO - 速度比设置为 0.49
2025-09-30 17:12:03,485 - root - INFO - 关节运动完成
2025-09-30 17:12:03,485 - controller.robot_controller - INFO - 运动到指定姿态完成
2025-09-30 17:12:05,139 - root - INFO - 速度比设置成功
2025-09-30 17:12:05,139 - controller.robot_controller - INFO - 速度比设置为 0.49
2025-09-30 17:12:08,162 - root - INFO - 关节运动完成
2025-09-30 17:12:08,162 - controller.robot_controller - INFO - 运动到指定姿态完成
2025-09-30 17:12:09,797 - root - INFO - 速度比设置成功
2025-09-30 17:12:09,797 - controller.robot_controller - INFO - 速度比设置为 0.49
2025-09-30 17:12:12,318 - root - INFO - 关节运动完成
2025-09-30 17:12:12,318 - controller.robot_controller - INFO - 运动到指定姿态完成
2025-09-30 17:12:13,967 - root - INFO - 速度比设置成功
2025-09-30 17:12:13,967 - controller.robot_controller - INFO - 速度比设置为 0.49
2025-09-30 17:12:14,989 - root - INFO - 关节运动完成
2025-09-30 17:12:14,989 - controller.robot_controller - INFO - 运动到指定姿态完成
2025-09-30 17:12:16,638 - root - INFO - 速度比设置成功
2025-09-30 17:12:16,638 - controller.robot_controller - INFO - 速度比设置为 0.49
2025-09-30 17:12:17,656 - root - INFO - 关节运动完成
2025-09-30 17:12:17,656 - controller.robot_controller - INFO - 运动到指定姿态完成
2025-09-30 17:12:19,293 - root - INFO - 速度比设置成功
2025-09-30 17:12:19,293 - controller.robot_controller - INFO - 速度比设置为 0.49
2025-09-30 17:12:20,311 - root - INFO - 关节运动完成
2025-09-30 17:12:20,312 - controller.robot_controller - INFO - 运动到指定姿态完成
2025-09-30 17:12:21,960 - root - INFO - 速度比设置成功
2025-09-30 17:12:21,960 - controller.robot_controller - INFO - 速度比设置为 0.49
2025-09-30 17:12:23,480 - root - INFO - 关节运动完成
2025-09-30 17:12:23,480 - controller.robot_controller - INFO - 运动到指定姿态完成
2025-09-30 17:12:25,127 - root - INFO - 速度比设置成功
2025-09-30 17:12:25,127 - controller.robot_controller - INFO - 速度比设置为 0.49
2025-09-30 17:12:27,147 - root - INFO - 关节运动完成
2025-09-30 17:12:27,147 - controller.robot_controller - INFO - 运动到指定姿态完成
2025-09-30 17:12:28,794 - root - INFO - 速度比设置成功
2025-09-30 17:12:28,794 - controller.robot_controller - INFO - 速度比设置为 0.49
2025-09-30 17:12:31,319 - root - INFO - 关节运动完成
2025-09-30 17:12:31,320 - controller.robot_controller - INFO - 运动到指定姿态完成
2025-09-30 17:12:32,964 - root - INFO - 速度比设置成功
2025-09-30 17:12:32,965 - controller.robot_controller - INFO - 速度比设置为 0.49
2025-09-30 17:12:34,988 - root - INFO - 关节运动完成
2025-09-30 17:12:34,989 - controller.robot_controller - INFO - 运动到指定姿态完成
2025-09-30 17:12:36,635 - root - INFO - 速度比设置成功
2025-09-30 17:12:36,635 - controller.robot_controller - INFO - 速度比设置为 0.49
2025-09-30 17:12:37,652 - root - INFO - 关节运动完成
2025-09-30 17:12:37,652 - controller.robot_controller - INFO - 运动到指定姿态完成
2025-09-30 17:12:39,290 - root - INFO - 速度比设置成功
2025-09-30 17:12:39,290 - controller.robot_controller - INFO - 速度比设置为 0.49
2025-09-30 17:12:40,308 - root - INFO - 关节运动完成
2025-09-30 17:12:40,309 - controller.robot_controller - INFO - 运动到指定姿态完成
2025-09-30 17:12:41,957 - root - INFO - 速度比设置成功
2025-09-30 17:12:41,957 - controller.robot_controller - INFO - 速度比设置为 0.49
2025-09-30 17:12:43,479 - root - INFO - 关节运动完成
2025-09-30 17:12:43,480 - controller.robot_controller - INFO - 运动到指定姿态完成
2025-09-30 17:12:45,128 - root - INFO - 速度比设置成功
2025-09-30 17:12:45,128 - controller.robot_controller - INFO - 速度比设置为 0.49
2025-09-30 17:12:46,651 - root - INFO - 关节运动完成
2025-09-30 17:12:46,651 - controller.robot_controller - INFO - 运动到指定姿态完成
2025-09-30 17:12:48,286 - root - INFO - 速度比设置成功
2025-09-30 17:12:48,286 - controller.robot_controller - INFO - 速度比设置为 0.49
2025-09-30 17:12:50,307 - root - INFO - 关节运动完成
2025-09-30 17:12:50,307 - controller.robot_controller - INFO - 运动到指定姿态完成
2025-09-30 17:12:51,953 - root - INFO - 速度比设置成功
2025-09-30 17:12:51,953 - controller.robot_controller - INFO - 速度比设置为 0.49
2025-09-30 17:12:54,476 - root - INFO - 关节运动完成
2025-09-30 17:12:54,476 - controller.robot_controller - INFO - 运动到指定姿态完成
2025-09-30 17:12:56,123 - root - INFO - 速度比设置成功
2025-09-30 17:12:56,123 - controller.robot_controller - INFO - 速度比设置为 0.49
2025-09-30 17:12:58,646 - root - INFO - 关节运动完成
2025-09-30 17:12:58,646 - controller.robot_controller - INFO - 运动到指定姿态完成
2025-09-30 17:13:00,286 - root - INFO - 速度比设置成功
2025-09-30 17:13:00,286 - controller.robot_controller - INFO - 速度比设置为 0.49
2025-09-30 17:13:02,306 - root - INFO - 关节运动完成
2025-09-30 17:13:02,306 - controller.robot_controller - INFO - 运动到指定姿态完成
2025-09-30 17:13:03,952 - root - INFO - 速度比设置成功
2025-09-30 17:13:03,953 - controller.robot_controller - INFO - 速度比设置为 0.49
2025-09-30 17:13:04,970 - root - INFO - 关节运动完成
2025-09-30 17:13:04,970 - controller.robot_controller - INFO - 运动到指定姿态完成
2025-09-30 17:13:06,607 - root - INFO - 速度比设置成功
2025-09-30 17:13:06,607 - controller.robot_controller - INFO - 速度比设置为 0.49
2025-09-30 17:13:08,126 - root - INFO - 关节运动完成
2025-09-30 17:13:08,127 - controller.robot_controller - INFO - 运动到指定姿态完成
2025-09-30 17:13:09,770 - root - INFO - 速度比设置成功
2025-09-30 17:13:09,770 - controller.robot_controller - INFO - 速度比设置为 0.49
2025-09-30 17:13:11,293 - root - INFO - 关节运动完成
2025-09-30 17:13:11,294 - controller.robot_controller - INFO - 运动到指定姿态完成
2025-09-30 17:13:12,953 - root - INFO - 速度比设置成功
2025-09-30 17:13:12,953 - controller.robot_controller - INFO - 速度比设置为 0.49
2025-09-30 17:13:15,475 - root - INFO - 关节运动完成
2025-09-30 17:13:15,475 - controller.robot_controller - INFO - 运动到指定姿态完成
2025-09-30 17:13:17,131 - root - INFO - 速度比设置成功
2025-09-30 17:13:17,131 - controller.robot_controller - INFO - 速度比设置为 0.49
2025-09-30 17:13:20,659 - root - INFO - 关节运动完成
2025-09-30 17:13:20,659 - controller.robot_controller - INFO - 运动到指定姿态完成
2025-09-30 17:13:22,304 - root - INFO - 速度比设置成功
2025-09-30 17:13:22,304 - controller.robot_controller - INFO - 速度比设置为 0.49
2025-09-30 17:13:24,826 - root - INFO - 关节运动完成
2025-09-30 17:13:24,826 - controller.robot_controller - INFO - 运动到指定姿态完成
2025-09-30 17:13:26,470 - root - INFO - 速度比设置成功
2025-09-30 17:13:26,470 - controller.robot_controller - INFO - 速度比设置为 0.49
2025-09-30 17:13:27,491 - root - INFO - 关节运动完成
2025-09-30 17:13:27,492 - controller.robot_controller - INFO - 运动到指定姿态完成
2025-09-30 17:13:29,149 - root - INFO - 速度比设置成功
2025-09-30 17:13:29,149 - controller.robot_controller - INFO - 速度比设置为 0.49
2025-09-30 17:13:30,171 - root - INFO - 关节运动完成
2025-09-30 17:13:30,172 - controller.robot_controller - INFO - 运动到指定姿态完成
2025-09-30 17:13:31,823 - root - INFO - 速度比设置成功
2025-09-30 17:13:31,823 - controller.robot_controller - INFO - 速度比设置为 0.49
2025-09-30 17:13:32,845 - root - INFO - 关节运动完成
2025-09-30 17:13:32,845 - controller.robot_controller - INFO - 运动到指定姿态完成
2025-09-30 17:13:34,490 - root - INFO - 速度比设置成功
2025-09-30 17:13:34,490 - controller.robot_controller - INFO - 速度比设置为 0.49
2025-09-30 17:13:36,009 - root - INFO - 关节运动完成
2025-09-30 17:13:36,009 - controller.robot_controller - INFO - 运动到指定姿态完成
2025-09-30 17:13:37,664 - root - INFO - 速度比设置成功
2025-09-30 17:13:37,664 - controller.robot_controller - INFO - 速度比设置为 0.49
2025-09-30 17:13:39,685 - root - INFO - 关节运动完成
2025-09-30 17:13:39,685 - controller.robot_controller - INFO - 运动到指定姿态完成
2025-09-30 17:13:41,339 - root - INFO - 速度比设置成功
2025-09-30 17:13:41,339 - controller.robot_controller - INFO - 速度比设置为 0.49
2025-09-30 17:13:44,362 - root - INFO - 关节运动完成
2025-09-30 17:13:44,362 - controller.robot_controller - INFO - 运动到指定姿态完成
2025-09-30 17:13:46,012 - root - INFO - 速度比设置成功
2025-09-30 17:13:46,013 - controller.robot_controller - INFO - 速度比设置为 0.49
2025-09-30 17:13:48,037 - root - INFO - 关节运动完成
2025-09-30 17:13:48,037 - controller.robot_controller - INFO - 运动到指定姿态完成
2025-09-30 17:13:49,682 - root - INFO - 速度比设置成功
2025-09-30 17:13:49,682 - controller.robot_controller - INFO - 速度比设置为 0.49
2025-09-30 17:13:50,700 - root - INFO - 关节运动完成
2025-09-30 17:13:50,701 - controller.robot_controller - INFO - 运动到指定姿态完成
2025-09-30 17:13:52,357 - root - INFO - 速度比设置成功
2025-09-30 17:13:52,357 - controller.robot_controller - INFO - 速度比设置为 0.49
2025-09-30 17:13:53,379 - root - INFO - 关节运动完成
2025-09-30 17:13:53,379 - controller.robot_controller - INFO - 运动到指定姿态完成
2025-09-30 17:13:55,036 - root - INFO - 速度比设置成功
2025-09-30 17:13:55,036 - controller.robot_controller - INFO - 速度比设置为 0.49
2025-09-30 17:13:56,056 - root - INFO - 关节运动完成
2025-09-30 17:13:56,056 - controller.robot_controller - INFO - 运动到指定姿态完成
2025-09-30 17:13:57,698 - root - INFO - 速度比设置成功
2025-09-30 17:13:57,698 - controller.robot_controller - INFO - 速度比设置为 0.49
2025-09-30 17:13:59,218 - root - INFO - 关节运动完成
2025-09-30 17:13:59,218 - controller.robot_controller - INFO - 运动到指定姿态完成
2025-09-30 17:14:00,865 - root - INFO - 速度比设置成功
2025-09-30 17:14:00,865 - controller.robot_controller - INFO - 速度比设置为 0.49
2025-09-30 17:14:02,885 - root - INFO - 关节运动完成
2025-09-30 17:14:02,885 - controller.robot_controller - INFO - 运动到指定姿态完成
2025-09-30 17:14:04,531 - root - INFO - 速度比设置成功
2025-09-30 17:14:04,531 - controller.robot_controller - INFO - 速度比设置为 0.49
2025-09-30 17:14:07,053 - root - INFO - 关节运动完成
2025-09-30 17:14:07,053 - controller.robot_controller - INFO - 运动到指定姿态完成
2025-09-30 17:14:08,693 - root - INFO - 速度比设置成功
2025-09-30 17:14:08,694 - controller.robot_controller - INFO - 速度比设置为 0.49
2025-09-30 17:14:10,717 - root - INFO - 关节运动完成
2025-09-30 17:14:10,718 - controller.robot_controller - INFO - 运动到指定姿态完成
2025-09-30 17:14:12,367 - root - INFO - 速度比设置成功
2025-09-30 17:14:12,367 - controller.robot_controller - INFO - 速度比设置为 0.49
2025-09-30 17:14:13,886 - root - INFO - 关节运动完成
2025-09-30 17:14:13,886 - controller.robot_controller - INFO - 运动到指定姿态完成
2025-09-30 17:14:15,533 - root - INFO - 速度比设置成功
2025-09-30 17:14:15,533 - controller.robot_controller - INFO - 速度比设置为 0.49
2025-09-30 17:14:16,555 - root - INFO - 关节运动完成
2025-09-30 17:14:16,556 - controller.robot_controller - INFO - 运动到指定姿态完成
2025-09-30 17:14:18,192 - root - INFO - 速度比设置成功
2025-09-30 17:14:18,192 - controller.robot_controller - INFO - 速度比设置为 0.49
2025-09-30 17:14:19,711 - root - INFO - 关节运动完成
2025-09-30 17:14:19,711 - controller.robot_controller - INFO - 运动到指定姿态完成
2025-09-30 17:14:21,358 - root - INFO - 速度比设置成功
2025-09-30 17:14:21,358 - controller.robot_controller - INFO - 速度比设置为 0.49
2025-09-30 17:14:22,877 - root - INFO - 关节运动完成
2025-09-30 17:14:22,878 - controller.robot_controller - INFO - 运动到指定姿态完成
2025-09-30 17:14:24,525 - root - INFO - 速度比设置成功
2025-09-30 17:14:24,525 - controller.robot_controller - INFO - 速度比设置为 0.49
2025-09-30 17:14:26,545 - root - INFO - 关节运动完成
2025-09-30 17:14:26,545 - controller.robot_controller - INFO - 运动到指定姿态完成
2025-09-30 17:14:28,183 - root - INFO - 速度比设置成功
2025-09-30 17:14:28,183 - controller.robot_controller - INFO - 速度比设置为 0.49
2025-09-30 17:14:31,205 - root - INFO - 关节运动完成
2025-09-30 17:14:31,206 - controller.robot_controller - INFO - 运动到指定姿态完成
2025-09-30 17:14:32,853 - root - INFO - 速度比设置成功
2025-09-30 17:14:32,853 - controller.robot_controller - INFO - 速度比设置为 0.49
2025-09-30 17:14:35,374 - root - INFO - 关节运动完成
2025-09-30 17:14:35,374 - controller.robot_controller - INFO - 运动到指定姿态完成
2025-09-30 17:14:37,023 - root - INFO - 速度比设置成功
2025-09-30 17:14:37,023 - controller.robot_controller - INFO - 速度比设置为 0.49
2025-09-30 17:14:38,545 - root - INFO - 关节运动完成
2025-09-30 17:14:38,546 - controller.robot_controller - INFO - 运动到指定姿态完成
2025-09-30 17:14:40,181 - root - INFO - 速度比设置成功
2025-09-30 17:14:40,181 - controller.robot_controller - INFO - 速度比设置为 0.49
2025-09-30 17:14:41,203 - root - INFO - 关节运动完成
2025-09-30 17:14:41,203 - controller.robot_controller - INFO - 运动到指定姿态完成
2025-09-30 17:14:42,848 - root - INFO - 速度比设置成功
2025-09-30 17:14:42,848 - controller.robot_controller - INFO - 速度比设置为 0.49
2025-09-30 17:14:44,371 - root - INFO - 关节运动完成
2025-09-30 17:14:44,371 - controller.robot_controller - INFO - 运动到指定姿态完成
2025-09-30 17:14:46,006 - root - INFO - 速度比设置成功
2025-09-30 17:14:46,006 - controller.robot_controller - INFO - 速度比设置为 0.49
2025-09-30 17:14:47,530 - root - INFO - 关节运动完成
2025-09-30 17:14:47,530 - controller.robot_controller - INFO - 运动到指定姿态完成
2025-09-30 17:14:49,169 - root - INFO - 速度比设置成功
2025-09-30 17:14:49,169 - controller.robot_controller - INFO - 速度比设置为 0.49
2025-09-30 17:14:51,189 - root - INFO - 关节运动完成
2025-09-30 17:14:51,189 - controller.robot_controller - INFO - 运动到指定姿态完成
2025-09-30 17:14:52,839 - root - INFO - 速度比设置成功
2025-09-30 17:14:52,839 - controller.robot_controller - INFO - 速度比设置为 0.49
2025-09-30 17:14:55,360 - root - INFO - 关节运动完成
2025-09-30 17:14:55,360 - controller.robot_controller - INFO - 运动到指定姿态完成
2025-09-30 17:14:56,997 - root - INFO - 速度比设置成功
2025-09-30 17:14:56,997 - controller.robot_controller - INFO - 速度比设置为 0.49
2025-09-30 17:14:59,518 - root - INFO - 关节运动完成
2025-09-30 17:14:59,519 - controller.robot_controller - INFO - 运动到指定姿态完成
2025-09-30 17:15:01,163 - root - INFO - 速度比设置成功
2025-09-30 17:15:01,163 - controller.robot_controller - INFO - 速度比设置为 0.49
2025-09-30 17:15:02,681 - root - INFO - 关节运动完成
2025-09-30 17:15:02,682 - controller.robot_controller - INFO - 运动到指定姿态完成
2025-09-30 17:15:04,325 - root - INFO - 速度比设置成功
2025-09-30 17:15:04,325 - controller.robot_controller - INFO - 速度比设置为 0.49
2025-09-30 17:15:05,344 - root - INFO - 关节运动完成
2025-09-30 17:15:05,344 - controller.robot_controller - INFO - 运动到指定姿态完成
2025-09-30 17:15:06,980 - root - INFO - 速度比设置成功
2025-09-30 17:15:06,980 - controller.robot_controller - INFO - 速度比设置为 0.49
2025-09-30 17:15:08,499 - root - INFO - 关节运动完成
2025-09-30 17:15:08,499 - controller.robot_controller - INFO - 运动到指定姿态完成
2025-09-30 17:15:10,142 - root - INFO - 速度比设置成功
2025-09-30 17:15:10,142 - controller.robot_controller - INFO - 速度比设置为 0.49
2025-09-30 17:15:11,661 - root - INFO - 关节运动完成
2025-09-30 17:15:11,661 - controller.robot_controller - INFO - 运动到指定姿态完成
2025-09-30 17:15:13,297 - root - INFO - 速度比设置成功
2025-09-30 17:15:13,297 - controller.robot_controller - INFO - 速度比设置为 0.49
2025-09-30 17:15:14,815 - root - INFO - 关节运动完成
2025-09-30 17:15:14,815 - controller.robot_controller - INFO - 运动到指定姿态完成
2025-09-30 17:15:16,463 - root - INFO - 速度比设置成功
2025-09-30 17:15:16,464 - controller.robot_controller - INFO - 速度比设置为 0.49
2025-09-30 17:15:18,488 - root - INFO - 关节运动完成
2025-09-30 17:15:18,489 - controller.robot_controller - INFO - 运动到指定姿态完成
2025-09-30 17:15:20,133 - root - INFO - 速度比设置成功
2025-09-30 17:15:20,133 - controller.robot_controller - INFO - 速度比设置为 0.49
2025-09-30 17:15:22,659 - root - INFO - 关节运动完成
2025-09-30 17:15:22,659 - controller.robot_controller - INFO - 运动到指定姿态完成
2025-09-30 17:15:24,295 - root - INFO - 速度比设置成功
2025-09-30 17:15:24,295 - controller.robot_controller - INFO - 速度比设置为 0.49
2025-09-30 17:15:26,816 - root - INFO - 关节运动完成
2025-09-30 17:15:26,817 - controller.robot_controller - INFO - 运动到指定姿态完成
2025-09-30 17:15:28,461 - root - INFO - 速度比设置成功
2025-09-30 17:15:28,461 - controller.robot_controller - INFO - 速度比设置为 0.49
2025-09-30 17:15:29,479 - root - INFO - 关节运动完成
2025-09-30 17:15:29,479 - controller.robot_controller - INFO - 运动到指定姿态完成
2025-09-30 17:15:31,124 - root - INFO - 速度比设置成功
2025-09-30 17:15:31,124 - controller.robot_controller - INFO - 速度比设置为 0.49
2025-09-30 17:15:32,643 - root - INFO - 关节运动完成
2025-09-30 17:15:32,643 - controller.robot_controller - INFO - 运动到指定姿态完成
2025-09-30 17:15:34,283 - root - INFO - 速度比设置成功
2025-09-30 17:15:34,283 - controller.robot_controller - INFO - 速度比设置为 0.49
2025-09-30 17:15:35,801 - root - INFO - 关节运动完成
2025-09-30 17:15:35,801 - controller.robot_controller - INFO - 运动到指定姿态完成
2025-09-30 17:15:37,449 - root - INFO - 速度比设置成功
2025-09-30 17:15:37,449 - controller.robot_controller - INFO - 速度比设置为 0.49
2025-09-30 17:15:39,970 - root - INFO - 关节运动完成
2025-09-30 17:15:39,970 - controller.robot_controller - INFO - 运动到指定姿态完成
2025-09-30 17:15:41,607 - root - INFO - 速度比设置成功
2025-09-30 17:15:41,607 - controller.robot_controller - INFO - 速度比设置为 0.49
2025-09-30 17:15:45,137 - root - INFO - 关节运动完成
2025-09-30 17:15:45,138 - controller.robot_controller - INFO - 运动到指定姿态完成
2025-09-30 17:15:46,773 - root - INFO - 速度比设置成功
2025-09-30 17:15:46,773 - controller.robot_controller - INFO - 速度比设置为 0.49
2025-09-30 17:15:49,294 - root - INFO - 关节运动完成
2025-09-30 17:15:49,294 - controller.robot_controller - INFO - 运动到指定姿态完成
2025-09-30 17:15:50,942 - root - INFO - 速度比设置成功
2025-09-30 17:15:50,943 - controller.robot_controller - INFO - 速度比设置为 0.49
2025-09-30 17:15:51,961 - root - INFO - 关节运动完成
2025-09-30 17:15:51,961 - controller.robot_controller - INFO - 运动到指定姿态完成
2025-09-30 17:15:53,597 - root - INFO - 速度比设置成功
2025-09-30 17:15:53,597 - controller.robot_controller - INFO - 速度比设置为 0.49
2025-09-30 17:15:54,617 - root - INFO - 关节运动完成
2025-09-30 17:15:54,617 - controller.robot_controller - INFO - 运动到指定姿态完成
2025-09-30 17:15:56,264 - root - INFO - 速度比设置成功
2025-09-30 17:15:56,264 - controller.robot_controller - INFO - 速度比设置为 0.49
2025-09-30 17:15:57,783 - root - INFO - 关节运动完成
2025-09-30 17:15:57,783 - controller.robot_controller - INFO - 运动到指定姿态完成
2025-09-30 17:15:59,430 - root - INFO - 速度比设置成功
2025-09-30 17:15:59,430 - controller.robot_controller - INFO - 速度比设置为 0.49
2025-09-30 17:16:00,949 - root - INFO - 关节运动完成
2025-09-30 17:16:00,950 - controller.robot_controller - INFO - 运动到指定姿态完成
2025-09-30 17:16:02,589 - root - INFO - 速度比设置成功
2025-09-30 17:16:02,589 - controller.robot_controller - INFO - 速度比设置为 0.49
2025-09-30 17:16:04,609 - root - INFO - 关节运动完成
2025-09-30 17:16:04,609 - controller.robot_controller - INFO - 运动到指定姿态完成
2025-09-30 17:16:06,255 - root - INFO - 速度比设置成功
2025-09-30 17:16:06,255 - controller.robot_controller - INFO - 速度比设置为 0.49
2025-09-30 17:16:08,776 - root - INFO - 关节运动完成
2025-09-30 17:16:08,777 - controller.robot_controller - INFO - 运动到指定姿态完成
2025-09-30 17:16:10,425 - root - INFO - 速度比设置成功
2025-09-30 17:16:10,425 - controller.robot_controller - INFO - 速度比设置为 0.49
2025-09-30 17:16:12,947 - root - INFO - 关节运动完成
2025-09-30 17:16:12,948 - controller.robot_controller - INFO - 运动到指定姿态完成
2025-09-30 17:16:14,591 - root - INFO - 速度比设置成功
2025-09-30 17:16:14,591 - controller.robot_controller - INFO - 速度比设置为 0.49
2025-09-30 17:16:15,609 - root - INFO - 关节运动完成
2025-09-30 17:16:15,609 - controller.robot_controller - INFO - 运动到指定姿态完成
2025-09-30 17:16:17,258 - root - INFO - 速度比设置成功
2025-09-30 17:16:17,258 - controller.robot_controller - INFO - 速度比设置为 0.49
2025-09-30 17:16:18,280 - root - INFO - 关节运动完成
2025-09-30 17:16:18,280 - controller.robot_controller - INFO - 运动到指定姿态完成
2025-09-30 17:16:19,924 - root - INFO - 速度比设置成功
2025-09-30 17:16:19,924 - controller.robot_controller - INFO - 速度比设置为 0.49
2025-09-30 17:16:21,447 - root - INFO - 关节运动完成
2025-09-30 17:16:21,447 - controller.robot_controller - INFO - 运动到指定姿态完成
2025-09-30 17:16:23,087 - root - INFO - 速度比设置成功
2025-09-30 17:16:23,087 - controller.robot_controller - INFO - 速度比设置为 0.49
2025-09-30 17:16:24,606 - root - INFO - 关节运动完成
2025-09-30 17:16:24,606 - controller.robot_controller - INFO - 运动到指定姿态完成
2025-09-30 17:16:26,254 - root - INFO - 速度比设置成功
2025-09-30 17:16:26,254 - controller.robot_controller - INFO - 速度比设置为 0.49
2025-09-30 17:16:28,273 - root - INFO - 关节运动完成
2025-09-30 17:16:28,274 - controller.robot_controller - INFO - 运动到指定姿态完成
2025-09-30 17:16:29,920 - root - INFO - 速度比设置成功
2025-09-30 17:16:29,920 - controller.robot_controller - INFO - 速度比设置为 0.49
2025-09-30 17:16:31,940 - root - INFO - 关节运动完成
2025-09-30 17:16:31,940 - controller.robot_controller - INFO - 运动到指定姿态完成
2025-09-30 17:16:33,574 - root - INFO - 速度比设置成功
2025-09-30 17:16:33,574 - controller.robot_controller - INFO - 速度比设置为 0.49
2025-09-30 17:16:36,096 - root - INFO - 关节运动完成
2025-09-30 17:16:36,097 - controller.robot_controller - INFO - 运动到指定姿态完成
2025-09-30 17:16:37,744 - root - INFO - 速度比设置成功
2025-09-30 17:16:37,744 - controller.robot_controller - INFO - 速度比设置为 0.49
2025-09-30 17:16:39,764 - root - INFO - 关节运动完成
2025-09-30 17:16:39,764 - controller.robot_controller - INFO - 运动到指定姿态完成
2025-09-30 17:16:41,398 - root - INFO - 速度比设置成功
2025-09-30 17:16:41,398 - controller.robot_controller - INFO - 速度比设置为 0.49
2025-09-30 17:16:42,416 - root - INFO - 关节运动完成
2025-09-30 17:16:42,416 - controller.robot_controller - INFO - 运动到指定姿态完成
2025-09-30 17:16:44,065 - root - INFO - 速度比设置成功
2025-09-30 17:16:44,065 - controller.robot_controller - INFO - 速度比设置为 0.49
2025-09-30 17:16:45,584 - root - INFO - 关节运动完成
2025-09-30 17:16:45,584 - controller.robot_controller - INFO - 运动到指定姿态完成
2025-09-30 17:16:47,228 - root - INFO - 速度比设置成功
2025-09-30 17:16:47,228 - controller.robot_controller - INFO - 速度比设置为 0.49
2025-09-30 17:16:48,746 - root - INFO - 关节运动完成
2025-09-30 17:16:48,746 - controller.robot_controller - INFO - 运动到指定姿态完成
2025-09-30 17:16:50,382 - root - INFO - 速度比设置成功
2025-09-30 17:16:50,382 - controller.robot_controller - INFO - 速度比设置为 0.49
2025-09-30 17:16:52,905 - root - INFO - 关节运动完成
2025-09-30 17:16:52,905 - controller.robot_controller - INFO - 运动到指定姿态完成
2025-09-30 17:16:54,552 - root - INFO - 速度比设置成功
2025-09-30 17:16:54,552 - controller.robot_controller - INFO - 速度比设置为 0.49
2025-09-30 17:16:57,074 - root - INFO - 关节运动完成
2025-09-30 17:16:57,074 - controller.robot_controller - INFO - 运动到指定姿态完成
2025-09-30 17:16:58,706 - root - INFO - 速度比设置成功
2025-09-30 17:16:58,706 - controller.robot_controller - INFO - 速度比设置为 0.49
2025-09-30 17:17:01,729 - root - INFO - 关节运动完成
2025-09-30 17:17:01,729 - controller.robot_controller - INFO - 运动到指定姿态完成
2025-09-30 17:17:03,364 - root - INFO - 速度比设置成功
2025-09-30 17:17:03,364 - controller.robot_controller - INFO - 速度比设置为 0.49
2025-09-30 17:17:04,382 - root - INFO - 关节运动完成
2025-09-30 17:17:04,382 - controller.robot_controller - INFO - 运动到指定姿态完成
2025-09-30 17:17:06,027 - root - INFO - 速度比设置成功
2025-09-30 17:17:06,027 - controller.robot_controller - INFO - 速度比设置为 0.49
2025-09-30 17:17:07,044 - root - INFO - 关节运动完成
2025-09-30 17:17:07,044 - controller.robot_controller - INFO - 运动到指定姿态完成
2025-09-30 17:17:08,681 - root - INFO - 速度比设置成功
2025-09-30 17:17:08,682 - controller.robot_controller - INFO - 速度比设置为 0.49
2025-09-30 17:17:10,200 - root - INFO - 关节运动完成
2025-09-30 17:17:10,200 - controller.robot_controller - INFO - 运动到指定姿态完成
2025-09-30 17:17:11,848 - root - INFO - 速度比设置成功
2025-09-30 17:17:11,848 - controller.robot_controller - INFO - 速度比设置为 0.49
2025-09-30 17:17:13,367 - root - INFO - 关节运动完成
2025-09-30 17:17:13,367 - controller.robot_controller - INFO - 运动到指定姿态完成
2025-09-30 17:17:15,002 - root - INFO - 速度比设置成功
2025-09-30 17:17:15,002 - controller.robot_controller - INFO - 速度比设置为 0.49
2025-09-30 17:17:19,530 - root - INFO - 关节运动完成
2025-09-30 17:17:19,531 - controller.robot_controller - INFO - 运动到指定姿态完成
2025-09-30 17:17:21,163 - root - INFO - 速度比设置成功
2025-09-30 17:17:21,164 - controller.robot_controller - INFO - 速度比设置为 0.49
2025-09-30 17:17:24,186 - root - INFO - 关节运动完成
2025-09-30 17:17:24,186 - controller.robot_controller - INFO - 运动到指定姿态完成
2025-09-30 17:17:25,829 - root - INFO - 速度比设置成功
2025-09-30 17:17:25,829 - controller.robot_controller - INFO - 速度比设置为 0.49
2025-09-30 17:17:28,350 - root - INFO - 关节运动完成
2025-09-30 17:17:28,351 - controller.robot_controller - INFO - 运动到指定姿态完成
2025-09-30 17:17:29,983 - root - INFO - 速度比设置成功
2025-09-30 17:17:29,983 - controller.robot_controller - INFO - 速度比设置为 0.49
2025-09-30 17:17:31,001 - root - INFO - 关节运动完成
2025-09-30 17:17:31,001 - controller.robot_controller - INFO - 运动到指定姿态完成
2025-09-30 17:17:32,650 - root - INFO - 速度比设置成功
2025-09-30 17:17:32,650 - controller.robot_controller - INFO - 速度比设置为 0.49
2025-09-30 17:17:33,668 - root - INFO - 关节运动完成
2025-09-30 17:17:33,668 - controller.robot_controller - INFO - 运动到指定姿态完成
2025-09-30 17:17:35,305 - root - INFO - 速度比设置成功
2025-09-30 17:17:35,305 - controller.robot_controller - INFO - 速度比设置为 0.49
2025-09-30 17:17:36,824 - root - INFO - 关节运动完成
2025-09-30 17:17:36,824 - controller.robot_controller - INFO - 运动到指定姿态完成
2025-09-30 17:17:38,463 - root - INFO - 速度比设置成功
2025-09-30 17:17:38,464 - controller.robot_controller - INFO - 速度比设置为 0.49
2025-09-30 17:17:39,982 - root - INFO - 关节运动完成
2025-09-30 17:17:39,983 - controller.robot_controller - INFO - 运动到指定姿态完成
2025-09-30 17:17:41,626 - root - INFO - 速度比设置成功
2025-09-30 17:17:41,626 - controller.robot_controller - INFO - 速度比设置为 0.49
2025-09-30 17:17:43,646 - root - INFO - 关节运动完成
2025-09-30 17:17:43,646 - controller.robot_controller - INFO - 运动到指定姿态完成
2025-09-30 17:17:45,280 - root - INFO - 速度比设置成功
2025-09-30 17:17:45,280 - controller.robot_controller - INFO - 速度比设置为 0.49
2025-09-30 17:17:47,301 - root - INFO - 关节运动完成
2025-09-30 17:17:47,301 - controller.robot_controller - INFO - 运动到指定姿态完成
2025-09-30 17:17:48,947 - root - INFO - 速度比设置成功
2025-09-30 17:17:48,947 - controller.robot_controller - INFO - 速度比设置为 0.49
2025-09-30 17:17:51,468 - root - INFO - 关节运动完成
2025-09-30 17:17:51,468 - controller.robot_controller - INFO - 运动到指定姿态完成
2025-09-30 17:17:53,105 - root - INFO - 速度比设置成功
2025-09-30 17:17:53,105 - controller.robot_controller - INFO - 速度比设置为 0.49
2025-09-30 17:17:54,624 - root - INFO - 关节运动完成
2025-09-30 17:17:54,624 - controller.robot_controller - INFO - 运动到指定姿态完成
2025-09-30 17:17:56,268 - root - INFO - 速度比设置成功
2025-09-30 17:17:56,268 - controller.robot_controller - INFO - 速度比设置为 0.49
2025-09-30 17:17:57,291 - root - INFO - 关节运动完成
2025-09-30 17:17:57,292 - controller.robot_controller - INFO - 运动到指定姿态完成
2025-09-30 17:17:58,934 - root - INFO - 速度比设置成功
2025-09-30 17:17:58,934 - controller.robot_controller - INFO - 速度比设置为 0.49
2025-09-30 17:18:00,453 - root - INFO - 关节运动完成
2025-09-30 17:18:00,453 - controller.robot_controller - INFO - 运动到指定姿态完成
2025-09-30 17:18:02,088 - root - INFO - 速度比设置成功
2025-09-30 17:18:02,089 - controller.robot_controller - INFO - 速度比设置为 0.49
2025-09-30 17:18:03,607 - root - INFO - 关节运动完成
2025-09-30 17:18:03,608 - controller.robot_controller - INFO - 运动到指定姿态完成
2025-09-30 17:18:05,251 - root - INFO - 速度比设置成功
2025-09-30 17:18:05,251 - controller.robot_controller - INFO - 速度比设置为 0.49
2025-09-30 17:18:07,272 - root - INFO - 关节运动完成
2025-09-30 17:18:07,272 - controller.robot_controller - INFO - 运动到指定姿态完成
2025-09-30 17:18:08,905 - root - INFO - 速度比设置成功
2025-09-30 17:18:08,905 - controller.robot_controller - INFO - 速度比设置为 0.49
2025-09-30 17:18:11,928 - root - INFO - 关节运动完成
2025-09-30 17:18:11,929 - controller.robot_controller - INFO - 运动到指定姿态完成
2025-09-30 17:18:13,567 - root - INFO - 速度比设置成功
2025-09-30 17:18:13,567 - controller.robot_controller - INFO - 速度比设置为 0.49
2025-09-30 17:18:16,093 - root - INFO - 关节运动完成
2025-09-30 17:18:16,093 - controller.robot_controller - INFO - 运动到指定姿态完成
2025-09-30 17:18:17,737 - root - INFO - 速度比设置成功
2025-09-30 17:18:17,737 - controller.robot_controller - INFO - 速度比设置为 0.49
2025-09-30 17:18:19,256 - root - INFO - 关节运动完成
2025-09-30 17:18:19,256 - controller.robot_controller - INFO - 运动到指定姿态完成
2025-09-30 17:18:20,896 - root - INFO - 速度比设置成功
2025-09-30 17:18:20,896 - controller.robot_controller - INFO - 速度比设置为 0.49
2025-09-30 17:18:21,913 - root - INFO - 关节运动完成
2025-09-30 17:18:21,913 - controller.robot_controller - INFO - 运动到指定姿态完成
2025-09-30 17:18:23,562 - root - INFO - 速度比设置成功
2025-09-30 17:18:23,563 - controller.robot_controller - INFO - 速度比设置为 0.49
2025-09-30 17:18:25,081 - root - INFO - 关节运动完成
2025-09-30 17:18:25,081 - controller.robot_controller - INFO - 运动到指定姿态完成
2025-09-30 17:18:26,729 - root - INFO - 速度比设置成功
2025-09-30 17:18:26,729 - controller.robot_controller - INFO - 速度比设置为 0.49
2025-09-30 17:18:28,248 - root - INFO - 关节运动完成
2025-09-30 17:18:28,248 - controller.robot_controller - INFO - 运动到指定姿态完成
2025-09-30 17:18:29,884 - root - INFO - 速度比设置成功
2025-09-30 17:18:29,884 - controller.robot_controller - INFO - 速度比设置为 0.49
2025-09-30 17:18:31,905 - root - INFO - 关节运动完成
2025-09-30 17:18:31,905 - controller.robot_controller - INFO - 运动到指定姿态完成
2025-09-30 17:18:33,554 - root - INFO - 速度比设置成功
2025-09-30 17:18:33,554 - controller.robot_controller - INFO - 速度比设置为 0.49
2025-09-30 17:18:36,076 - root - INFO - 关节运动完成
2025-09-30 17:18:36,077 - controller.robot_controller - INFO - 运动到指定姿态完成
2025-09-30 17:18:37,724 - root - INFO - 速度比设置成功
2025-09-30 17:18:37,724 - controller.robot_controller - INFO - 速度比设置为 0.49
2025-09-30 17:18:40,246 - root - INFO - 关节运动完成
2025-09-30 17:18:40,246 - controller.robot_controller - INFO - 运动到指定姿态完成
2025-09-30 17:18:41,886 - root - INFO - 速度比设置成功
2025-09-30 17:18:41,886 - controller.robot_controller - INFO - 速度比设置为 0.49
2025-09-30 17:18:43,405 - root - INFO - 关节运动完成
2025-09-30 17:18:43,406 - controller.robot_controller - INFO - 运动到指定姿态完成
2025-09-30 17:18:45,053 - root - INFO - 速度比设置成功
2025-09-30 17:18:45,053 - controller.robot_controller - INFO - 速度比设置为 0.49
2025-09-30 17:18:46,070 - root - INFO - 关节运动完成
2025-09-30 17:18:46,070 - controller.robot_controller - INFO - 运动到指定姿态完成
2025-09-30 17:18:47,703 - root - INFO - 速度比设置成功
2025-09-30 17:18:47,703 - controller.robot_controller - INFO - 速度比设置为 0.49
2025-09-30 17:18:49,223 - root - INFO - 关节运动完成
2025-09-30 17:18:49,223 - controller.robot_controller - INFO - 运动到指定姿态完成
2025-09-30 17:18:50,866 - root - INFO - 速度比设置成功
2025-09-30 17:18:50,866 - controller.robot_controller - INFO - 速度比设置为 0.49
2025-09-30 17:18:52,389 - root - INFO - 关节运动完成
2025-09-30 17:18:52,390 - controller.robot_controller - INFO - 运动到指定姿态完成
2025-09-30 17:18:54,032 - root - INFO - 速度比设置成功
2025-09-30 17:18:54,033 - controller.robot_controller - INFO - 速度比设置为 0.49
2025-09-30 17:18:55,552 - root - INFO - 关节运动完成
2025-09-30 17:18:55,552 - controller.robot_controller - INFO - 运动到指定姿态完成
2025-09-30 17:18:57,187 - root - INFO - 速度比设置成功
2025-09-30 17:18:57,187 - controller.robot_controller - INFO - 速度比设置为 0.49
2025-09-30 17:18:59,213 - root - INFO - 关节运动完成
2025-09-30 17:18:59,213 - controller.robot_controller - INFO - 运动到指定姿态完成
2025-09-30 17:19:00,857 - root - INFO - 速度比设置成功
2025-09-30 17:19:00,858 - controller.robot_controller - INFO - 速度比设置为 0.49
2025-09-30 17:19:00,861 - controller.robot_controller - ERROR - 运动到指定姿态失败: 逆运动学解算失败: 运动学逆解失败，错误码: 20031
2025-09-30 17:19:02,493 - root - INFO - 速度比设置成功
2025-09-30 17:19:02,493 - controller.robot_controller - INFO - 速度比设置为 0.49
2025-09-30 17:19:03,511 - root - INFO - 关节运动完成
2025-09-30 17:19:03,511 - controller.robot_controller - INFO - 运动到指定姿态完成
2025-09-30 17:19:05,155 - root - INFO - 速度比设置成功
2025-09-30 17:19:05,155 - controller.robot_controller - INFO - 速度比设置为 0.49
2025-09-30 17:19:06,173 - root - INFO - 关节运动完成
2025-09-30 17:19:06,173 - controller.robot_controller - INFO - 运动到指定姿态完成
2025-09-30 17:19:07,806 - root - INFO - 速度比设置成功
2025-09-30 17:19:07,806 - controller.robot_controller - INFO - 速度比设置为 0.49
2025-09-30 17:19:09,325 - root - INFO - 关节运动完成
2025-09-30 17:19:09,325 - controller.robot_controller - INFO - 运动到指定姿态完成
2025-09-30 17:19:10,969 - root - INFO - 速度比设置成功
2025-09-30 17:19:10,969 - controller.robot_controller - INFO - 速度比设置为 0.49
2025-09-30 17:19:12,487 - root - INFO - 关节运动完成
2025-09-30 17:19:12,488 - controller.robot_controller - INFO - 运动到指定姿态完成
2025-09-30 17:19:14,143 - root - INFO - 速度比设置成功
2025-09-30 17:19:14,144 - controller.robot_controller - INFO - 速度比设置为 0.49
2025-09-30 17:19:16,665 - root - INFO - 关节运动完成
2025-09-30 17:19:16,665 - controller.robot_controller - INFO - 运动到指定姿态完成
2025-09-30 17:19:18,309 - root - INFO - 速度比设置成功
2025-09-30 17:19:18,309 - controller.robot_controller - INFO - 速度比设置为 0.49
2025-09-30 17:19:21,834 - root - INFO - 关节运动完成
2025-09-30 17:19:21,834 - controller.robot_controller - INFO - 运动到指定姿态完成
2025-09-30 17:19:23,479 - root - INFO - 速度比设置成功
2025-09-30 17:19:23,479 - controller.robot_controller - INFO - 速度比设置为 0.49
2025-09-30 17:19:26,502 - root - INFO - 关节运动完成
2025-09-30 17:19:26,502 - controller.robot_controller - INFO - 运动到指定姿态完成
2025-09-30 17:19:28,157 - root - INFO - 速度比设置成功
2025-09-30 17:19:28,157 - controller.robot_controller - INFO - 速度比设置为 0.49
2025-09-30 17:19:29,675 - root - INFO - 关节运动完成
2025-09-30 17:19:29,676 - controller.robot_controller - INFO - 运动到指定姿态完成
2025-09-30 17:19:31,332 - root - INFO - 速度比设置成功
2025-09-30 17:19:31,332 - controller.robot_controller - INFO - 速度比设置为 0.49
2025-09-30 17:19:32,349 - root - INFO - 关节运动完成
2025-09-30 17:19:32,350 - controller.robot_controller - INFO - 运动到指定姿态完成
2025-09-30 17:19:33,994 - root - INFO - 速度比设置成功
2025-09-30 17:19:33,994 - controller.robot_controller - INFO - 速度比设置为 0.49
2025-09-30 17:19:35,513 - root - INFO - 关节运动完成
2025-09-30 17:19:35,513 - controller.robot_controller - INFO - 运动到指定姿态完成
2025-09-30 17:19:37,165 - root - INFO - 速度比设置成功
2025-09-30 17:19:37,165 - controller.robot_controller - INFO - 速度比设置为 0.49
2025-09-30 17:19:38,684 - root - INFO - 关节运动完成
2025-09-30 17:19:38,684 - controller.robot_controller - INFO - 运动到指定姿态完成
2025-09-30 17:19:40,339 - root - INFO - 速度比设置成功
2025-09-30 17:19:40,340 - controller.robot_controller - INFO - 速度比设置为 0.49
2025-09-30 17:19:42,360 - root - INFO - 关节运动完成
2025-09-30 17:19:42,360 - controller.robot_controller - INFO - 运动到指定姿态完成
2025-09-30 17:19:44,002 - root - INFO - 速度比设置成功
2025-09-30 17:19:44,002 - controller.robot_controller - INFO - 速度比设置为 0.49
2025-09-30 17:19:46,523 - root - INFO - 关节运动完成
2025-09-30 17:19:46,524 - controller.robot_controller - INFO - 运动到指定姿态完成
2025-09-30 17:19:48,168 - root - INFO - 速度比设置成功
2025-09-30 17:19:48,168 - controller.robot_controller - INFO - 速度比设置为 0.49
2025-09-30 17:19:50,689 - root - INFO - 关节运动完成
2025-09-30 17:19:50,690 - controller.robot_controller - INFO - 运动到指定姿态完成
2025-09-30 17:19:52,342 - root - INFO - 速度比设置成功
2025-09-30 17:19:52,342 - controller.robot_controller - INFO - 速度比设置为 0.49
2025-09-30 17:19:53,861 - root - INFO - 关节运动完成
2025-09-30 17:19:53,861 - controller.robot_controller - INFO - 运动到指定姿态完成
2025-09-30 17:19:55,505 - root - INFO - 速度比设置成功
2025-09-30 17:19:55,505 - controller.robot_controller - INFO - 速度比设置为 0.49
2025-09-30 17:19:56,523 - root - INFO - 关节运动完成
2025-09-30 17:19:56,524 - controller.robot_controller - INFO - 运动到指定姿态完成
2025-09-30 17:19:58,163 - root - INFO - 速度比设置成功
2025-09-30 17:19:58,164 - controller.robot_controller - INFO - 速度比设置为 0.49
2025-09-30 17:19:59,683 - root - INFO - 关节运动完成
2025-09-30 17:19:59,683 - controller.robot_controller - INFO - 运动到指定姿态完成
2025-09-30 17:20:01,334 - root - INFO - 速度比设置成功
2025-09-30 17:20:01,334 - controller.robot_controller - INFO - 速度比设置为 0.49
2025-09-30 17:20:02,853 - root - INFO - 关节运动完成
2025-09-30 17:20:02,853 - controller.robot_controller - INFO - 运动到指定姿态完成
2025-09-30 17:20:04,497 - root - INFO - 速度比设置成功
2025-09-30 17:20:04,497 - controller.robot_controller - INFO - 速度比设置为 0.49
2025-09-30 17:20:06,516 - root - INFO - 关节运动完成
2025-09-30 17:20:06,517 - controller.robot_controller - INFO - 运动到指定姿态完成
2025-09-30 17:20:08,167 - root - INFO - 速度比设置成功
2025-09-30 17:20:08,167 - controller.robot_controller - INFO - 速度比设置为 0.49
2025-09-30 17:20:10,187 - root - INFO - 关节运动完成
2025-09-30 17:20:10,187 - controller.robot_controller - INFO - 运动到指定姿态完成
2025-09-30 17:20:11,841 - root - INFO - 速度比设置成功
2025-09-30 17:20:11,841 - controller.robot_controller - INFO - 速度比设置为 0.49
2025-09-30 17:20:14,364 - root - INFO - 关节运动完成
2025-09-30 17:20:14,364 - controller.robot_controller - INFO - 运动到指定姿态完成
2025-09-30 17:20:16,007 - root - INFO - 速度比设置成功
2025-09-30 17:20:16,007 - controller.robot_controller - INFO - 速度比设置为 0.49
2025-09-30 17:20:18,028 - root - INFO - 关节运动完成
2025-09-30 17:20:18,028 - controller.robot_controller - INFO - 运动到指定姿态完成
2025-09-30 17:20:19,674 - root - INFO - 速度比设置成功
2025-09-30 17:20:19,674 - controller.robot_controller - INFO - 速度比设置为 0.49
2025-09-30 17:20:20,691 - root - INFO - 关节运动完成
2025-09-30 17:20:20,691 - controller.robot_controller - INFO - 运动到指定姿态完成
2025-09-30 17:20:22,345 - root - INFO - 速度比设置成功
2025-09-30 17:20:22,345 - controller.robot_controller - INFO - 速度比设置为 0.49
2025-09-30 17:20:23,865 - root - INFO - 关节运动完成
2025-09-30 17:20:23,866 - controller.robot_controller - INFO - 运动到指定姿态完成
2025-09-30 17:20:25,507 - root - INFO - 速度比设置成功
2025-09-30 17:20:25,507 - controller.robot_controller - INFO - 速度比设置为 0.49
2025-09-30 17:20:27,026 - root - INFO - 关节运动完成
2025-09-30 17:20:27,027 - controller.robot_controller - INFO - 运动到指定姿态完成
2025-09-30 17:20:28,670 - root - INFO - 速度比设置成功
2025-09-30 17:20:28,670 - controller.robot_controller - INFO - 速度比设置为 0.49
2025-09-30 17:20:31,193 - root - INFO - 关节运动完成
2025-09-30 17:20:31,193 - controller.robot_controller - INFO - 运动到指定姿态完成
2025-09-30 17:20:32,844 - root - INFO - 速度比设置成功
2025-09-30 17:20:32,844 - controller.robot_controller - INFO - 速度比设置为 0.49
2025-09-30 17:20:35,365 - root - INFO - 关节运动完成
2025-09-30 17:20:35,366 - controller.robot_controller - INFO - 运动到指定姿态完成
2025-09-30 17:20:37,010 - root - INFO - 速度比设置成功
2025-09-30 17:20:37,010 - controller.robot_controller - INFO - 速度比设置为 0.49
2025-09-30 17:20:40,536 - root - INFO - 关节运动完成
2025-09-30 17:20:40,536 - controller.robot_controller - INFO - 运动到指定姿态完成
2025-09-30 17:20:42,180 - root - INFO - 速度比设置成功
2025-09-30 17:20:42,180 - controller.robot_controller - INFO - 速度比设置为 0.49
2025-09-30 17:20:43,203 - root - INFO - 关节运动完成
2025-09-30 17:20:43,204 - controller.robot_controller - INFO - 运动到指定姿态完成
2025-09-30 17:20:44,847 - root - INFO - 速度比设置成功
2025-09-30 17:20:44,847 - controller.robot_controller - INFO - 速度比设置为 0.49
2025-09-30 17:20:45,864 - root - INFO - 关节运动完成
2025-09-30 17:20:45,864 - controller.robot_controller - INFO - 运动到指定姿态完成
2025-09-30 17:20:47,509 - root - INFO - 速度比设置成功
2025-09-30 17:20:47,509 - controller.robot_controller - INFO - 速度比设置为 0.49
2025-09-30 17:20:49,028 - root - INFO - 关节运动完成
2025-09-30 17:20:49,029 - controller.robot_controller - INFO - 运动到指定姿态完成
2025-09-30 17:20:50,664 - root - INFO - 速度比设置成功
2025-09-30 17:20:50,664 - controller.robot_controller - INFO - 速度比设置为 0.49
2025-09-30 17:20:52,184 - root - INFO - 关节运动完成
2025-09-30 17:20:52,184 - controller.robot_controller - INFO - 运动到指定姿态完成
2025-09-30 17:20:53,838 - root - INFO - 速度比设置成功
2025-09-30 17:20:53,838 - controller.robot_controller - INFO - 速度比设置为 0.49
2025-09-30 17:20:58,366 - root - INFO - 关节运动完成
2025-09-30 17:20:58,366 - controller.robot_controller - INFO - 运动到指定姿态完成
2025-09-30 17:21:00,020 - root - INFO - 速度比设置成功
2025-09-30 17:21:00,020 - controller.robot_controller - INFO - 速度比设置为 0.49
2025-09-30 17:21:03,042 - root - INFO - 关节运动完成
2025-09-30 17:21:03,043 - controller.robot_controller - INFO - 运动到指定姿态完成
2025-09-30 17:21:04,686 - root - INFO - 速度比设置成功
2025-09-30 17:21:04,686 - controller.robot_controller - INFO - 速度比设置为 0.49
2025-09-30 17:21:07,207 - root - INFO - 关节运动完成
2025-09-30 17:21:07,207 - controller.robot_controller - INFO - 运动到指定姿态完成
2025-09-30 17:21:08,860 - root - INFO - 速度比设置成功
2025-09-30 17:21:08,860 - controller.robot_controller - INFO - 速度比设置为 0.49
2025-09-30 17:21:09,878 - root - INFO - 关节运动完成
2025-09-30 17:21:09,878 - controller.robot_controller - INFO - 运动到指定姿态完成
2025-09-30 17:21:11,535 - root - INFO - 速度比设置成功
2025-09-30 17:21:11,535 - controller.robot_controller - INFO - 速度比设置为 0.49
2025-09-30 17:21:12,552 - root - INFO - 关节运动完成
2025-09-30 17:21:12,552 - controller.robot_controller - INFO - 运动到指定姿态完成
2025-09-30 17:21:14,198 - root - INFO - 速度比设置成功
2025-09-30 17:21:14,198 - controller.robot_controller - INFO - 速度比设置为 0.49
2025-09-30 17:21:15,720 - root - INFO - 关节运动完成
2025-09-30 17:21:15,721 - controller.robot_controller - INFO - 运动到指定姿态完成
2025-09-30 17:21:17,364 - root - INFO - 速度比设置成功
2025-09-30 17:21:17,364 - controller.robot_controller - INFO - 速度比设置为 0.49
2025-09-30 17:21:18,883 - root - INFO - 关节运动完成
2025-09-30 17:21:18,883 - controller.robot_controller - INFO - 运动到指定姿态完成
2025-09-30 17:21:20,527 - root - INFO - 速度比设置成功
2025-09-30 17:21:20,527 - controller.robot_controller - INFO - 速度比设置为 0.49
2025-09-30 17:21:22,547 - root - INFO - 关节运动完成
2025-09-30 17:21:22,548 - controller.robot_controller - INFO - 运动到指定姿态完成
2025-09-30 17:21:24,189 - root - INFO - 速度比设置成功
2025-09-30 17:21:24,189 - controller.robot_controller - INFO - 速度比设置为 0.49
2025-09-30 17:21:26,209 - root - INFO - 关节运动完成
2025-09-30 17:21:26,209 - controller.robot_controller - INFO - 运动到指定姿态完成
2025-09-30 17:21:27,863 - root - INFO - 速度比设置成功
2025-09-30 17:21:27,864 - controller.robot_controller - INFO - 速度比设置为 0.49
2025-09-30 17:21:30,385 - root - INFO - 关节运动完成
2025-09-30 17:21:30,385 - controller.robot_controller - INFO - 运动到指定姿态完成
2025-09-30 17:21:33,016 - controller.realsense_controller - INFO - RealSense相机连接已断开
2025-09-30 17:21:33,022 - server.tcp_server - INFO - 客户端 client_40 资源已清理
2025-09-30 17:21:33,055 - root - INFO - 去使能指令发送成功，等待机器人进入去使能状态
2025-09-30 17:21:33,558 - root - INFO - 机器人已成功去使能
2025-09-30 17:21:33,558 - controller.robot_controller - INFO - 机器人已去使能
2025-09-30 17:21:33,559 - controller.robot_controller - INFO - 机器人连接已断开
2025-09-30 17:21:33,560 - server.tcp_server - INFO - 客户端 client_39 资源已清理
2025-09-30 17:25:08,061 - server.tcp_server - INFO - 新客户端连接: ('192.168.31.254', 51698)
2025-09-30 17:25:08,062 - server.tcp_server - INFO - 开始处理连接RealSense相机命令，客户端ID: client_41
2025-09-30 17:25:08,217 - controller.realsense_controller - INFO - 相机内参读取成功
2025-09-30 17:25:08,217 - controller.realsense_controller - INFO - RealSense相机连接成功
2025-09-30 17:25:08,217 - server.tcp_server - INFO - 返回成功响应: {"type": "response", "status": "success", "message": "RealSense相机连接成功", "data": {"connected": true}, "message_id": "msg_1_1759224308"}
2025-09-30 17:25:31,673 - controller.realsense_controller - INFO - RealSense相机连接已断开
2025-09-30 17:25:31,678 - server.tcp_server - INFO - 客户端 client_41 资源已清理
2025-09-30 17:32:49,009 - server.tcp_server - INFO - 新客户端连接: ('192.168.31.254', 47686)
2025-09-30 17:32:49,010 - server.tcp_server - INFO - 开始处理连接RealSense相机命令，客户端ID: client_42
2025-09-30 17:32:49,171 - controller.realsense_controller - INFO - 相机内参读取成功
2025-09-30 17:32:49,172 - controller.realsense_controller - INFO - RealSense相机连接成功
2025-09-30 17:32:49,172 - server.tcp_server - INFO - 返回成功响应: {"type": "response", "status": "success", "message": "RealSense相机连接成功", "data": {"connected": true}, "message_id": "msg_1_1759224769"}
2025-09-30 17:35:24,776 - controller.realsense_controller - INFO - RealSense相机连接已断开
2025-09-30 17:35:24,782 - server.tcp_server - INFO - 客户端 client_42 资源已清理
2025-09-30 17:37:57,774 - server.tcp_server - INFO - 新客户端连接: ('192.168.31.254', 49656)
2025-09-30 17:37:57,775 - server.tcp_server - INFO - 开始处理连接机器人命令，客户端ID: client_43
2025-09-30 17:37:57,775 - controller.robot_controller - INFO - 正在连接机器人 192.168.0.10:10003
2025-09-30 17:37:57,775 - controller.robot_controller - INFO - 机器人连接成功
2025-09-30 17:37:57,775 - server.tcp_server - INFO - 机器人连接结果: True
2025-09-30 17:37:57,775 - server.tcp_server - INFO - 返回成功响应: {"type": "response", "status": "success", "message": "机器人连接成功", "data": {"connected": true}, "message_id": "msg_1_1759225077"}
2025-09-30 17:37:57,776 - root - INFO - 机器人已处于使能状态
2025-09-30 17:37:57,776 - controller.robot_controller - INFO - 机器人已使能
2025-09-30 17:37:57,779 - controller.robot_controller - ERROR - 设置速度比失败: 机器人错误 20018: 设置速度比失败: command forbidden in this state{31---FreeDriver}
2025-09-30 17:37:59,782 - server.tcp_server - INFO - 新客户端连接: ('192.168.31.254', 49660)
2025-09-30 17:37:59,784 - server.tcp_server - INFO - 开始处理连接RealSense相机命令，客户端ID: client_44
2025-09-30 17:37:59,955 - controller.realsense_controller - INFO - 相机内参读取成功
2025-09-30 17:37:59,956 - controller.realsense_controller - INFO - RealSense相机连接成功
2025-09-30 17:37:59,956 - server.tcp_server - INFO - 返回成功响应: {"type": "response", "status": "success", "message": "RealSense相机连接成功", "data": {"connected": true}, "message_id": "msg_1_1759225079"}
2025-09-30 17:38:00,918 - controller.robot_controller - ERROR - 设置速度比失败: 机器人错误 20018: 设置速度比失败: command forbidden in this state{31---FreeDriver}
2025-09-30 17:38:02,566 - controller.robot_controller - ERROR - 设置速度比失败: 机器人错误 20018: 设置速度比失败: command forbidden in this state{31---FreeDriver}
2025-09-30 17:38:04,300 - controller.robot_controller - ERROR - 设置速度比失败: 机器人错误 20018: 设置速度比失败: command forbidden in this state{31---FreeDriver}
2025-09-30 17:38:06,043 - root - INFO - 速度比设置成功
2025-09-30 17:38:06,044 - controller.robot_controller - INFO - 速度比设置为 0.49
2025-09-30 17:38:08,064 - root - INFO - 关节运动完成
2025-09-30 17:38:08,065 - controller.robot_controller - INFO - 运动到指定姿态完成
2025-09-30 17:38:09,822 - root - INFO - 速度比设置成功
2025-09-30 17:38:09,822 - controller.robot_controller - INFO - 速度比设置为 0.49
2025-09-30 17:38:09,882 - server.tcp_server - INFO - 客户端 client_44 资源已清理
2025-09-30 17:38:12,845 - root - INFO - 关节运动完成
2025-09-30 17:38:12,845 - controller.robot_controller - INFO - 运动到指定姿态完成
2025-09-30 17:38:12,871 - root - INFO - 去使能指令发送成功，等待机器人进入去使能状态
2025-09-30 17:38:13,374 - root - INFO - 机器人已成功去使能
2025-09-30 17:38:13,374 - controller.robot_controller - INFO - 机器人已去使能
2025-09-30 17:38:13,374 - server.tcp_server - INFO - 客户端 client_43 的机器人已去使能
2025-09-30 17:38:13,374 - controller.robot_controller - INFO - 机器人连接已断开
2025-09-30 17:38:13,374 - server.tcp_server - INFO - 客户端 client_43 的机器人连接已断开
2025-09-30 17:38:13,374 - server.tcp_server - INFO - 客户端 client_43 资源已清理
2025-09-30 17:38:14,680 - server.tcp_server - INFO - 新客户端连接: ('192.168.31.254', 33714)
2025-09-30 17:38:14,680 - server.tcp_server - INFO - 开始处理连接机器人命令，客户端ID: client_45
2025-09-30 17:38:14,680 - controller.robot_controller - INFO - 正在连接机器人 192.168.0.10:10003
2025-09-30 17:38:14,680 - controller.robot_controller - INFO - 机器人连接成功
2025-09-30 17:38:14,680 - server.tcp_server - INFO - 机器人连接结果: True
2025-09-30 17:38:14,680 - server.tcp_server - INFO - 返回成功响应: {"type": "response", "status": "success", "message": "机器人连接成功", "data": {"connected": true}, "message_id": "msg_1_1759225094"}
2025-09-30 17:38:16,234 - root - INFO - 机器人已成功使能
2025-09-30 17:38:16,234 - controller.robot_controller - INFO - 机器人已使能
2025-09-30 17:38:16,240 - root - INFO - 速度比设置成功
2025-09-30 17:38:16,240 - controller.robot_controller - INFO - 速度比设置为 0.49
2025-09-30 17:38:18,265 - root - INFO - 关节运动完成
2025-09-30 17:38:18,265 - controller.robot_controller - INFO - 运动到指定姿态完成
2025-09-30 17:38:20,269 - server.tcp_server - INFO - 新客户端连接: ('192.168.31.254', 47706)
2025-09-30 17:38:20,270 - server.tcp_server - INFO - 开始处理连接RealSense相机命令，客户端ID: client_46
2025-09-30 17:38:20,518 - controller.realsense_controller - INFO - 相机内参读取成功
2025-09-30 17:38:20,518 - controller.realsense_controller - INFO - RealSense相机连接成功
2025-09-30 17:38:20,518 - server.tcp_server - INFO - 返回成功响应: {"type": "response", "status": "success", "message": "RealSense相机连接成功", "data": {"connected": true}, "message_id": "msg_1_1759225100"}
2025-09-30 17:38:21,713 - root - INFO - 速度比设置成功
2025-09-30 17:38:21,713 - controller.robot_controller - INFO - 速度比设置为 0.49
2025-09-30 17:38:22,731 - root - INFO - 关节运动完成
2025-09-30 17:38:22,732 - controller.robot_controller - INFO - 运动到指定姿态完成
2025-09-30 17:38:24,380 - root - INFO - 速度比设置成功
2025-09-30 17:38:24,380 - controller.robot_controller - INFO - 速度比设置为 0.49
2025-09-30 17:38:25,398 - root - INFO - 关节运动完成
2025-09-30 17:38:25,398 - controller.robot_controller - INFO - 运动到指定姿态完成
2025-09-30 17:38:27,047 - root - INFO - 速度比设置成功
2025-09-30 17:38:27,047 - controller.robot_controller - INFO - 速度比设置为 0.49
2025-09-30 17:38:28,567 - root - INFO - 关节运动完成
2025-09-30 17:38:28,567 - controller.robot_controller - INFO - 运动到指定姿态完成
2025-09-30 17:38:30,202 - root - INFO - 速度比设置成功
2025-09-30 17:38:30,202 - controller.robot_controller - INFO - 速度比设置为 0.49
2025-09-30 17:38:32,226 - root - INFO - 关节运动完成
2025-09-30 17:38:32,226 - controller.robot_controller - INFO - 运动到指定姿态完成
2025-09-30 17:38:33,864 - root - INFO - 速度比设置成功
2025-09-30 17:38:33,864 - controller.robot_controller - INFO - 速度比设置为 0.49
2025-09-30 17:38:36,890 - root - INFO - 关节运动完成
2025-09-30 17:38:36,891 - controller.robot_controller - INFO - 运动到指定姿态完成
2025-09-30 17:38:38,538 - root - INFO - 速度比设置成功
2025-09-30 17:38:38,538 - controller.robot_controller - INFO - 速度比设置为 0.49
2025-09-30 17:38:41,060 - root - INFO - 关节运动完成
2025-09-30 17:38:41,060 - controller.robot_controller - INFO - 运动到指定姿态完成
2025-09-30 17:38:42,697 - root - INFO - 速度比设置成功
2025-09-30 17:38:42,697 - controller.robot_controller - INFO - 速度比设置为 0.49
2025-09-30 17:38:43,717 - root - INFO - 关节运动完成
2025-09-30 17:38:43,717 - controller.robot_controller - INFO - 运动到指定姿态完成
2025-09-30 17:38:45,364 - root - INFO - 速度比设置成功
2025-09-30 17:38:45,364 - controller.robot_controller - INFO - 速度比设置为 0.49
2025-09-30 17:38:46,381 - root - INFO - 关节运动完成
2025-09-30 17:38:46,381 - controller.robot_controller - INFO - 运动到指定姿态完成
2025-09-30 17:38:48,031 - root - INFO - 速度比设置成功
2025-09-30 17:38:48,031 - controller.robot_controller - INFO - 速度比设置为 0.49
2025-09-30 17:38:49,550 - root - INFO - 关节运动完成
2025-09-30 17:38:49,550 - controller.robot_controller - INFO - 运动到指定姿态完成
2025-09-30 17:38:51,185 - root - INFO - 速度比设置成功
2025-09-30 17:38:51,185 - controller.robot_controller - INFO - 速度比设置为 0.49
2025-09-30 17:38:52,704 - root - INFO - 关节运动完成
2025-09-30 17:38:52,704 - controller.robot_controller - INFO - 运动到指定姿态完成
2025-09-30 17:38:54,360 - root - INFO - 速度比设置成功
2025-09-30 17:38:54,360 - controller.robot_controller - INFO - 速度比设置为 0.49
2025-09-30 17:38:56,380 - root - INFO - 关节运动完成
2025-09-30 17:38:56,380 - controller.robot_controller - INFO - 运动到指定姿态完成
2025-09-30 17:38:58,030 - root - INFO - 速度比设置成功
2025-09-30 17:38:58,031 - controller.robot_controller - INFO - 速度比设置为 0.49
2025-09-30 17:39:00,552 - root - INFO - 关节运动完成
2025-09-30 17:39:00,553 - controller.robot_controller - INFO - 运动到指定姿态完成
2025-09-30 17:39:02,189 - root - INFO - 速度比设置成功
2025-09-30 17:39:02,189 - controller.robot_controller - INFO - 速度比设置为 0.49
2025-09-30 17:39:04,710 - root - INFO - 关节运动完成
2025-09-30 17:39:04,711 - controller.robot_controller - INFO - 运动到指定姿态完成
2025-09-30 17:39:06,360 - root - INFO - 速度比设置成功
2025-09-30 17:39:06,360 - controller.robot_controller - INFO - 速度比设置为 0.49
2025-09-30 17:39:08,885 - root - INFO - 关节运动完成
2025-09-30 17:39:08,885 - controller.robot_controller - INFO - 运动到指定姿态完成
2025-09-30 17:39:10,538 - root - INFO - 速度比设置成功
2025-09-30 17:39:10,538 - controller.robot_controller - INFO - 速度比设置为 0.49
2025-09-30 17:39:11,558 - root - INFO - 关节运动完成
2025-09-30 17:39:11,558 - controller.robot_controller - INFO - 运动到指定姿态完成
2025-09-30 17:39:13,192 - root - INFO - 速度比设置成功
2025-09-30 17:39:13,192 - controller.robot_controller - INFO - 速度比设置为 0.49
2025-09-30 17:39:14,712 - root - INFO - 关节运动完成
2025-09-30 17:39:14,712 - controller.robot_controller - INFO - 运动到指定姿态完成
2025-09-30 17:39:16,368 - root - INFO - 速度比设置成功
2025-09-30 17:39:16,368 - controller.robot_controller - INFO - 速度比设置为 0.49
2025-09-30 17:39:17,886 - root - INFO - 关节运动完成
2025-09-30 17:39:17,886 - controller.robot_controller - INFO - 运动到指定姿态完成
2025-09-30 17:39:19,542 - root - INFO - 速度比设置成功
2025-09-30 17:39:19,542 - controller.robot_controller - INFO - 速度比设置为 0.49
2025-09-30 17:39:22,064 - root - INFO - 关节运动完成
2025-09-30 17:39:22,064 - controller.robot_controller - INFO - 运动到指定姿态完成
2025-09-30 17:39:23,704 - root - INFO - 速度比设置成功
2025-09-30 17:39:23,704 - controller.robot_controller - INFO - 速度比设置为 0.49
2025-09-30 17:39:27,229 - root - INFO - 关节运动完成
2025-09-30 17:39:27,229 - controller.robot_controller - INFO - 运动到指定姿态完成
2025-09-30 17:39:28,866 - root - INFO - 速度比设置成功
2025-09-30 17:39:28,866 - controller.robot_controller - INFO - 速度比设置为 0.49
2025-09-30 17:39:31,387 - root - INFO - 关节运动完成
2025-09-30 17:39:31,387 - controller.robot_controller - INFO - 运动到指定姿态完成
2025-09-30 17:39:33,044 - root - INFO - 速度比设置成功
2025-09-30 17:39:33,045 - controller.robot_controller - INFO - 速度比设置为 0.49
2025-09-30 17:39:34,062 - root - INFO - 关节运动完成
2025-09-30 17:39:34,062 - controller.robot_controller - INFO - 运动到指定姿态完成
2025-09-30 17:39:35,699 - root - INFO - 速度比设置成功
2025-09-30 17:39:35,699 - controller.robot_controller - INFO - 速度比设置为 0.49
2025-09-30 17:39:36,717 - root - INFO - 关节运动完成
2025-09-30 17:39:36,717 - controller.robot_controller - INFO - 运动到指定姿态完成
2025-09-30 17:39:38,362 - root - INFO - 速度比设置成功
2025-09-30 17:39:38,362 - controller.robot_controller - INFO - 速度比设置为 0.49
2025-09-30 17:39:39,382 - root - INFO - 关节运动完成
2025-09-30 17:39:39,382 - controller.robot_controller - INFO - 运动到指定姿态完成
2025-09-30 17:39:41,025 - root - INFO - 速度比设置成功
2025-09-30 17:39:41,025 - controller.robot_controller - INFO - 速度比设置为 0.49
2025-09-30 17:39:42,548 - root - INFO - 关节运动完成
2025-09-30 17:39:42,549 - controller.robot_controller - INFO - 运动到指定姿态完成
2025-09-30 17:39:44,185 - root - INFO - 速度比设置成功
2025-09-30 17:39:44,185 - controller.robot_controller - INFO - 速度比设置为 0.49
2025-09-30 17:39:46,209 - root - INFO - 关节运动完成
2025-09-30 17:39:46,210 - controller.robot_controller - INFO - 运动到指定姿态完成
2025-09-30 17:39:47,862 - root - INFO - 速度比设置成功
2025-09-30 17:39:47,862 - controller.robot_controller - INFO - 速度比设置为 0.49
2025-09-30 17:39:50,384 - root - INFO - 关节运动完成
2025-09-30 17:39:50,384 - controller.robot_controller - INFO - 运动到指定姿态完成
2025-09-30 17:39:52,029 - root - INFO - 速度比设置成功
2025-09-30 17:39:52,029 - controller.robot_controller - INFO - 速度比设置为 0.49
2025-09-30 17:39:54,049 - root - INFO - 关节运动完成
2025-09-30 17:39:54,049 - controller.robot_controller - INFO - 运动到指定姿态完成
2025-09-30 17:39:55,687 - root - INFO - 速度比设置成功
2025-09-30 17:39:55,688 - controller.robot_controller - INFO - 速度比设置为 0.49
2025-09-30 17:39:57,211 - root - INFO - 关节运动完成
2025-09-30 17:39:57,211 - controller.robot_controller - INFO - 运动到指定姿态完成
2025-09-30 17:39:58,854 - root - INFO - 速度比设置成功
2025-09-30 17:39:58,854 - controller.robot_controller - INFO - 速度比设置为 0.49
2025-09-30 17:39:59,871 - root - INFO - 关节运动完成
2025-09-30 17:39:59,872 - controller.robot_controller - INFO - 运动到指定姿态完成
2025-09-30 17:40:01,525 - root - INFO - 速度比设置成功
2025-09-30 17:40:01,525 - controller.robot_controller - INFO - 速度比设置为 0.49
2025-09-30 17:40:03,044 - root - INFO - 关节运动完成
2025-09-30 17:40:03,044 - controller.robot_controller - INFO - 运动到指定姿态完成
2025-09-30 17:40:04,680 - root - INFO - 速度比设置成功
2025-09-30 17:40:04,680 - controller.robot_controller - INFO - 速度比设置为 0.49
2025-09-30 17:40:06,198 - root - INFO - 关节运动完成
2025-09-30 17:40:06,199 - controller.robot_controller - INFO - 运动到指定姿态完成
2025-09-30 17:40:07,847 - root - INFO - 速度比设置成功
2025-09-30 17:40:07,847 - controller.robot_controller - INFO - 速度比设置为 0.49
2025-09-30 17:40:09,871 - root - INFO - 关节运动完成
2025-09-30 17:40:09,871 - controller.robot_controller - INFO - 运动到指定姿态完成
2025-09-30 17:40:11,509 - root - INFO - 速度比设置成功
2025-09-30 17:40:11,509 - controller.robot_controller - INFO - 速度比设置为 0.49
2025-09-30 17:40:14,536 - root - INFO - 关节运动完成
2025-09-30 17:40:14,536 - controller.robot_controller - INFO - 运动到指定姿态完成
2025-09-30 17:40:16,171 - root - INFO - 速度比设置成功
2025-09-30 17:40:16,171 - controller.robot_controller - INFO - 速度比设置为 0.49
2025-09-30 17:40:18,693 - root - INFO - 关节运动完成
2025-09-30 17:40:18,693 - controller.robot_controller - INFO - 运动到指定姿态完成
2025-09-30 17:40:20,342 - root - INFO - 速度比设置成功
2025-09-30 17:40:20,342 - controller.robot_controller - INFO - 速度比设置为 0.49
2025-09-30 17:40:21,865 - root - INFO - 关节运动完成
2025-09-30 17:40:21,865 - controller.robot_controller - INFO - 运动到指定姿态完成
2025-09-30 17:40:23,500 - root - INFO - 速度比设置成功
2025-09-30 17:40:23,500 - controller.robot_controller - INFO - 速度比设置为 0.49
2025-09-30 17:40:24,522 - root - INFO - 关节运动完成
2025-09-30 17:40:24,522 - controller.robot_controller - INFO - 运动到指定姿态完成
2025-09-30 17:40:26,167 - root - INFO - 速度比设置成功
2025-09-30 17:40:26,167 - controller.robot_controller - INFO - 速度比设置为 0.49
2025-09-30 17:40:27,687 - root - INFO - 关节运动完成
2025-09-30 17:40:27,687 - controller.robot_controller - INFO - 运动到指定姿态完成
2025-09-30 17:40:29,334 - root - INFO - 速度比设置成功
2025-09-30 17:40:29,334 - controller.robot_controller - INFO - 速度比设置为 0.49
2025-09-30 17:40:30,854 - root - INFO - 关节运动完成
2025-09-30 17:40:30,854 - controller.robot_controller - INFO - 运动到指定姿态完成
2025-09-30 17:40:32,497 - root - INFO - 速度比设置成功
2025-09-30 17:40:32,497 - controller.robot_controller - INFO - 速度比设置为 0.49
2025-09-30 17:40:34,521 - root - INFO - 关节运动完成
2025-09-30 17:40:34,521 - controller.robot_controller - INFO - 运动到指定姿态完成
2025-09-30 17:40:36,167 - root - INFO - 速度比设置成功
2025-09-30 17:40:36,167 - controller.robot_controller - INFO - 速度比设置为 0.49
2025-09-30 17:40:38,187 - root - INFO - 关节运动完成
2025-09-30 17:40:38,188 - controller.robot_controller - INFO - 运动到指定姿态完成
2025-09-30 17:40:39,830 - root - INFO - 速度比设置成功
2025-09-30 17:40:39,830 - controller.robot_controller - INFO - 速度比设置为 0.49
2025-09-30 17:40:42,853 - root - INFO - 关节运动完成
2025-09-30 17:40:42,853 - controller.robot_controller - INFO - 运动到指定姿态完成
2025-09-30 17:40:44,492 - root - INFO - 速度比设置成功
2025-09-30 17:40:44,492 - controller.robot_controller - INFO - 速度比设置为 0.49
2025-09-30 17:40:47,515 - root - INFO - 关节运动完成
2025-09-30 17:40:47,515 - controller.robot_controller - INFO - 运动到指定姿态完成
2025-09-30 17:40:49,162 - root - INFO - 速度比设置成功
2025-09-30 17:40:49,162 - controller.robot_controller - INFO - 速度比设置为 0.49
2025-09-30 17:40:50,179 - root - INFO - 关节运动完成
2025-09-30 17:40:50,179 - controller.robot_controller - INFO - 运动到指定姿态完成
2025-09-30 17:40:51,825 - root - INFO - 速度比设置成功
2025-09-30 17:40:51,825 - controller.robot_controller - INFO - 速度比设置为 0.49
2025-09-30 17:40:53,344 - root - INFO - 关节运动完成
2025-09-30 17:40:53,344 - controller.robot_controller - INFO - 运动到指定姿态完成
2025-09-30 17:40:54,988 - root - INFO - 速度比设置成功
2025-09-30 17:40:54,988 - controller.robot_controller - INFO - 速度比设置为 0.49
2025-09-30 17:40:56,511 - root - INFO - 关节运动完成
2025-09-30 17:40:56,511 - controller.robot_controller - INFO - 运动到指定姿态完成
2025-09-30 17:40:58,154 - root - INFO - 速度比设置成功
2025-09-30 17:40:58,154 - controller.robot_controller - INFO - 速度比设置为 0.49
2025-09-30 17:41:00,676 - root - INFO - 关节运动完成
2025-09-30 17:41:00,676 - controller.robot_controller - INFO - 运动到指定姿态完成
2025-09-30 17:41:02,325 - root - INFO - 速度比设置成功
2025-09-30 17:41:02,325 - controller.robot_controller - INFO - 速度比设置为 0.49
2025-09-30 17:41:04,846 - root - INFO - 关节运动完成
2025-09-30 17:41:04,846 - controller.robot_controller - INFO - 运动到指定姿态完成
2025-09-30 17:41:06,483 - root - INFO - 速度比设置成功
2025-09-30 17:41:06,483 - controller.robot_controller - INFO - 速度比设置为 0.49
2025-09-30 17:41:09,506 - root - INFO - 关节运动完成
2025-09-30 17:41:09,507 - controller.robot_controller - INFO - 运动到指定姿态完成
2025-09-30 17:41:11,157 - root - INFO - 速度比设置成功
2025-09-30 17:41:11,157 - controller.robot_controller - INFO - 速度比设置为 0.49
2025-09-30 17:41:12,174 - root - INFO - 关节运动完成
2025-09-30 17:41:12,175 - controller.robot_controller - INFO - 运动到指定姿态完成
2025-09-30 17:41:13,825 - root - INFO - 速度比设置成功
2025-09-30 17:41:13,825 - controller.robot_controller - INFO - 速度比设置为 0.49
2025-09-30 17:41:14,845 - root - INFO - 关节运动完成
2025-09-30 17:41:14,846 - controller.robot_controller - INFO - 运动到指定姿态完成
2025-09-30 17:41:16,483 - root - INFO - 速度比设置成功
2025-09-30 17:41:16,483 - controller.robot_controller - INFO - 速度比设置为 0.49
2025-09-30 17:41:18,002 - root - INFO - 关节运动完成
2025-09-30 17:41:18,003 - controller.robot_controller - INFO - 运动到指定姿态完成
2025-09-30 17:41:19,650 - root - INFO - 速度比设置成功
2025-09-30 17:41:19,650 - controller.robot_controller - INFO - 速度比设置为 0.49
2025-09-30 17:41:21,173 - root - INFO - 关节运动完成
2025-09-30 17:41:21,174 - controller.robot_controller - INFO - 运动到指定姿态完成
2025-09-30 17:41:22,808 - root - INFO - 速度比设置成功
2025-09-30 17:41:22,808 - controller.robot_controller - INFO - 速度比设置为 0.49
2025-09-30 17:41:27,339 - root - INFO - 关节运动完成
2025-09-30 17:41:27,339 - controller.robot_controller - INFO - 运动到指定姿态完成
2025-09-30 17:41:28,978 - root - INFO - 速度比设置成功
2025-09-30 17:41:28,978 - controller.robot_controller - INFO - 速度比设置为 0.49
2025-09-30 17:41:31,500 - root - INFO - 关节运动完成
2025-09-30 17:41:31,500 - controller.robot_controller - INFO - 运动到指定姿态完成
2025-09-30 17:41:33,145 - root - INFO - 速度比设置成功
2025-09-30 17:41:33,145 - controller.robot_controller - INFO - 速度比设置为 0.49
2025-09-30 17:41:35,671 - root - INFO - 关节运动完成
2025-09-30 17:41:35,671 - controller.robot_controller - INFO - 运动到指定姿态完成
2025-09-30 17:41:37,400 - controller.realsense_controller - INFO - RealSense相机连接已断开
2025-09-30 17:41:37,405 - server.tcp_server - INFO - 客户端 client_46 资源已清理
2025-09-30 17:41:37,432 - root - INFO - 去使能指令发送成功，等待机器人进入去使能状态
2025-09-30 17:41:37,935 - root - INFO - 机器人已成功去使能
2025-09-30 17:41:37,935 - controller.robot_controller - INFO - 机器人已去使能
2025-09-30 17:41:37,936 - controller.robot_controller - INFO - 机器人连接已断开
2025-09-30 17:41:37,937 - server.tcp_server - INFO - 客户端 client_45 资源已清理
2025-09-30 17:58:24,129 - server.tcp_server - INFO - 新客户端连接: ('192.168.31.254', 58522)
2025-09-30 17:58:24,130 - server.tcp_server - INFO - 开始处理连接机器人命令，客户端ID: client_47
2025-09-30 17:58:24,130 - controller.robot_controller - INFO - 正在连接机器人 192.168.0.10:10003
2025-09-30 17:58:24,134 - controller.robot_controller - INFO - 机器人连接成功
2025-09-30 17:58:24,134 - server.tcp_server - INFO - 机器人连接结果: True
2025-09-30 17:58:24,134 - server.tcp_server - INFO - 返回成功响应: {"type": "response", "status": "success", "message": "机器人连接成功", "data": {"connected": true}, "message_id": "msg_1_1759226304"}
2025-09-30 17:58:25,690 - root - INFO - 机器人已成功使能
2025-09-30 17:58:25,690 - controller.robot_controller - INFO - 机器人已使能
2025-09-30 17:58:25,723 - root - INFO - 去使能指令发送成功，等待机器人进入去使能状态
2025-09-30 17:58:26,226 - root - INFO - 机器人已成功去使能
2025-09-30 17:58:26,226 - controller.robot_controller - INFO - 机器人已去使能
2025-09-30 17:58:26,227 - controller.robot_controller - INFO - 机器人连接已断开
2025-09-30 17:58:26,228 - server.tcp_server - INFO - 客户端 client_47 资源已清理
2025-09-30 17:59:17,150 - server.tcp_server - INFO - 新客户端连接: ('192.168.31.254', 38152)
2025-09-30 17:59:17,150 - server.tcp_server - INFO - 开始处理连接机器人命令，客户端ID: client_48
2025-09-30 17:59:17,150 - controller.robot_controller - INFO - 正在连接机器人 192.168.0.10:10003
2025-09-30 17:59:17,150 - controller.robot_controller - INFO - 机器人连接成功
2025-09-30 17:59:17,151 - server.tcp_server - INFO - 机器人连接结果: True
2025-09-30 17:59:17,151 - server.tcp_server - INFO - 返回成功响应: {"type": "response", "status": "success", "message": "机器人连接成功", "data": {"connected": true}, "message_id": "msg_1_1759226357"}
2025-09-30 17:59:18,703 - root - INFO - 机器人已成功使能
2025-09-30 17:59:18,704 - controller.robot_controller - INFO - 机器人已使能
2025-09-30 17:59:18,734 - root - INFO - 去使能指令发送成功，等待机器人进入去使能状态
2025-09-30 17:59:19,237 - root - INFO - 机器人已成功去使能
2025-09-30 17:59:19,237 - controller.robot_controller - INFO - 机器人已去使能
2025-09-30 17:59:19,238 - controller.robot_controller - INFO - 机器人连接已断开
2025-09-30 17:59:19,239 - server.tcp_server - INFO - 客户端 client_48 资源已清理
2025-09-30 17:59:35,449 - server.tcp_server - INFO - 新客户端连接: ('192.168.31.254', 51344)
2025-09-30 17:59:35,449 - server.tcp_server - INFO - 开始处理连接机器人命令，客户端ID: client_49
2025-09-30 17:59:35,449 - controller.robot_controller - INFO - 正在连接机器人 192.168.0.10:10003
2025-09-30 17:59:35,449 - controller.robot_controller - INFO - 机器人连接成功
2025-09-30 17:59:35,449 - server.tcp_server - INFO - 机器人连接结果: True
2025-09-30 17:59:35,449 - server.tcp_server - INFO - 返回成功响应: {"type": "response", "status": "success", "message": "机器人连接成功", "data": {"connected": true}, "message_id": "msg_1_1759226375"}
2025-09-30 17:59:37,001 - root - INFO - 机器人已成功使能
2025-09-30 17:59:37,001 - controller.robot_controller - INFO - 机器人已使能
2025-09-30 17:59:45,041 - root - INFO - 关节运动完成
2025-09-30 17:59:45,041 - controller.robot_controller - INFO - 运动到指定关节位置完成
2025-09-30 17:59:45,076 - root - INFO - 去使能指令发送成功，等待机器人进入去使能状态
2025-09-30 17:59:45,578 - root - INFO - 机器人已成功去使能
2025-09-30 17:59:45,578 - controller.robot_controller - INFO - 机器人已去使能
2025-09-30 17:59:45,579 - controller.robot_controller - INFO - 机器人连接已断开
2025-09-30 17:59:45,580 - server.tcp_server - INFO - 客户端 client_49 资源已清理
2025-09-30 18:01:51,076 - server.tcp_server - INFO - 新客户端连接: ('192.168.31.254', 34102)
2025-09-30 18:01:51,076 - server.tcp_server - INFO - 开始处理连接RealSense相机命令，客户端ID: client_50
2025-09-30 18:01:51,227 - controller.realsense_controller - INFO - 相机内参读取成功
2025-09-30 18:01:51,228 - controller.realsense_controller - INFO - RealSense相机连接成功
2025-09-30 18:01:51,228 - server.tcp_server - INFO - 返回成功响应: {"type": "response", "status": "success", "message": "RealSense相机连接成功", "data": {"connected": true}, "message_id": "msg_1_1759226511"}
2025-09-30 18:01:51,898 - controller.realsense_controller - INFO - RealSense相机连接已断开
2025-09-30 18:01:51,899 - server.tcp_server - INFO - 客户端 client_50 资源已清理
2025-09-30 18:04:57,574 - server.tcp_server - INFO - 新客户端连接: ('192.168.31.254', 38066)
2025-09-30 18:04:57,575 - server.tcp_server - INFO - 开始处理连接机器人命令，客户端ID: client_51
2025-09-30 18:04:57,575 - controller.robot_controller - INFO - 正在连接机器人 192.168.0.10:10003
2025-09-30 18:04:57,575 - controller.robot_controller - INFO - 机器人连接成功
2025-09-30 18:04:57,575 - server.tcp_server - INFO - 机器人连接结果: True
2025-09-30 18:04:57,575 - server.tcp_server - INFO - 返回成功响应: {"type": "response", "status": "success", "message": "机器人连接成功", "data": {"connected": true}, "message_id": "msg_1_1759226697"}
2025-09-30 18:04:57,577 - root - INFO - 机器人已处于使能状态
2025-09-30 18:04:57,577 - controller.robot_controller - INFO - 机器人已使能
2025-09-30 18:05:01,604 - root - INFO - 关节运动完成
2025-09-30 18:05:01,604 - controller.robot_controller - INFO - 运动到指定关节位置完成
2025-09-30 18:05:01,637 - root - INFO - 去使能指令发送成功，等待机器人进入去使能状态
2025-09-30 18:05:02,140 - root - INFO - 机器人已成功去使能
2025-09-30 18:05:02,140 - controller.robot_controller - INFO - 机器人已去使能
2025-09-30 18:05:02,141 - controller.robot_controller - INFO - 机器人连接已断开
2025-09-30 18:05:02,142 - server.tcp_server - INFO - 客户端 client_51 资源已清理
2025-09-30 18:09:55,429 - server.tcp_server - INFO - 新客户端连接: ('192.168.31.254', 43948)
2025-09-30 18:09:55,430 - server.tcp_server - INFO - 开始处理连接机器人命令，客户端ID: client_52
2025-09-30 18:09:55,430 - controller.robot_controller - INFO - 正在连接机器人 192.168.0.10:10003
2025-09-30 18:09:55,430 - controller.robot_controller - INFO - 机器人连接成功
2025-09-30 18:09:55,430 - server.tcp_server - INFO - 机器人连接结果: True
2025-09-30 18:09:55,430 - server.tcp_server - INFO - 返回成功响应: {"type": "response", "status": "success", "message": "机器人连接成功", "data": {"connected": true}, "message_id": "msg_1_1759226995"}
2025-09-30 18:09:55,432 - root - INFO - 机器人已处于使能状态
2025-09-30 18:09:55,432 - controller.robot_controller - INFO - 机器人已使能
2025-09-30 18:09:58,958 - root - INFO - 关节运动完成
2025-09-30 18:09:58,958 - controller.robot_controller - INFO - 运动到指定关节位置完成
2025-09-30 18:09:58,991 - root - INFO - 去使能指令发送成功，等待机器人进入去使能状态
2025-09-30 18:09:59,493 - root - INFO - 机器人已成功去使能
2025-09-30 18:09:59,493 - controller.robot_controller - INFO - 机器人已去使能
2025-09-30 18:09:59,495 - controller.robot_controller - INFO - 机器人连接已断开
2025-09-30 18:09:59,495 - server.tcp_server - INFO - 客户端 client_52 资源已清理
2025-09-30 18:10:10,778 - server.tcp_server - INFO - 新客户端连接: ('192.168.31.254', 58244)
2025-09-30 18:10:10,778 - server.tcp_server - INFO - 开始处理连接机器人命令，客户端ID: client_53
2025-09-30 18:10:10,778 - controller.robot_controller - INFO - 正在连接机器人 192.168.0.10:10003
2025-09-30 18:10:10,782 - controller.robot_controller - INFO - 机器人连接成功
2025-09-30 18:10:10,782 - server.tcp_server - INFO - 机器人连接结果: True
2025-09-30 18:10:10,782 - server.tcp_server - INFO - 返回成功响应: {"type": "response", "status": "success", "message": "机器人连接成功", "data": {"connected": true}, "message_id": "msg_1_1759227010"}
2025-09-30 18:10:12,338 - root - INFO - 机器人已成功使能
2025-09-30 18:10:12,339 - controller.robot_controller - INFO - 机器人已使能
2025-09-30 18:10:12,856 - root - INFO - 关节运动完成
2025-09-30 18:10:12,856 - controller.robot_controller - INFO - 运动到指定关节位置完成
2025-09-30 18:10:12,889 - root - INFO - 去使能指令发送成功，等待机器人进入去使能状态
2025-09-30 18:10:13,392 - root - INFO - 机器人已成功去使能
2025-09-30 18:10:13,392 - controller.robot_controller - INFO - 机器人已去使能
2025-09-30 18:10:13,393 - controller.robot_controller - INFO - 机器人连接已断开
2025-09-30 18:10:13,394 - server.tcp_server - INFO - 客户端 client_53 资源已清理
2025-09-30 18:11:21,442 - server.tcp_server - INFO - 新客户端连接: ('192.168.31.254', 46870)
2025-09-30 18:11:21,442 - server.tcp_server - INFO - 开始处理连接机器人命令，客户端ID: client_54
2025-09-30 18:11:21,442 - controller.robot_controller - INFO - 正在连接机器人 192.168.0.10:10003
2025-09-30 18:11:21,442 - controller.robot_controller - INFO - 机器人连接成功
2025-09-30 18:11:21,442 - server.tcp_server - INFO - 机器人连接结果: True
2025-09-30 18:11:21,442 - server.tcp_server - INFO - 返回成功响应: {"type": "response", "status": "success", "message": "机器人连接成功", "data": {"connected": true}, "message_id": "msg_1_1759227081"}
2025-09-30 18:11:22,996 - root - INFO - 机器人已成功使能
2025-09-30 18:11:22,996 - controller.robot_controller - INFO - 机器人已使能
2025-09-30 18:11:23,516 - root - INFO - 关节运动完成
2025-09-30 18:11:23,516 - controller.robot_controller - INFO - 运动到指定关节位置完成
2025-09-30 18:11:23,549 - root - INFO - 去使能指令发送成功，等待机器人进入去使能状态
2025-09-30 18:11:24,052 - root - INFO - 机器人已成功去使能
2025-09-30 18:11:24,052 - controller.robot_controller - INFO - 机器人已去使能
2025-09-30 18:11:24,053 - controller.robot_controller - INFO - 机器人连接已断开
2025-09-30 18:11:24,054 - server.tcp_server - INFO - 客户端 client_54 资源已清理
2025-09-30 18:11:28,900 - server.tcp_server - INFO - 新客户端连接: ('192.168.31.254', 42076)
2025-09-30 18:11:28,900 - server.tcp_server - INFO - 开始处理连接机器人命令，客户端ID: client_55
2025-09-30 18:11:28,900 - controller.robot_controller - INFO - 正在连接机器人 192.168.0.10:10003
2025-09-30 18:11:28,901 - controller.robot_controller - INFO - 机器人连接成功
2025-09-30 18:11:28,901 - server.tcp_server - INFO - 机器人连接结果: True
2025-09-30 18:11:28,901 - server.tcp_server - INFO - 返回成功响应: {"type": "response", "status": "success", "message": "机器人连接成功", "data": {"connected": true}, "message_id": "msg_1_1759227088"}
2025-09-30 18:11:30,457 - root - INFO - 机器人已成功使能
2025-09-30 18:11:30,457 - controller.robot_controller - INFO - 机器人已使能
2025-09-30 18:11:30,977 - root - INFO - 关节运动完成
2025-09-30 18:11:30,977 - controller.robot_controller - INFO - 运动到指定关节位置完成
2025-09-30 18:11:31,010 - root - INFO - 去使能指令发送成功，等待机器人进入去使能状态
2025-09-30 18:11:31,513 - root - INFO - 机器人已成功去使能
2025-09-30 18:11:31,513 - controller.robot_controller - INFO - 机器人已去使能
2025-09-30 18:11:31,514 - controller.robot_controller - INFO - 机器人连接已断开
2025-09-30 18:11:31,515 - server.tcp_server - INFO - 客户端 client_55 资源已清理
2025-09-30 18:11:43,897 - server.tcp_server - INFO - 新客户端连接: ('192.168.31.254', 37996)
2025-09-30 18:11:43,897 - server.tcp_server - INFO - 开始处理连接机器人命令，客户端ID: client_56
2025-09-30 18:11:43,897 - controller.robot_controller - INFO - 正在连接机器人 192.168.0.10:10003
2025-09-30 18:11:43,897 - controller.robot_controller - INFO - 机器人连接成功
2025-09-30 18:11:43,897 - server.tcp_server - INFO - 机器人连接结果: True
2025-09-30 18:11:43,897 - server.tcp_server - INFO - 返回成功响应: {"type": "response", "status": "success", "message": "机器人连接成功", "data": {"connected": true}, "message_id": "msg_1_1759227103"}
2025-09-30 18:11:45,452 - root - INFO - 机器人已成功使能
2025-09-30 18:11:45,452 - controller.robot_controller - INFO - 机器人已使能
2025-09-30 18:11:45,971 - root - INFO - 关节运动完成
2025-09-30 18:11:45,971 - controller.robot_controller - INFO - 运动到指定关节位置完成
2025-09-30 18:11:46,004 - root - INFO - 去使能指令发送成功，等待机器人进入去使能状态
2025-09-30 18:11:46,506 - root - INFO - 机器人已成功去使能
2025-09-30 18:11:46,507 - controller.robot_controller - INFO - 机器人已去使能
2025-09-30 18:11:46,508 - controller.robot_controller - INFO - 机器人连接已断开
2025-09-30 18:11:46,508 - server.tcp_server - INFO - 客户端 client_56 资源已清理
2025-09-30 18:11:50,032 - server.tcp_server - INFO - 新客户端连接: ('192.168.31.254', 47394)
2025-09-30 18:11:50,036 - server.tcp_server - INFO - 开始处理连接机器人命令，客户端ID: client_57
2025-09-30 18:11:50,036 - controller.robot_controller - INFO - 正在连接机器人 192.168.0.10:10003
2025-09-30 18:11:50,036 - controller.robot_controller - INFO - 机器人连接成功
2025-09-30 18:11:50,036 - server.tcp_server - INFO - 机器人连接结果: True
2025-09-30 18:11:50,036 - server.tcp_server - INFO - 返回成功响应: {"type": "response", "status": "success", "message": "机器人连接成功", "data": {"connected": true}, "message_id": "msg_1_1759227110"}
2025-09-30 18:11:51,593 - root - INFO - 机器人已成功使能
2025-09-30 18:11:51,594 - controller.robot_controller - INFO - 机器人已使能
2025-09-30 18:11:52,113 - root - INFO - 关节运动完成
2025-09-30 18:11:52,113 - controller.robot_controller - INFO - 运动到指定关节位置完成
2025-09-30 18:11:52,145 - root - INFO - 去使能指令发送成功，等待机器人进入去使能状态
2025-09-30 18:11:52,648 - root - INFO - 机器人已成功去使能
2025-09-30 18:11:52,648 - controller.robot_controller - INFO - 机器人已去使能
2025-09-30 18:11:52,649 - controller.robot_controller - INFO - 机器人连接已断开
2025-09-30 18:11:52,650 - server.tcp_server - INFO - 客户端 client_57 资源已清理
2025-09-30 18:12:08,118 - server.tcp_server - INFO - 新客户端连接: ('192.168.31.254', 38490)
2025-09-30 18:12:08,118 - server.tcp_server - INFO - 开始处理连接机器人命令，客户端ID: client_58
2025-09-30 18:12:08,118 - controller.robot_controller - INFO - 正在连接机器人 192.168.0.10:10003
2025-09-30 18:12:08,119 - controller.robot_controller - INFO - 机器人连接成功
2025-09-30 18:12:08,119 - server.tcp_server - INFO - 机器人连接结果: True
2025-09-30 18:12:08,119 - server.tcp_server - INFO - 返回成功响应: {"type": "response", "status": "success", "message": "机器人连接成功", "data": {"connected": true}, "message_id": "msg_1_1759227128"}
2025-09-30 18:12:09,672 - root - INFO - 机器人已成功使能
2025-09-30 18:12:09,672 - controller.robot_controller - INFO - 机器人已使能
2025-09-30 18:12:10,193 - root - INFO - 关节运动完成
2025-09-30 18:12:10,194 - controller.robot_controller - INFO - 运动到指定关节位置完成
2025-09-30 18:12:10,226 - root - INFO - 去使能指令发送成功，等待机器人进入去使能状态
2025-09-30 18:12:10,729 - root - INFO - 机器人已成功去使能
2025-09-30 18:12:10,729 - controller.robot_controller - INFO - 机器人已去使能
2025-09-30 18:12:10,730 - controller.robot_controller - INFO - 机器人连接已断开
2025-09-30 18:12:10,730 - server.tcp_server - INFO - 客户端 client_58 资源已清理
2025-09-30 18:13:26,896 - server.tcp_server - INFO - 新客户端连接: ('192.168.31.254', 43926)
2025-09-30 18:13:26,896 - server.tcp_server - INFO - 开始处理连接机器人命令，客户端ID: client_59
2025-09-30 18:13:26,896 - controller.robot_controller - INFO - 正在连接机器人 192.168.0.10:10003
2025-09-30 18:13:26,897 - controller.robot_controller - INFO - 机器人连接成功
2025-09-30 18:13:26,897 - server.tcp_server - INFO - 机器人连接结果: True
2025-09-30 18:13:26,897 - server.tcp_server - INFO - 返回成功响应: {"type": "response", "status": "success", "message": "机器人连接成功", "data": {"connected": true}, "message_id": "msg_1_1759227206"}
2025-09-30 18:13:28,448 - root - INFO - 机器人已成功使能
2025-09-30 18:13:28,448 - controller.robot_controller - INFO - 机器人已使能
2025-09-30 18:13:28,966 - root - INFO - 关节运动完成
2025-09-30 18:13:28,966 - controller.robot_controller - INFO - 运动到指定关节位置完成
2025-09-30 18:13:28,999 - root - INFO - 去使能指令发送成功，等待机器人进入去使能状态
2025-09-30 18:13:29,501 - root - INFO - 机器人已成功去使能
2025-09-30 18:13:29,502 - controller.robot_controller - INFO - 机器人已去使能
2025-09-30 18:13:29,503 - controller.robot_controller - INFO - 机器人连接已断开
2025-09-30 18:13:29,504 - server.tcp_server - INFO - 客户端 client_59 资源已清理
2025-09-30 18:15:44,642 - server.tcp_server - INFO - 新客户端连接: ('192.168.31.254', 54296)
2025-09-30 18:15:44,643 - server.tcp_server - INFO - 开始处理连接机器人命令，客户端ID: client_60
2025-09-30 18:15:44,643 - controller.robot_controller - INFO - 正在连接机器人 192.168.0.10:10003
2025-09-30 18:15:44,643 - controller.robot_controller - INFO - 机器人连接成功
2025-09-30 18:15:44,643 - server.tcp_server - INFO - 机器人连接结果: True
2025-09-30 18:15:44,643 - server.tcp_server - INFO - 返回成功响应: {"type": "response", "status": "success", "message": "机器人连接成功", "data": {"connected": true}, "message_id": "msg_1_1759227344"}
2025-09-30 18:15:46,198 - root - INFO - 机器人已成功使能
2025-09-30 18:15:46,198 - controller.robot_controller - INFO - 机器人已使能
2025-09-30 18:15:46,715 - root - INFO - 关节运动完成
2025-09-30 18:15:46,716 - controller.robot_controller - INFO - 运动到指定关节位置完成
2025-09-30 18:15:46,748 - root - INFO - 去使能指令发送成功，等待机器人进入去使能状态
2025-09-30 18:15:47,251 - root - INFO - 机器人已成功去使能
2025-09-30 18:15:47,251 - controller.robot_controller - INFO - 机器人已去使能
2025-09-30 18:15:47,252 - controller.robot_controller - INFO - 机器人连接已断开
2025-09-30 18:15:47,253 - server.tcp_server - INFO - 客户端 client_60 资源已清理
2025-09-30 18:16:07,076 - server.tcp_server - INFO - 新客户端连接: ('192.168.31.254', 46328)
2025-09-30 18:16:07,076 - server.tcp_server - INFO - 开始处理连接机器人命令，客户端ID: client_61
2025-09-30 18:16:07,076 - controller.robot_controller - INFO - 正在连接机器人 192.168.0.10:10003
2025-09-30 18:16:07,077 - controller.robot_controller - INFO - 机器人连接成功
2025-09-30 18:16:07,077 - server.tcp_server - INFO - 机器人连接结果: True
2025-09-30 18:16:07,077 - server.tcp_server - INFO - 返回成功响应: {"type": "response", "status": "success", "message": "机器人连接成功", "data": {"connected": true}, "message_id": "msg_1_1759227367"}
2025-09-30 18:16:08,629 - root - INFO - 机器人已成功使能
2025-09-30 18:16:08,629 - controller.robot_controller - INFO - 机器人已使能
2025-09-30 18:16:09,147 - root - INFO - 关节运动完成
2025-09-30 18:16:09,147 - controller.robot_controller - INFO - 运动到指定关节位置完成
2025-09-30 18:16:09,183 - root - INFO - 去使能指令发送成功，等待机器人进入去使能状态
2025-09-30 18:16:09,686 - root - INFO - 机器人已成功去使能
2025-09-30 18:16:09,686 - controller.robot_controller - INFO - 机器人已去使能
2025-09-30 18:16:09,687 - controller.robot_controller - INFO - 机器人连接已断开
2025-09-30 18:16:09,688 - server.tcp_server - INFO - 客户端 client_61 资源已清理
2025-09-30 18:17:58,095 - server.tcp_server - INFO - 新客户端连接: ('192.168.31.254', 33984)
2025-09-30 18:17:58,095 - server.tcp_server - INFO - 开始处理连接机器人命令，客户端ID: client_62
2025-09-30 18:17:58,095 - controller.robot_controller - INFO - 正在连接机器人 192.168.0.10:10003
2025-09-30 18:17:58,095 - controller.robot_controller - INFO - 机器人连接成功
2025-09-30 18:17:58,095 - server.tcp_server - INFO - 机器人连接结果: True
2025-09-30 18:17:58,095 - server.tcp_server - INFO - 返回成功响应: {"type": "response", "status": "success", "message": "机器人连接成功", "data": {"connected": true}, "message_id": "msg_1_1759227478"}
2025-09-30 18:17:59,650 - root - INFO - 机器人已成功使能
2025-09-30 18:17:59,650 - controller.robot_controller - INFO - 机器人已使能
2025-09-30 18:18:00,171 - root - INFO - 关节运动完成
2025-09-30 18:18:00,171 - controller.robot_controller - INFO - 运动到指定关节位置完成
2025-09-30 18:18:00,203 - root - INFO - 去使能指令发送成功，等待机器人进入去使能状态
2025-09-30 18:18:00,705 - root - INFO - 机器人已成功去使能
2025-09-30 18:18:00,706 - controller.robot_controller - INFO - 机器人已去使能
2025-09-30 18:18:00,707 - controller.robot_controller - INFO - 机器人连接已断开
2025-09-30 18:18:00,708 - server.tcp_server - INFO - 客户端 client_62 资源已清理
2025-09-30 18:18:16,914 - server.tcp_server - INFO - 新客户端连接: ('192.168.31.254', 49328)
2025-09-30 18:18:16,915 - server.tcp_server - INFO - 开始处理连接机器人命令，客户端ID: client_63
2025-09-30 18:18:16,915 - controller.robot_controller - INFO - 正在连接机器人 192.168.0.10:10003
2025-09-30 18:18:16,915 - controller.robot_controller - INFO - 机器人连接成功
2025-09-30 18:18:16,915 - server.tcp_server - INFO - 机器人连接结果: True
2025-09-30 18:18:16,915 - server.tcp_server - INFO - 返回成功响应: {"type": "response", "status": "success", "message": "机器人连接成功", "data": {"connected": true}, "message_id": "msg_1_1759227496"}
2025-09-30 18:18:18,469 - root - INFO - 机器人已成功使能
2025-09-30 18:18:18,469 - controller.robot_controller - INFO - 机器人已使能
2025-09-30 18:18:18,990 - root - INFO - 关节运动完成
2025-09-30 18:18:18,991 - controller.robot_controller - INFO - 运动到指定关节位置完成
2025-09-30 18:18:19,023 - root - INFO - 去使能指令发送成功，等待机器人进入去使能状态
2025-09-30 18:18:19,526 - root - INFO - 机器人已成功去使能
2025-09-30 18:18:19,526 - controller.robot_controller - INFO - 机器人已去使能
2025-09-30 18:18:19,527 - controller.robot_controller - INFO - 机器人连接已断开
2025-09-30 18:18:19,528 - server.tcp_server - INFO - 客户端 client_63 资源已清理
2025-09-30 18:19:24,306 - server.tcp_server - INFO - 新客户端连接: ('192.168.31.254', 49664)
2025-09-30 18:19:24,306 - server.tcp_server - INFO - 开始处理连接机器人命令，客户端ID: client_64
2025-09-30 18:19:24,306 - controller.robot_controller - INFO - 正在连接机器人 192.168.0.10:10003
2025-09-30 18:19:24,306 - controller.robot_controller - INFO - 机器人连接成功
2025-09-30 18:19:24,306 - server.tcp_server - INFO - 机器人连接结果: True
2025-09-30 18:19:24,306 - server.tcp_server - INFO - 返回成功响应: {"type": "response", "status": "success", "message": "机器人连接成功", "data": {"connected": true}, "message_id": "msg_1_1759227564"}
2025-09-30 18:19:25,859 - root - INFO - 机器人已成功使能
2025-09-30 18:19:25,859 - controller.robot_controller - INFO - 机器人已使能
2025-09-30 18:19:26,379 - root - INFO - 关节运动完成
2025-09-30 18:19:26,379 - controller.robot_controller - INFO - 运动到指定关节位置完成
2025-09-30 18:19:26,413 - root - INFO - 去使能指令发送成功，等待机器人进入去使能状态
2025-09-30 18:19:26,916 - root - INFO - 机器人已成功去使能
2025-09-30 18:19:26,916 - controller.robot_controller - INFO - 机器人已去使能
2025-09-30 18:19:26,917 - controller.robot_controller - INFO - 机器人连接已断开
2025-09-30 18:19:26,918 - server.tcp_server - INFO - 客户端 client_64 资源已清理
2025-09-30 18:20:00,860 - server.tcp_server - INFO - 新客户端连接: ('192.168.31.254', 53522)
2025-09-30 18:20:00,861 - server.tcp_server - INFO - 开始处理连接机器人命令，客户端ID: client_65
2025-09-30 18:20:00,861 - controller.robot_controller - INFO - 正在连接机器人 192.168.0.10:10003
2025-09-30 18:20:00,861 - controller.robot_controller - INFO - 机器人连接成功
2025-09-30 18:20:00,861 - server.tcp_server - INFO - 机器人连接结果: True
2025-09-30 18:20:00,861 - server.tcp_server - INFO - 返回成功响应: {"type": "response", "status": "success", "message": "机器人连接成功", "data": {"connected": true}, "message_id": "msg_1_1759227600"}
2025-09-30 18:20:02,415 - root - INFO - 机器人已成功使能
2025-09-30 18:20:02,416 - controller.robot_controller - INFO - 机器人已使能
2025-09-30 18:20:02,933 - root - INFO - 关节运动完成
2025-09-30 18:20:02,934 - controller.robot_controller - INFO - 运动到指定关节位置完成
2025-09-30 18:20:02,966 - root - INFO - 去使能指令发送成功，等待机器人进入去使能状态
2025-09-30 18:20:03,468 - root - INFO - 机器人已成功去使能
2025-09-30 18:20:03,468 - controller.robot_controller - INFO - 机器人已去使能
2025-09-30 18:20:03,469 - controller.robot_controller - INFO - 机器人连接已断开
2025-09-30 18:20:03,470 - server.tcp_server - INFO - 客户端 client_65 资源已清理
2025-09-30 18:20:43,938 - server.tcp_server - INFO - 新客户端连接: ('192.168.31.254', 42128)
2025-09-30 18:20:43,940 - server.tcp_server - INFO - 开始处理连接机器人命令，客户端ID: client_66
2025-09-30 18:20:43,940 - controller.robot_controller - INFO - 正在连接机器人 192.168.0.10:10003
2025-09-30 18:20:43,940 - controller.robot_controller - INFO - 机器人连接成功
2025-09-30 18:20:43,940 - server.tcp_server - INFO - 机器人连接结果: True
2025-09-30 18:20:43,940 - server.tcp_server - INFO - 返回成功响应: {"type": "response", "status": "success", "message": "机器人连接成功", "data": {"connected": true}, "message_id": "msg_1_1759227643"}
2025-09-30 18:20:45,494 - root - INFO - 机器人已成功使能
2025-09-30 18:20:45,494 - controller.robot_controller - INFO - 机器人已使能
2025-09-30 18:20:46,016 - root - INFO - 关节运动完成
2025-09-30 18:20:46,016 - controller.robot_controller - INFO - 运动到指定关节位置完成
2025-09-30 18:20:46,053 - root - INFO - 去使能指令发送成功，等待机器人进入去使能状态
2025-09-30 18:20:46,556 - root - INFO - 机器人已成功去使能
2025-09-30 18:20:46,556 - controller.robot_controller - INFO - 机器人已去使能
2025-09-30 18:20:46,558 - controller.robot_controller - INFO - 机器人连接已断开
2025-09-30 18:20:46,559 - server.tcp_server - INFO - 客户端 client_66 资源已清理
2025-09-30 18:20:52,472 - server.tcp_server - INFO - 新客户端连接: ('192.168.31.254', 53256)
2025-09-30 18:20:52,473 - server.tcp_server - INFO - 开始处理连接机器人命令，客户端ID: client_67
2025-09-30 18:20:52,473 - controller.robot_controller - INFO - 正在连接机器人 192.168.0.10:10003
2025-09-30 18:20:52,473 - controller.robot_controller - INFO - 机器人连接成功
2025-09-30 18:20:52,473 - server.tcp_server - INFO - 机器人连接结果: True
2025-09-30 18:20:52,473 - server.tcp_server - INFO - 返回成功响应: {"type": "response", "status": "success", "message": "机器人连接成功", "data": {"connected": true}, "message_id": "msg_1_1759227652"}
2025-09-30 18:20:54,027 - root - INFO - 机器人已成功使能
2025-09-30 18:20:54,027 - controller.robot_controller - INFO - 机器人已使能
2025-09-30 18:20:54,544 - root - INFO - 关节运动完成
2025-09-30 18:20:54,545 - controller.robot_controller - INFO - 运动到指定关节位置完成
2025-09-30 18:26:45,071 - root - INFO - 去使能指令发送成功，等待机器人进入去使能状态
2025-09-30 18:26:45,574 - root - INFO - 机器人已成功去使能
2025-09-30 18:26:45,574 - controller.robot_controller - INFO - 机器人已去使能
2025-09-30 18:26:45,574 - server.tcp_server - INFO - 客户端 client_67 的机器人已去使能
2025-09-30 18:26:45,574 - controller.robot_controller - INFO - 机器人连接已断开
2025-09-30 18:26:45,574 - server.tcp_server - INFO - 客户端 client_67 的机器人连接已断开
2025-09-30 18:26:45,574 - server.tcp_server - INFO - 客户端 client_67 资源已清理
2025-09-30 18:27:13,984 - server.tcp_server - INFO - 新客户端连接: ('192.168.31.254', 46608)
2025-09-30 18:27:13,985 - server.tcp_server - INFO - 开始处理连接RealSense相机命令，客户端ID: client_68
2025-09-30 18:27:14,139 - controller.realsense_controller - INFO - 相机内参读取成功
2025-09-30 18:27:14,139 - controller.realsense_controller - INFO - RealSense相机连接成功
2025-09-30 18:27:14,139 - server.tcp_server - INFO - 返回成功响应: {"type": "response", "status": "success", "message": "RealSense相机连接成功", "data": {"connected": true}, "message_id": "msg_1_1759228033"}
2025-09-30 18:27:14,870 - controller.realsense_controller - INFO - RealSense相机连接已断开
2025-09-30 18:27:14,870 - server.tcp_server - INFO - 客户端 client_68 资源已清理
2025-09-30 18:28:22,484 - server.tcp_server - INFO - 新客户端连接: ('192.168.31.254', 40100)
2025-09-30 18:28:22,486 - server.tcp_server - INFO - 开始处理连接RealSense相机命令，客户端ID: client_69
2025-09-30 18:28:22,638 - controller.realsense_controller - INFO - 相机内参读取成功
2025-09-30 18:28:22,639 - controller.realsense_controller - INFO - RealSense相机连接成功
2025-09-30 18:28:22,639 - server.tcp_server - INFO - 返回成功响应: {"type": "response", "status": "success", "message": "RealSense相机连接成功", "data": {"connected": true}, "message_id": "msg_1_1759228102"}
2025-09-30 18:28:25,079 - controller.realsense_controller - INFO - RealSense相机连接已断开
2025-09-30 18:28:25,080 - server.tcp_server - INFO - 客户端 client_69 资源已清理
2025-09-30 18:29:04,999 - server.tcp_server - INFO - 新客户端连接: ('192.168.31.254', 47860)
2025-09-30 18:29:05,000 - server.tcp_server - INFO - 开始处理连接RealSense相机命令，客户端ID: client_70
2025-09-30 18:29:05,160 - controller.realsense_controller - INFO - 相机内参读取成功
2025-09-30 18:29:05,160 - controller.realsense_controller - INFO - RealSense相机连接成功
2025-09-30 18:29:05,160 - server.tcp_server - INFO - 返回成功响应: {"type": "response", "status": "success", "message": "RealSense相机连接成功", "data": {"connected": true}, "message_id": "msg_1_1759228145"}
2025-09-30 18:29:05,882 - controller.realsense_controller - INFO - RealSense相机连接已断开
2025-09-30 18:29:05,883 - server.tcp_server - INFO - 客户端 client_70 资源已清理
2025-09-30 18:32:15,530 - server.tcp_server - INFO - 新客户端连接: ('192.168.31.254', 39438)
2025-09-30 18:32:15,530 - server.tcp_server - INFO - 开始处理连接机器人命令，客户端ID: client_71
2025-09-30 18:32:15,530 - controller.robot_controller - INFO - 正在连接机器人 192.168.0.10:10003
2025-09-30 18:32:15,530 - controller.robot_controller - INFO - 机器人连接成功
2025-09-30 18:32:15,530 - server.tcp_server - INFO - 机器人连接结果: True
2025-09-30 18:32:15,530 - server.tcp_server - INFO - 返回成功响应: {"type": "response", "status": "success", "message": "机器人连接成功", "data": {"connected": true}, "message_id": "msg_1_1759228335"}
2025-09-30 18:32:17,084 - root - INFO - 机器人已成功使能
2025-09-30 18:32:17,084 - controller.robot_controller - INFO - 机器人已使能
2025-09-30 18:32:17,605 - root - INFO - 关节运动完成
2025-09-30 18:32:17,605 - controller.robot_controller - INFO - 运动到指定关节位置完成
2025-09-30 18:32:17,639 - root - INFO - 去使能指令发送成功，等待机器人进入去使能状态
2025-09-30 18:32:18,142 - root - INFO - 机器人已成功去使能
2025-09-30 18:32:18,142 - controller.robot_controller - INFO - 机器人已去使能
2025-09-30 18:32:18,143 - controller.robot_controller - INFO - 机器人连接已断开
2025-09-30 18:32:18,144 - server.tcp_server - INFO - 客户端 client_71 资源已清理
2025-09-30 18:40:10,604 - server.tcp_server - INFO - 新客户端连接: ('192.168.31.254', 58006)
2025-09-30 18:40:10,604 - server.tcp_server - INFO - 开始处理连接机器人命令，客户端ID: client_72
2025-09-30 18:40:10,604 - controller.robot_controller - INFO - 正在连接机器人 192.168.0.10:10003
2025-09-30 18:40:10,605 - controller.robot_controller - INFO - 机器人连接成功
2025-09-30 18:40:10,605 - server.tcp_server - INFO - 机器人连接结果: True
2025-09-30 18:40:10,605 - server.tcp_server - INFO - 返回成功响应: {"type": "response", "status": "success", "message": "机器人连接成功", "data": {"connected": true}, "message_id": "msg_1_1759228810"}
2025-09-30 18:40:10,606 - root - INFO - 机器人已处于使能状态
2025-09-30 18:40:10,606 - controller.robot_controller - INFO - 机器人已使能
2025-09-30 18:40:16,638 - root - INFO - 关节运动完成
2025-09-30 18:40:16,638 - controller.robot_controller - INFO - 运动到指定关节位置完成
2025-09-30 18:40:16,670 - root - INFO - 去使能指令发送成功，等待机器人进入去使能状态
2025-09-30 18:40:17,172 - root - INFO - 机器人已成功去使能
2025-09-30 18:40:17,173 - controller.robot_controller - INFO - 机器人已去使能
2025-09-30 18:40:17,174 - controller.robot_controller - INFO - 机器人连接已断开
2025-09-30 18:40:17,174 - server.tcp_server - INFO - 客户端 client_72 资源已清理
2025-09-30 18:43:22,366 - server.tcp_server - INFO - 新客户端连接: ('192.168.31.254', 59000)
2025-09-30 18:43:22,366 - server.tcp_server - INFO - 开始处理连接机器人命令，客户端ID: client_73
2025-09-30 18:43:22,366 - controller.robot_controller - INFO - 正在连接机器人 192.168.0.10:10003
2025-09-30 18:43:22,366 - controller.robot_controller - INFO - 机器人连接成功
2025-09-30 18:43:22,366 - server.tcp_server - INFO - 机器人连接结果: True
2025-09-30 18:43:22,367 - server.tcp_server - INFO - 返回成功响应: {"type": "response", "status": "success", "message": "机器人连接成功", "data": {"connected": true}, "message_id": "msg_1_1759229002"}
2025-09-30 18:43:23,920 - root - INFO - 机器人已成功使能
2025-09-30 18:43:23,920 - controller.robot_controller - INFO - 机器人已使能
2025-09-30 18:43:24,438 - root - INFO - 关节运动完成
2025-09-30 18:43:24,438 - controller.robot_controller - INFO - 运动到指定关节位置完成
2025-09-30 18:43:24,470 - root - INFO - 去使能指令发送成功，等待机器人进入去使能状态
2025-09-30 18:43:24,973 - root - INFO - 机器人已成功去使能
2025-09-30 18:43:24,973 - controller.robot_controller - INFO - 机器人已去使能
2025-09-30 18:43:24,974 - controller.robot_controller - INFO - 机器人连接已断开
2025-09-30 18:43:24,975 - server.tcp_server - INFO - 客户端 client_73 资源已清理
2025-09-30 18:44:55,003 - server.tcp_server - INFO - 新客户端连接: ('192.168.31.254', 41182)
2025-09-30 18:44:55,004 - server.tcp_server - INFO - 开始处理连接机器人命令，客户端ID: client_74
2025-09-30 18:44:55,004 - controller.robot_controller - INFO - 正在连接机器人 192.168.0.10:10003
2025-09-30 18:44:55,004 - controller.robot_controller - INFO - 机器人连接成功
2025-09-30 18:44:55,004 - server.tcp_server - INFO - 机器人连接结果: True
2025-09-30 18:44:55,004 - server.tcp_server - INFO - 返回成功响应: {"type": "response", "status": "success", "message": "机器人连接成功", "data": {"connected": true}, "message_id": "msg_1_1759229095"}
2025-09-30 18:44:56,560 - root - INFO - 机器人已成功使能
2025-09-30 18:44:56,560 - controller.robot_controller - INFO - 机器人已使能
2025-09-30 18:44:57,078 - root - INFO - 关节运动完成
2025-09-30 18:44:57,078 - controller.robot_controller - INFO - 运动到指定关节位置完成
2025-09-30 18:44:57,114 - root - INFO - 去使能指令发送成功，等待机器人进入去使能状态
2025-09-30 18:44:57,617 - root - INFO - 机器人已成功去使能
2025-09-30 18:44:57,617 - controller.robot_controller - INFO - 机器人已去使能
2025-09-30 18:44:57,618 - controller.robot_controller - INFO - 机器人连接已断开
2025-09-30 18:44:57,619 - server.tcp_server - INFO - 客户端 client_74 资源已清理
2025-09-30 18:45:44,476 - server.tcp_server - INFO - 新客户端连接: ('192.168.31.254', 40448)
2025-09-30 18:45:44,477 - server.tcp_server - INFO - 开始处理连接机器人命令，客户端ID: client_75
2025-09-30 18:45:44,477 - controller.robot_controller - INFO - 正在连接机器人 192.168.0.10:10003
2025-09-30 18:45:44,477 - controller.robot_controller - INFO - 机器人连接成功
2025-09-30 18:45:44,477 - server.tcp_server - INFO - 机器人连接结果: True
2025-09-30 18:45:44,477 - server.tcp_server - INFO - 返回成功响应: {"type": "response", "status": "success", "message": "机器人连接成功", "data": {"connected": true}, "message_id": "msg_1_1759229144"}
2025-09-30 18:45:46,032 - root - INFO - 机器人已成功使能
2025-09-30 18:45:46,032 - controller.robot_controller - INFO - 机器人已使能
2025-09-30 18:45:46,553 - root - INFO - 关节运动完成
2025-09-30 18:45:46,553 - controller.robot_controller - INFO - 运动到指定关节位置完成
2025-09-30 18:45:46,585 - root - INFO - 去使能指令发送成功，等待机器人进入去使能状态
2025-09-30 18:45:47,088 - root - INFO - 机器人已成功去使能
2025-09-30 18:45:47,088 - controller.robot_controller - INFO - 机器人已去使能
2025-09-30 18:45:47,089 - controller.robot_controller - INFO - 机器人连接已断开
2025-09-30 18:45:47,090 - server.tcp_server - INFO - 客户端 client_75 资源已清理
2025-09-30 18:46:22,946 - server.tcp_server - INFO - 新客户端连接: ('192.168.31.254', 46990)
2025-09-30 18:46:22,946 - server.tcp_server - INFO - 开始处理连接机器人命令，客户端ID: client_76
2025-09-30 18:46:22,946 - controller.robot_controller - INFO - 正在连接机器人 192.168.0.10:10003
2025-09-30 18:46:22,947 - controller.robot_controller - INFO - 机器人连接成功
2025-09-30 18:46:22,947 - server.tcp_server - INFO - 机器人连接结果: True
2025-09-30 18:46:22,947 - server.tcp_server - INFO - 返回成功响应: {"type": "response", "status": "success", "message": "机器人连接成功", "data": {"connected": true}, "message_id": "msg_1_1759229182"}
2025-09-30 18:46:24,500 - root - INFO - 机器人已成功使能
2025-09-30 18:46:24,500 - controller.robot_controller - INFO - 机器人已使能
2025-09-30 18:46:25,018 - root - INFO - 关节运动完成
2025-09-30 18:46:25,018 - controller.robot_controller - INFO - 运动到指定关节位置完成
2025-09-30 18:46:31,918 - root - INFO - 关节运动完成
2025-09-30 18:46:31,918 - controller.robot_controller - INFO - 运动到指定姿态完成
2025-09-30 18:47:02,154 - controller.robot_controller - ERROR - 机器人去使能失败: 机器人错误 -1: 去使能失败，当前状态不允许去使能: 7 (本体供电已切断)
2025-09-30 18:47:02,155 - controller.robot_controller - INFO - 机器人连接已断开
2025-09-30 18:47:02,155 - server.tcp_server - INFO - 客户端 client_76 资源已清理
2025-09-30 18:50:37,820 - server.tcp_server - INFO - 新客户端连接: ('192.168.31.254', 56588)
2025-09-30 18:50:37,821 - server.tcp_server - INFO - 开始处理连接机器人命令，客户端ID: client_77
2025-09-30 18:50:37,821 - controller.robot_controller - INFO - 正在连接机器人 192.168.0.10:10003
2025-09-30 18:50:37,821 - controller.robot_controller - INFO - 机器人连接成功
2025-09-30 18:50:37,821 - server.tcp_server - INFO - 机器人连接结果: True
2025-09-30 18:50:37,821 - server.tcp_server - INFO - 返回成功响应: {"type": "response", "status": "success", "message": "机器人连接成功", "data": {"connected": true}, "message_id": "msg_1_1759229437"}
2025-09-30 18:50:37,825 - controller.robot_controller - ERROR - 机器人使能失败: 机器人错误 20018: 使能机器人失败: command forbidden in this state{7---Blackout48V}
2025-09-30 18:50:59,392 - server.tcp_server - INFO - 新客户端连接: ('192.168.31.254', 35726)
2025-09-30 18:50:59,392 - server.tcp_server - INFO - 开始处理连接机器人命令，客户端ID: client_78
2025-09-30 18:50:59,392 - controller.robot_controller - INFO - 正在连接机器人 192.168.0.10:10003
2025-09-30 18:50:59,392 - controller.robot_controller - INFO - 机器人连接成功
2025-09-30 18:50:59,392 - server.tcp_server - INFO - 机器人连接结果: True
2025-09-30 18:50:59,392 - server.tcp_server - INFO - 返回成功响应: {"type": "response", "status": "success", "message": "机器人连接成功", "data": {"connected": true}, "message_id": "msg_1_1759229459"}
2025-09-30 18:50:59,395 - controller.robot_controller - ERROR - 机器人使能失败: 机器人错误 20018: 使能机器人失败: command forbidden in this state{15---ControllerConnecting}
2025-09-30 18:51:08,312 - controller.robot_controller - ERROR - 机器人去使能失败: 机器人错误 -1: 去使能失败，当前状态不允许去使能: 24 (机器人去使能)
2025-09-30 18:51:08,314 - root - INFO - 机器人已处于去使能状态
2025-09-30 18:51:08,314 - controller.robot_controller - INFO - 机器人已去使能
2025-09-30 18:51:08,314 - server.tcp_server - INFO - 客户端 client_77 的机器人已去使能
2025-09-30 18:51:08,314 - controller.robot_controller - INFO - 机器人连接已断开
2025-09-30 18:51:08,314 - server.tcp_server - INFO - 客户端 client_77 的机器人连接已断开
2025-09-30 18:51:08,314 - server.tcp_server - INFO - 客户端 client_77 资源已清理
2025-09-30 18:51:08,814 - controller.robot_controller - ERROR - 机器人去使能失败: 机器人错误 -1: 获取状态失败: 机器人错误 39503: 获取状态失败，错误码: 39503
2025-09-30 18:51:08,815 - controller.robot_controller - ERROR - 机器人未连接，无法去使能
2025-09-30 18:51:08,815 - server.tcp_server - INFO - 客户端 client_78 的机器人已去使能
2025-09-30 18:51:08,815 - server.tcp_server - INFO - 客户端 client_78 的机器人连接已断开
2025-09-30 18:51:08,815 - server.tcp_server - INFO - 客户端 client_78 资源已清理
2025-09-30 18:51:11,272 - server.tcp_server - INFO - 新客户端连接: ('192.168.31.254', 57188)
2025-09-30 18:51:11,273 - server.tcp_server - INFO - 开始处理连接机器人命令，客户端ID: client_79
2025-09-30 18:51:11,273 - controller.robot_controller - INFO - 正在连接机器人 192.168.0.10:10003
2025-09-30 18:51:11,273 - controller.robot_controller - INFO - 机器人连接成功
2025-09-30 18:51:11,273 - server.tcp_server - INFO - 机器人连接结果: True
2025-09-30 18:51:11,273 - server.tcp_server - INFO - 返回成功响应: {"type": "response", "status": "success", "message": "机器人连接成功", "data": {"connected": true}, "message_id": "msg_1_1759229471"}
2025-09-30 18:51:12,825 - root - INFO - 机器人已成功使能
2025-09-30 18:51:12,826 - controller.robot_controller - INFO - 机器人已使能
2025-09-30 18:51:42,936 - controller.robot_controller - ERROR - 运动到指定关节位置失败: 关节运动执行失败: 机器人错误 -1: 等待运动完成超时
2025-09-30 18:52:13,029 - controller.robot_controller - ERROR - 机器人去使能失败: 机器人错误 -1: 去使能失败，当前状态不允许去使能: 25 (机器人运动中)
2025-09-30 18:52:13,030 - controller.robot_controller - INFO - 机器人连接已断开
2025-09-30 18:52:13,030 - server.tcp_server - ERROR - 发送完整消息时发生错误: [Errno 32] Broken pipe
2025-09-30 18:52:13,030 - server.tcp_server - INFO - 客户端 client_79 资源已清理
2025-09-30 18:52:17,462 - server.tcp_server - INFO - 新客户端连接: ('192.168.31.254', 56564)
2025-09-30 18:52:17,462 - server.tcp_server - INFO - 开始处理连接机器人命令，客户端ID: client_80
2025-09-30 18:52:17,462 - controller.robot_controller - INFO - 正在连接机器人 192.168.0.10:10003
2025-09-30 18:52:17,463 - controller.robot_controller - INFO - 机器人连接成功
2025-09-30 18:52:17,463 - server.tcp_server - INFO - 机器人连接结果: True
2025-09-30 18:52:17,463 - server.tcp_server - INFO - 返回成功响应: {"type": "response", "status": "success", "message": "机器人连接成功", "data": {"connected": true}, "message_id": "msg_1_1759229537"}
2025-09-30 18:52:17,464 - root - INFO - 机器人已处于使能状态
2025-09-30 18:52:17,464 - controller.robot_controller - INFO - 机器人已使能
2025-09-30 18:52:17,980 - root - INFO - 关节运动完成
2025-09-30 18:52:17,980 - controller.robot_controller - INFO - 运动到指定关节位置完成
2025-09-30 18:52:18,013 - root - INFO - 去使能指令发送成功，等待机器人进入去使能状态
2025-09-30 18:52:18,516 - root - INFO - 机器人已成功去使能
2025-09-30 18:52:18,516 - controller.robot_controller - INFO - 机器人已去使能
2025-09-30 18:52:18,517 - controller.robot_controller - INFO - 机器人连接已断开
2025-09-30 18:52:18,518 - server.tcp_server - INFO - 客户端 client_80 资源已清理
2025-09-30 18:52:35,916 - server.tcp_server - INFO - 新客户端连接: ('192.168.31.254', 57634)
2025-09-30 18:52:35,916 - server.tcp_server - INFO - 开始处理连接机器人命令，客户端ID: client_81
2025-09-30 18:52:35,916 - controller.robot_controller - INFO - 正在连接机器人 192.168.0.10:10003
2025-09-30 18:52:35,916 - controller.robot_controller - INFO - 机器人连接成功
2025-09-30 18:52:35,916 - server.tcp_server - INFO - 机器人连接结果: True
2025-09-30 18:52:35,916 - server.tcp_server - INFO - 返回成功响应: {"type": "response", "status": "success", "message": "机器人连接成功", "data": {"connected": true}, "message_id": "msg_1_1759229555"}
2025-09-30 18:52:37,466 - root - INFO - 机器人已成功使能
2025-09-30 18:52:37,466 - controller.robot_controller - INFO - 机器人已使能
2025-09-30 18:52:37,984 - root - INFO - 关节运动完成
2025-09-30 18:52:37,984 - controller.robot_controller - INFO - 运动到指定关节位置完成
2025-09-30 18:53:08,098 - controller.robot_controller - ERROR - 运动到指定姿态失败: 关节运动执行失败: 机器人错误 -1: 等待运动完成超时
2025-09-30 18:53:38,206 - controller.robot_controller - ERROR - 机器人去使能失败: 机器人错误 -1: 去使能失败，当前状态不允许去使能: 15 (正在初始化控制器)
2025-09-30 18:53:38,206 - controller.robot_controller - INFO - 机器人连接已断开
2025-09-30 18:53:38,206 - server.tcp_server - ERROR - 发送完整消息时发生错误: [Errno 32] Broken pipe
2025-09-30 18:53:38,207 - server.tcp_server - INFO - 客户端 client_81 资源已清理
2025-09-30 18:55:01,061 - server.tcp_server - INFO - 新客户端连接: ('192.168.31.254', 53594)
2025-09-30 18:55:01,062 - server.tcp_server - INFO - 开始处理连接机器人命令，客户端ID: client_82
2025-09-30 18:55:01,062 - controller.robot_controller - INFO - 正在连接机器人 192.168.0.10:10003
2025-09-30 18:55:01,062 - controller.robot_controller - INFO - 机器人连接成功
2025-09-30 18:55:01,062 - server.tcp_server - INFO - 机器人连接结果: True
2025-09-30 18:55:01,062 - server.tcp_server - INFO - 返回成功响应: {"type": "response", "status": "success", "message": "机器人连接成功", "data": {"connected": true}, "message_id": "msg_1_1759229701"}
2025-09-30 18:55:02,618 - root - INFO - 机器人已成功使能
2025-09-30 18:55:02,618 - controller.robot_controller - INFO - 机器人已使能
2025-09-30 18:55:32,728 - controller.robot_controller - ERROR - 运动到指定关节位置失败: 关节运动执行失败: 机器人错误 -1: 等待运动完成超时
2025-09-30 18:55:40,781 - root - INFO - 去使能指令发送成功，等待机器人进入去使能状态
2025-09-30 18:55:41,284 - root - INFO - 机器人已成功去使能
2025-09-30 18:55:41,284 - controller.robot_controller - INFO - 机器人已去使能
2025-09-30 18:55:41,284 - controller.robot_controller - INFO - 机器人连接已断开
2025-09-30 18:55:41,284 - server.tcp_server - INFO - 客户端 client_82 资源已清理
2025-09-30 18:55:44,951 - server.tcp_server - INFO - 新客户端连接: ('192.168.31.254', 48864)
2025-09-30 18:55:44,951 - server.tcp_server - INFO - 开始处理连接机器人命令，客户端ID: client_83
2025-09-30 18:55:44,951 - controller.robot_controller - INFO - 正在连接机器人 192.168.0.10:10003
2025-09-30 18:55:44,952 - controller.robot_controller - INFO - 机器人连接成功
2025-09-30 18:55:44,952 - server.tcp_server - INFO - 机器人连接结果: True
2025-09-30 18:55:44,952 - server.tcp_server - INFO - 返回成功响应: {"type": "response", "status": "success", "message": "机器人连接成功", "data": {"connected": true}, "message_id": "msg_1_1759229744"}
2025-09-30 18:55:46,503 - root - INFO - 机器人已成功使能
2025-09-30 18:55:46,503 - controller.robot_controller - INFO - 机器人已使能
2025-09-30 18:55:47,024 - root - INFO - 关节运动完成
2025-09-30 18:55:47,024 - controller.robot_controller - INFO - 运动到指定关节位置完成
2025-09-30 18:56:17,144 - controller.robot_controller - ERROR - 运动到指定姿态失败: 关节运动执行失败: 机器人错误 -1: 等待运动完成超时
2025-09-30 18:56:47,610 - controller.robot_controller - ERROR - 机器人去使能失败: 机器人错误 -1: 去使能失败，当前状态不允许去使能: 7 (本体供电已切断)
2025-09-30 18:56:47,611 - controller.robot_controller - INFO - 机器人连接已断开
2025-09-30 18:56:47,611 - server.tcp_server - ERROR - 发送完整消息时发生错误: [Errno 32] Broken pipe
2025-09-30 18:56:47,611 - server.tcp_server - INFO - 客户端 client_83 资源已清理
2025-09-30 18:57:00,956 - server.tcp_server - INFO - 新客户端连接: ('192.168.31.254', 33378)
2025-09-30 18:57:00,957 - server.tcp_server - INFO - 开始处理连接机器人命令，客户端ID: client_84
2025-09-30 18:57:00,957 - controller.robot_controller - INFO - 正在连接机器人 192.168.0.10:10003
2025-09-30 18:57:00,958 - controller.robot_controller - INFO - 机器人连接成功
2025-09-30 18:57:00,958 - server.tcp_server - INFO - 机器人连接结果: True
2025-09-30 18:57:00,958 - server.tcp_server - INFO - 返回成功响应: {"type": "response", "status": "success", "message": "机器人连接成功", "data": {"connected": true}, "message_id": "msg_1_1759229820"}
2025-09-30 18:57:00,963 - controller.robot_controller - ERROR - 机器人使能失败: 机器人错误 20018: 使能机器人失败: command forbidden in this state{7---Blackout48V}
2025-09-30 18:57:17,855 - server.tcp_server - INFO - 新客户端连接: ('192.168.31.254', 49794)
2025-09-30 18:57:17,856 - server.tcp_server - INFO - 开始处理连接机器人命令，客户端ID: client_85
2025-09-30 18:57:17,856 - controller.robot_controller - INFO - 正在连接机器人 192.168.0.10:10003
2025-09-30 18:57:17,856 - controller.robot_controller - INFO - 机器人连接成功
2025-09-30 18:57:17,856 - server.tcp_server - INFO - 机器人连接结果: True
2025-09-30 18:57:17,856 - server.tcp_server - INFO - 返回成功响应: {"type": "response", "status": "success", "message": "机器人连接成功", "data": {"connected": true}, "message_id": "msg_1_1759229837"}
2025-09-30 18:57:17,860 - controller.robot_controller - ERROR - 机器人使能失败: 机器人错误 20018: 使能机器人失败: command forbidden in this state{7---Blackout48V}
2025-09-30 18:57:31,056 - controller.robot_controller - ERROR - 机器人去使能失败: 机器人错误 -1: 去使能失败，当前状态不允许去使能: 8 (正在准备给本体供电)
2025-09-30 18:57:48,390 - controller.robot_controller - ERROR - 机器人去使能失败: 机器人错误 -1: 去使能失败，当前状态不允许去使能: 24 (机器人去使能)
2025-09-30 18:57:48,391 - root - INFO - 机器人已处于去使能状态
2025-09-30 18:57:48,391 - controller.robot_controller - INFO - 机器人已去使能
2025-09-30 18:57:48,392 - server.tcp_server - INFO - 客户端 client_85 的机器人已去使能
2025-09-30 18:57:48,392 - controller.robot_controller - INFO - 机器人连接已断开
2025-09-30 18:57:48,392 - server.tcp_server - INFO - 客户端 client_85 的机器人连接已断开
2025-09-30 18:57:48,392 - server.tcp_server - INFO - 客户端 client_85 资源已清理
2025-09-30 18:57:48,891 - controller.robot_controller - ERROR - 机器人去使能失败: 机器人错误 -1: 获取状态失败: 机器人错误 39503: 获取状态失败，错误码: 39503
2025-09-30 18:57:48,891 - server.tcp_server - INFO - 客户端 client_84 的机器人已去使能
2025-09-30 18:57:48,891 - server.tcp_server - INFO - 客户端 client_84 的机器人连接已断开
2025-09-30 18:57:48,891 - server.tcp_server - INFO - 客户端 client_84 资源已清理
2025-09-30 18:58:02,744 - server.tcp_server - INFO - 新客户端连接: ('192.168.31.254', 35660)
2025-09-30 18:58:02,745 - server.tcp_server - INFO - 开始处理连接机器人命令，客户端ID: client_86
2025-09-30 18:58:02,745 - controller.robot_controller - INFO - 正在连接机器人 192.168.0.10:10003
2025-09-30 18:58:02,745 - controller.robot_controller - INFO - 机器人连接成功
2025-09-30 18:58:02,745 - server.tcp_server - INFO - 机器人连接结果: True
2025-09-30 18:58:02,745 - server.tcp_server - INFO - 返回成功响应: {"type": "response", "status": "success", "message": "机器人连接成功", "data": {"connected": true}, "message_id": "msg_1_1759229882"}
2025-09-30 18:58:04,297 - root - INFO - 机器人已成功使能
2025-09-30 18:58:04,297 - controller.robot_controller - INFO - 机器人已使能
2025-09-30 18:58:34,404 - controller.robot_controller - ERROR - 运动到指定关节位置失败: 关节运动执行失败: 机器人错误 -1: 等待运动完成超时
2025-09-30 18:58:34,430 - root - INFO - 去使能指令发送成功，等待机器人进入去使能状态
2025-09-30 18:58:34,933 - root - INFO - 机器人已成功去使能
2025-09-30 18:58:34,933 - controller.robot_controller - INFO - 机器人已去使能
2025-09-30 18:58:34,934 - controller.robot_controller - INFO - 机器人连接已断开
2025-09-30 18:58:34,934 - server.tcp_server - INFO - 客户端 client_86 资源已清理
2025-09-30 18:58:42,594 - server.tcp_server - INFO - 新客户端连接: ('192.168.31.254', 57518)
2025-09-30 18:58:42,595 - server.tcp_server - INFO - 开始处理连接机器人命令，客户端ID: client_87
2025-09-30 18:58:42,595 - controller.robot_controller - INFO - 正在连接机器人 192.168.0.10:10003
2025-09-30 18:58:42,595 - controller.robot_controller - INFO - 机器人连接成功
2025-09-30 18:58:42,595 - server.tcp_server - INFO - 机器人连接结果: True
2025-09-30 18:58:42,595 - server.tcp_server - INFO - 返回成功响应: {"type": "response", "status": "success", "message": "机器人连接成功", "data": {"connected": true}, "message_id": "msg_1_1759229922"}
2025-09-30 18:58:44,147 - root - INFO - 机器人已成功使能
2025-09-30 18:58:44,148 - controller.robot_controller - INFO - 机器人已使能
2025-09-30 18:58:44,668 - root - INFO - 关节运动完成
2025-09-30 18:58:44,668 - controller.robot_controller - INFO - 运动到指定关节位置完成
2025-09-30 18:58:44,701 - root - INFO - 去使能指令发送成功，等待机器人进入去使能状态
2025-09-30 18:58:45,204 - root - INFO - 机器人已成功去使能
2025-09-30 18:58:45,204 - controller.robot_controller - INFO - 机器人已去使能
2025-09-30 18:58:45,205 - controller.robot_controller - INFO - 机器人连接已断开
2025-09-30 18:58:45,206 - server.tcp_server - INFO - 客户端 client_87 资源已清理
2025-09-30 18:59:17,082 - server.tcp_server - INFO - 新客户端连接: ('192.168.31.254', 43740)
2025-09-30 18:59:17,082 - server.tcp_server - INFO - 开始处理连接机器人命令，客户端ID: client_88
2025-09-30 18:59:17,083 - controller.robot_controller - INFO - 正在连接机器人 192.168.0.10:10003
2025-09-30 18:59:17,083 - controller.robot_controller - INFO - 机器人连接成功
2025-09-30 18:59:17,083 - server.tcp_server - INFO - 机器人连接结果: True
2025-09-30 18:59:17,083 - server.tcp_server - INFO - 返回成功响应: {"type": "response", "status": "success", "message": "机器人连接成功", "data": {"connected": true}, "message_id": "msg_1_1759229957"}
2025-09-30 18:59:18,638 - root - INFO - 机器人已成功使能
2025-09-30 18:59:18,639 - controller.robot_controller - INFO - 机器人已使能
2025-09-30 18:59:19,156 - root - INFO - 关节运动完成
2025-09-30 18:59:19,156 - controller.robot_controller - INFO - 运动到指定关节位置完成
2025-09-30 18:59:49,266 - controller.robot_controller - ERROR - 运动到指定姿态失败: 关节运动执行失败: 机器人错误 -1: 等待运动完成超时
2025-09-30 19:00:19,439 - controller.robot_controller - ERROR - 机器人去使能失败: 机器人错误 -1: 去使能失败，当前状态不允许去使能: 5 (急停)
2025-09-30 19:00:19,440 - controller.robot_controller - INFO - 机器人连接已断开
2025-09-30 19:00:19,440 - server.tcp_server - ERROR - 发送完整消息时发生错误: [Errno 32] Broken pipe
2025-09-30 19:00:19,440 - server.tcp_server - INFO - 客户端 client_88 资源已清理
2025-09-30 19:01:56,615 - server.tcp_server - INFO - 新客户端连接: ('192.168.31.254', 56348)
2025-09-30 19:01:56,615 - server.tcp_server - INFO - 开始处理连接机器人命令，客户端ID: client_89
2025-09-30 19:01:56,615 - controller.robot_controller - INFO - 正在连接机器人 192.168.0.10:10003
2025-09-30 19:01:56,616 - controller.robot_controller - INFO - 机器人连接成功
2025-09-30 19:01:56,616 - server.tcp_server - INFO - 机器人连接结果: True
2025-09-30 19:01:56,616 - server.tcp_server - INFO - 返回成功响应: {"type": "response", "status": "success", "message": "机器人连接成功", "data": {"connected": true}, "message_id": "msg_1_1759230116"}
2025-09-30 19:01:56,619 - controller.robot_controller - ERROR - 机器人使能失败: 机器人错误 20018: 使能机器人失败: command forbidden in this state{7---Blackout48V}
2025-09-30 19:02:10,530 - server.tcp_server - INFO - 新客户端连接: ('192.168.31.254', 43724)
2025-09-30 19:02:10,532 - server.tcp_server - INFO - 开始处理连接机器人命令，客户端ID: client_90
2025-09-30 19:02:10,532 - controller.robot_controller - INFO - 正在连接机器人 192.168.0.10:10003
2025-09-30 19:02:10,532 - controller.robot_controller - INFO - 机器人连接成功
2025-09-30 19:02:10,532 - server.tcp_server - INFO - 机器人连接结果: True
2025-09-30 19:02:10,532 - server.tcp_server - INFO - 返回成功响应: {"type": "response", "status": "success", "message": "机器人连接成功", "data": {"connected": true}, "message_id": "msg_1_1759230130"}
2025-09-30 19:02:10,535 - controller.robot_controller - ERROR - 机器人使能失败: 机器人错误 20018: 使能机器人失败: command forbidden in this state{15---ControllerConnecting}
2025-09-30 19:02:14,922 - server.tcp_server - INFO - 新客户端连接: ('192.168.31.254', 43730)
2025-09-30 19:02:14,922 - server.tcp_server - INFO - 开始处理连接机器人命令，客户端ID: client_91
2025-09-30 19:02:14,922 - controller.robot_controller - INFO - 正在连接机器人 192.168.0.10:10003
2025-09-30 19:02:14,922 - controller.robot_controller - INFO - 机器人连接成功
2025-09-30 19:02:14,922 - server.tcp_server - INFO - 机器人连接结果: True
2025-09-30 19:02:14,922 - server.tcp_server - INFO - 返回成功响应: {"type": "response", "status": "success", "message": "机器人连接成功", "data": {"connected": true}, "message_id": "msg_1_1759230134"}
2025-09-30 19:02:14,925 - controller.robot_controller - ERROR - 机器人使能失败: 机器人错误 20018: 使能机器人失败: command forbidden in this state{15---ControllerConnecting}
2025-09-30 19:02:19,928 - server.tcp_server - INFO - 新客户端连接: ('192.168.31.254', 41718)
2025-09-30 19:02:19,929 - server.tcp_server - INFO - 开始处理连接机器人命令，客户端ID: client_92
2025-09-30 19:02:19,929 - controller.robot_controller - INFO - 正在连接机器人 192.168.0.10:10003
2025-09-30 19:02:19,929 - controller.robot_controller - INFO - 机器人连接成功
2025-09-30 19:02:19,929 - server.tcp_server - INFO - 机器人连接结果: True
2025-09-30 19:02:19,929 - server.tcp_server - INFO - 返回成功响应: {"type": "response", "status": "success", "message": "机器人连接成功", "data": {"connected": true}, "message_id": "msg_1_1759230139"}
2025-09-30 19:02:21,618 - root - INFO - 去使能指令发送成功，等待机器人进入去使能状态
2025-09-30 19:02:22,122 - root - INFO - 机器人已成功去使能
2025-09-30 19:02:22,122 - controller.robot_controller - INFO - 机器人已去使能
2025-09-30 19:02:22,123 - root - INFO - 机器人已处于去使能状态
2025-09-30 19:02:22,123 - controller.robot_controller - INFO - 机器人已去使能
2025-09-30 19:02:22,123 - server.tcp_server - INFO - 客户端 client_91 的机器人已去使能
2025-09-30 19:02:22,123 - controller.robot_controller - INFO - 机器人连接已断开
2025-09-30 19:02:22,123 - server.tcp_server - INFO - 客户端 client_91 的机器人连接已断开
2025-09-30 19:02:22,124 - server.tcp_server - INFO - 客户端 client_91 资源已清理
2025-09-30 19:02:22,140 - controller.robot_controller - ERROR - 机器人使能失败: 机器人错误 -1: 获取状态失败: 机器人错误 39503: 获取状态失败，错误码: 39503
2025-09-30 19:02:22,141 - controller.robot_controller - ERROR - 机器人未连接，无法去使能
2025-09-30 19:02:22,142 - server.tcp_server - INFO - 客户端 client_92 资源已清理
2025-09-30 19:02:22,621 - controller.robot_controller - ERROR - 机器人去使能失败: 机器人错误 -1: 获取状态失败: 机器人错误 39503: 获取状态失败，错误码: 39503
2025-09-30 19:02:22,622 - controller.robot_controller - ERROR - 机器人去使能失败: 机器人错误 -1: 获取状态失败: 机器人错误 39503: 获取状态失败，错误码: 39503
2025-09-30 19:02:22,622 - controller.robot_controller - ERROR - 机器人未连接，无法去使能
2025-09-30 19:02:22,623 - controller.robot_controller - ERROR - 机器人未连接，无法去使能
2025-09-30 19:02:22,623 - server.tcp_server - INFO - 客户端 client_90 的机器人已去使能
2025-09-30 19:02:22,623 - server.tcp_server - INFO - 客户端 client_89 的机器人已去使能
2025-09-30 19:02:22,623 - server.tcp_server - INFO - 客户端 client_90 的机器人连接已断开
2025-09-30 19:02:22,623 - server.tcp_server - INFO - 客户端 client_89 的机器人连接已断开
2025-09-30 19:02:22,623 - server.tcp_server - INFO - 客户端 client_90 资源已清理
2025-09-30 19:02:22,624 - server.tcp_server - INFO - 客户端 client_89 资源已清理
2025-09-30 19:02:26,639 - server.tcp_server - INFO - 新客户端连接: ('192.168.31.254', 40748)
2025-09-30 19:02:26,640 - server.tcp_server - INFO - 开始处理连接机器人命令，客户端ID: client_93
2025-09-30 19:02:26,640 - controller.robot_controller - INFO - 正在连接机器人 192.168.0.10:10003
2025-09-30 19:02:26,640 - controller.robot_controller - INFO - 机器人连接成功
2025-09-30 19:02:26,640 - server.tcp_server - INFO - 机器人连接结果: True
2025-09-30 19:02:26,640 - server.tcp_server - INFO - 返回成功响应: {"type": "response", "status": "success", "message": "机器人连接成功", "data": {"connected": true}, "message_id": "msg_1_1759230146"}
2025-09-30 19:02:28,193 - root - INFO - 机器人已成功使能
2025-09-30 19:02:28,194 - controller.robot_controller - INFO - 机器人已使能
2025-09-30 19:02:58,300 - controller.robot_controller - ERROR - 运动到指定关节位置失败: 关节运动执行失败: 机器人错误 -1: 等待运动完成超时
2025-09-30 19:03:09,362 - root - INFO - 去使能指令发送成功，等待机器人进入去使能状态
2025-09-30 19:03:09,725 - server.tcp_server - INFO - 新客户端连接: ('192.168.31.254', 60626)
2025-09-30 19:03:09,725 - server.tcp_server - INFO - 开始处理连接机器人命令，客户端ID: client_94
2025-09-30 19:03:09,725 - controller.robot_controller - INFO - 正在连接机器人 192.168.0.10:10003
2025-09-30 19:03:09,725 - controller.robot_controller - INFO - 机器人连接成功
2025-09-30 19:03:09,725 - server.tcp_server - INFO - 机器人连接结果: True
2025-09-30 19:03:09,725 - server.tcp_server - INFO - 返回成功响应: {"type": "response", "status": "success", "message": "机器人连接成功", "data": {"connected": true}, "message_id": "msg_1_1759230189"}
2025-09-30 19:03:11,279 - root - INFO - 机器人已成功使能
2025-09-30 19:03:11,279 - controller.robot_controller - INFO - 机器人已使能
2025-09-30 19:03:11,799 - root - INFO - 关节运动完成
2025-09-30 19:03:11,799 - controller.robot_controller - INFO - 运动到指定关节位置完成
2025-09-30 19:03:11,832 - root - INFO - 去使能指令发送成功，等待机器人进入去使能状态
2025-09-30 19:03:12,334 - root - INFO - 机器人已成功去使能
2025-09-30 19:03:12,335 - controller.robot_controller - INFO - 机器人已去使能
2025-09-30 19:03:12,336 - controller.robot_controller - INFO - 机器人连接已断开
2025-09-30 19:03:12,337 - server.tcp_server - INFO - 客户端 client_94 资源已清理
2025-09-30 19:03:12,370 - controller.robot_controller - ERROR - 机器人去使能失败: 机器人错误 -1: 获取状态失败: 机器人错误 39503: 获取状态失败，错误码: 39503
2025-09-30 19:03:12,370 - server.tcp_server - ERROR - 发送完整消息时发生错误: [Errno 32] Broken pipe
2025-09-30 19:03:12,370 - server.tcp_server - INFO - 客户端 client_93 资源已清理
2025-09-30 19:26:05,654 - server.tcp_server - INFO - 新客户端连接: ('192.168.31.254', 54206)
2025-09-30 19:26:05,655 - server.tcp_server - INFO - 开始处理连接机器人命令，客户端ID: client_95
2025-09-30 19:26:05,655 - controller.robot_controller - INFO - 正在连接机器人 192.168.0.10:10003
2025-09-30 19:26:05,655 - controller.robot_controller - INFO - 机器人连接成功
2025-09-30 19:26:05,655 - server.tcp_server - INFO - 机器人连接结果: True
2025-09-30 19:26:05,655 - server.tcp_server - INFO - 返回成功响应: {"type": "response", "status": "success", "message": "机器人连接成功", "data": {"connected": true}, "message_id": "msg_1_1759231565"}
2025-09-30 19:26:07,206 - root - INFO - 机器人已成功使能
2025-09-30 19:26:07,207 - controller.robot_controller - INFO - 机器人已使能
2025-09-30 19:26:17,754 - root - INFO - 关节运动完成
2025-09-30 19:26:17,755 - controller.robot_controller - INFO - 运动到指定关节位置完成
2025-09-30 19:26:17,789 - root - INFO - 去使能指令发送成功，等待机器人进入去使能状态
2025-09-30 19:26:18,292 - root - INFO - 机器人已成功去使能
2025-09-30 19:26:18,292 - controller.robot_controller - INFO - 机器人已去使能
2025-09-30 19:26:18,293 - controller.robot_controller - INFO - 机器人连接已断开
2025-09-30 19:26:18,294 - server.tcp_server - INFO - 客户端 client_95 资源已清理
2025-09-30 19:27:34,885 - server.tcp_server - INFO - 新客户端连接: ('192.168.31.254', 46168)
2025-09-30 19:27:34,886 - server.tcp_server - INFO - 开始处理连接机器人命令，客户端ID: client_96
2025-09-30 19:27:34,886 - controller.robot_controller - INFO - 正在连接机器人 192.168.0.10:10003
2025-09-30 19:27:34,886 - controller.robot_controller - INFO - 机器人连接成功
2025-09-30 19:27:34,886 - server.tcp_server - INFO - 机器人连接结果: True
2025-09-30 19:27:34,886 - server.tcp_server - INFO - 返回成功响应: {"type": "response", "status": "success", "message": "机器人连接成功", "data": {"connected": true}, "message_id": "msg_1_1759231654"}
2025-09-30 19:27:36,442 - root - INFO - 机器人已成功使能
2025-09-30 19:27:36,442 - controller.robot_controller - INFO - 机器人已使能
2025-09-30 19:27:36,963 - root - INFO - 关节运动完成
2025-09-30 19:27:36,963 - controller.robot_controller - INFO - 运动到指定关节位置完成
2025-09-30 19:27:51,693 - root - INFO - 关节运动完成
2025-09-30 19:27:51,693 - controller.robot_controller - INFO - 运动到指定姿态完成
2025-09-30 19:28:21,782 - controller.robot_controller - ERROR - 机器人去使能失败: 机器人错误 -1: 去使能失败，当前状态不允许去使能: 5 (急停)
2025-09-30 19:28:21,782 - controller.robot_controller - INFO - 机器人连接已断开
2025-09-30 19:28:21,782 - server.tcp_server - INFO - 客户端 client_96 资源已清理
2025-09-30 19:38:01,105 - server.tcp_server - INFO - 新客户端连接: ('192.168.31.254', 35024)
2025-09-30 19:38:01,106 - server.tcp_server - INFO - 开始处理连接RealSense相机命令，客户端ID: client_97
2025-09-30 19:38:01,259 - controller.realsense_controller - INFO - 相机内参读取成功
2025-09-30 19:38:01,259 - controller.realsense_controller - INFO - RealSense相机连接成功
2025-09-30 19:38:01,259 - server.tcp_server - INFO - 返回成功响应: {"type": "response", "status": "success", "message": "RealSense相机连接成功", "data": {"connected": true}, "message_id": "msg_1_1759232281"}
2025-09-30 19:38:01,988 - controller.realsense_controller - INFO - RealSense相机连接已断开
2025-09-30 19:38:01,989 - server.tcp_server - INFO - 客户端 client_97 资源已清理
2025-09-30 19:38:57,321 - server.tcp_server - INFO - 新客户端连接: ('192.168.31.254', 54938)
2025-09-30 19:38:57,322 - server.tcp_server - INFO - 开始处理连接机器人命令，客户端ID: client_98
2025-09-30 19:38:57,322 - controller.robot_controller - INFO - 正在连接机器人 192.168.0.10:10003
2025-09-30 19:38:57,323 - controller.robot_controller - INFO - 机器人连接成功
2025-09-30 19:38:57,323 - server.tcp_server - INFO - 机器人连接结果: True
2025-09-30 19:38:57,323 - server.tcp_server - INFO - 返回成功响应: {"type": "response", "status": "success", "message": "机器人连接成功", "data": {"connected": true}, "message_id": "msg_1_1759232337"}
2025-09-30 19:38:57,324 - root - INFO - 机器人已处于使能状态
2025-09-30 19:38:57,324 - controller.robot_controller - INFO - 机器人已使能
2025-09-30 19:39:08,371 - root - INFO - 关节运动完成
2025-09-30 19:39:08,371 - controller.robot_controller - INFO - 运动到指定关节位置完成
2025-09-30 19:39:08,404 - root - INFO - 去使能指令发送成功，等待机器人进入去使能状态
2025-09-30 19:39:08,907 - root - INFO - 机器人已成功去使能
2025-09-30 19:39:08,907 - controller.robot_controller - INFO - 机器人已去使能
2025-09-30 19:39:08,908 - controller.robot_controller - INFO - 机器人连接已断开
2025-09-30 19:39:08,909 - server.tcp_server - INFO - 客户端 client_98 资源已清理
2025-09-30 19:42:30,055 - server.tcp_server - INFO - 新客户端连接: ('192.168.31.254', 56234)
2025-09-30 19:42:30,055 - server.tcp_server - INFO - 开始处理连接机器人命令，客户端ID: client_99
2025-09-30 19:42:30,055 - controller.robot_controller - INFO - 正在连接机器人 192.168.0.10:10003
2025-09-30 19:42:30,056 - controller.robot_controller - INFO - 机器人连接成功
2025-09-30 19:42:30,056 - server.tcp_server - INFO - 机器人连接结果: True
2025-09-30 19:42:30,056 - server.tcp_server - INFO - 返回成功响应: {"type": "response", "status": "success", "message": "机器人连接成功", "data": {"connected": true}, "message_id": "msg_1_1759232550"}
2025-09-30 19:42:30,057 - root - INFO - 机器人已处于使能状态
2025-09-30 19:42:30,057 - controller.robot_controller - INFO - 机器人已使能
2025-09-30 19:42:41,106 - root - INFO - 关节运动完成
2025-09-30 19:42:41,107 - controller.robot_controller - INFO - 运动到指定关节位置完成
2025-09-30 19:42:41,139 - root - INFO - 去使能指令发送成功，等待机器人进入去使能状态
2025-09-30 19:42:41,641 - root - INFO - 机器人已成功去使能
2025-09-30 19:42:41,642 - controller.robot_controller - INFO - 机器人已去使能
2025-09-30 19:42:41,643 - controller.robot_controller - INFO - 机器人连接已断开
2025-09-30 19:42:41,644 - server.tcp_server - INFO - 客户端 client_99 资源已清理
2025-09-30 19:42:54,429 - server.tcp_server - INFO - 新客户端连接: ('192.168.31.254', 51576)
2025-09-30 19:42:54,429 - server.tcp_server - INFO - 开始处理连接机器人命令，客户端ID: client_100
2025-09-30 19:42:54,429 - controller.robot_controller - INFO - 正在连接机器人 192.168.0.10:10003
2025-09-30 19:42:54,429 - controller.robot_controller - INFO - 机器人连接成功
2025-09-30 19:42:54,429 - server.tcp_server - INFO - 机器人连接结果: True
2025-09-30 19:42:54,429 - server.tcp_server - INFO - 返回成功响应: {"type": "response", "status": "success", "message": "机器人连接成功", "data": {"connected": true}, "message_id": "msg_1_1759232574"}
2025-09-30 19:42:55,983 - root - INFO - 机器人已成功使能
2025-09-30 19:42:55,984 - controller.robot_controller - INFO - 机器人已使能
2025-09-30 19:42:56,504 - root - INFO - 关节运动完成
2025-09-30 19:42:56,504 - controller.robot_controller - INFO - 运动到指定关节位置完成
2025-09-30 19:43:08,193 - root - INFO - 关节运动完成
2025-09-30 19:43:08,193 - controller.robot_controller - INFO - 运动到指定姿态完成
2025-09-30 19:43:38,212 - controller.robot_controller - ERROR - 机器人去使能失败: 机器人错误 -1: 去使能失败，当前状态不允许去使能: 7 (本体供电已切断)
2025-09-30 19:43:38,213 - controller.robot_controller - INFO - 机器人连接已断开
2025-09-30 19:43:38,214 - server.tcp_server - INFO - 客户端 client_100 资源已清理
2025-09-30 19:44:15,491 - server.tcp_server - INFO - 新客户端连接: ('192.168.31.254', 50350)
2025-09-30 19:44:15,492 - server.tcp_server - INFO - 开始处理连接机器人命令，客户端ID: client_101
2025-09-30 19:44:15,492 - controller.robot_controller - INFO - 正在连接机器人 192.168.0.10:10003
2025-09-30 19:44:15,492 - controller.robot_controller - INFO - 机器人连接成功
2025-09-30 19:44:15,492 - server.tcp_server - INFO - 机器人连接结果: True
2025-09-30 19:44:15,492 - server.tcp_server - INFO - 返回成功响应: {"type": "response", "status": "success", "message": "机器人连接成功", "data": {"connected": true}, "message_id": "msg_1_1759232655"}
2025-09-30 19:44:17,046 - root - INFO - 机器人已成功使能
2025-09-30 19:44:17,046 - controller.robot_controller - INFO - 机器人已使能
2025-09-30 19:44:47,154 - controller.robot_controller - ERROR - 运动到指定关节位置失败: 关节运动执行失败: 机器人错误 -1: 等待运动完成超时
2025-09-30 19:44:47,684 - root - INFO - 去使能指令发送成功，等待机器人进入去使能状态
2025-09-30 19:44:48,187 - root - INFO - 机器人已成功去使能
2025-09-30 19:44:48,187 - controller.robot_controller - INFO - 机器人已去使能
2025-09-30 19:44:48,188 - controller.robot_controller - INFO - 机器人连接已断开
2025-09-30 19:44:48,188 - server.tcp_server - INFO - 客户端 client_101 资源已清理
2025-09-30 19:44:50,418 - server.tcp_server - INFO - 新客户端连接: ('192.168.31.254', 41120)
2025-09-30 19:44:50,419 - server.tcp_server - INFO - 开始处理连接机器人命令，客户端ID: client_102
2025-09-30 19:44:50,419 - controller.robot_controller - INFO - 正在连接机器人 192.168.0.10:10003
2025-09-30 19:44:50,419 - controller.robot_controller - INFO - 机器人连接成功
2025-09-30 19:44:50,419 - server.tcp_server - INFO - 机器人连接结果: True
2025-09-30 19:44:50,419 - server.tcp_server - INFO - 返回成功响应: {"type": "response", "status": "success", "message": "机器人连接成功", "data": {"connected": true}, "message_id": "msg_1_1759232690"}
2025-09-30 19:44:51,972 - root - INFO - 机器人已成功使能
2025-09-30 19:44:51,972 - controller.robot_controller - INFO - 机器人已使能
2025-09-30 19:44:52,493 - root - INFO - 关节运动完成
2025-09-30 19:44:52,494 - controller.robot_controller - INFO - 运动到指定关节位置完成
2025-09-30 19:45:22,608 - controller.robot_controller - ERROR - 运动到指定姿态失败: 关节运动执行失败: 机器人错误 -1: 等待运动完成超时
2025-09-30 19:45:53,679 - controller.robot_controller - ERROR - 机器人去使能失败: 机器人错误 -1: 去使能失败，当前状态不允许去使能: 7 (本体供电已切断)
2025-09-30 19:45:53,679 - controller.robot_controller - INFO - 机器人连接已断开
2025-09-30 19:45:53,679 - server.tcp_server - ERROR - 发送完整消息时发生错误: [Errno 32] Broken pipe
2025-09-30 19:45:53,680 - server.tcp_server - INFO - 客户端 client_102 资源已清理
2025-09-30 19:49:02,902 - server.tcp_server - INFO - 新客户端连接: ('192.168.31.254', 56272)
2025-09-30 19:49:02,902 - server.tcp_server - INFO - 开始处理连接机器人命令，客户端ID: client_103
2025-09-30 19:49:02,902 - controller.robot_controller - INFO - 正在连接机器人 192.168.0.10:10003
2025-09-30 19:49:02,903 - controller.robot_controller - INFO - 机器人连接成功
2025-09-30 19:49:02,903 - server.tcp_server - INFO - 机器人连接结果: True
2025-09-30 19:49:02,903 - server.tcp_server - INFO - 返回成功响应: {"type": "response", "status": "success", "message": "机器人连接成功", "data": {"connected": true}, "message_id": "msg_1_1759232942"}
2025-09-30 19:49:04,454 - root - INFO - 机器人已成功使能
2025-09-30 19:49:04,454 - controller.robot_controller - INFO - 机器人已使能
2025-09-30 19:49:04,459 - root - INFO - 速度比设置成功
2025-09-30 19:49:04,459 - controller.robot_controller - INFO - 速度比设置为 0.49
2025-09-30 19:49:10,496 - root - INFO - 关节运动完成
2025-09-30 19:49:10,496 - controller.robot_controller - INFO - 运动到指定姿态完成
2025-09-30 19:49:12,501 - server.tcp_server - INFO - 新客户端连接: ('192.168.31.254', 59406)
2025-09-30 19:49:12,502 - server.tcp_server - INFO - 开始处理连接RealSense相机命令，客户端ID: client_104
2025-09-30 19:49:12,675 - controller.realsense_controller - INFO - 相机内参读取成功
2025-09-30 19:49:12,676 - controller.realsense_controller - INFO - RealSense相机连接成功
2025-09-30 19:49:12,676 - server.tcp_server - INFO - 返回成功响应: {"type": "response", "status": "success", "message": "RealSense相机连接成功", "data": {"connected": true}, "message_id": "msg_1_1759232952"}
2025-09-30 19:49:14,822 - root - INFO - 速度比设置成功
2025-09-30 19:49:14,822 - controller.robot_controller - INFO - 速度比设置为 0.49
2025-09-30 19:49:15,842 - root - INFO - 关节运动完成
2025-09-30 19:49:15,842 - controller.robot_controller - INFO - 运动到指定姿态完成
2025-09-30 19:49:17,481 - root - INFO - 速度比设置成功
2025-09-30 19:49:17,481 - controller.robot_controller - INFO - 速度比设置为 0.49
2025-09-30 19:49:18,498 - root - INFO - 关节运动完成
2025-09-30 19:49:18,499 - controller.robot_controller - INFO - 运动到指定姿态完成
2025-09-30 19:49:20,144 - root - INFO - 速度比设置成功
2025-09-30 19:49:20,144 - controller.robot_controller - INFO - 速度比设置为 0.49
2025-09-30 19:49:21,662 - root - INFO - 关节运动完成
2025-09-30 19:49:21,663 - controller.robot_controller - INFO - 运动到指定姿态完成
2025-09-30 19:49:23,311 - root - INFO - 速度比设置成功
2025-09-30 19:49:23,311 - controller.robot_controller - INFO - 速度比设置为 0.49
2025-09-30 19:49:28,343 - root - INFO - 关节运动完成
2025-09-30 19:49:28,344 - controller.robot_controller - INFO - 运动到指定姿态完成
2025-09-30 19:49:29,980 - root - INFO - 速度比设置成功
2025-09-30 19:49:29,980 - controller.robot_controller - INFO - 速度比设置为 0.49
2025-09-30 19:49:33,003 - root - INFO - 关节运动完成
2025-09-30 19:49:33,003 - controller.robot_controller - INFO - 运动到指定姿态完成
2025-09-30 19:49:34,650 - root - INFO - 速度比设置成功
2025-09-30 19:49:34,650 - controller.robot_controller - INFO - 速度比设置为 0.49
2025-09-30 19:49:37,171 - root - INFO - 关节运动完成
2025-09-30 19:49:37,172 - controller.robot_controller - INFO - 运动到指定姿态完成
2025-09-30 19:49:38,836 - root - INFO - 速度比设置成功
2025-09-30 19:49:38,836 - controller.robot_controller - INFO - 速度比设置为 0.49
2025-09-30 19:49:39,855 - root - INFO - 关节运动完成
2025-09-30 19:49:39,855 - controller.robot_controller - INFO - 运动到指定姿态完成
2025-09-30 19:49:41,499 - root - INFO - 速度比设置成功
2025-09-30 19:49:41,499 - controller.robot_controller - INFO - 速度比设置为 0.49
2025-09-30 19:49:42,516 - root - INFO - 关节运动完成
2025-09-30 19:49:42,517 - controller.robot_controller - INFO - 运动到指定姿态完成
2025-09-30 19:49:44,166 - root - INFO - 速度比设置成功
2025-09-30 19:49:44,166 - controller.robot_controller - INFO - 速度比设置为 0.49
2025-09-30 19:49:45,685 - root - INFO - 关节运动完成
2025-09-30 19:49:45,685 - controller.robot_controller - INFO - 运动到指定姿态完成
2025-09-30 19:49:47,329 - root - INFO - 速度比设置成功
2025-09-30 19:49:47,329 - controller.robot_controller - INFO - 速度比设置为 0.49
2025-09-30 19:49:48,848 - root - INFO - 关节运动完成
2025-09-30 19:49:48,848 - controller.robot_controller - INFO - 运动到指定姿态完成
2025-09-30 19:49:50,484 - root - INFO - 速度比设置成功
2025-09-30 19:49:50,484 - controller.robot_controller - INFO - 速度比设置为 0.49
2025-09-30 19:49:52,504 - root - INFO - 关节运动完成
2025-09-30 19:49:52,504 - controller.robot_controller - INFO - 运动到指定姿态完成
2025-09-30 19:49:54,158 - root - INFO - 速度比设置成功
2025-09-30 19:49:54,158 - controller.robot_controller - INFO - 速度比设置为 0.49
2025-09-30 19:49:56,680 - root - INFO - 关节运动完成
2025-09-30 19:49:56,681 - controller.robot_controller - INFO - 运动到指定姿态完成
2025-09-30 19:49:58,337 - root - INFO - 速度比设置成功
2025-09-30 19:49:58,337 - controller.robot_controller - INFO - 速度比设置为 0.49
2025-09-30 19:50:00,859 - root - INFO - 关节运动完成
2025-09-30 19:50:00,859 - controller.robot_controller - INFO - 运动到指定姿态完成
2025-09-30 19:50:02,507 - root - INFO - 速度比设置成功
2025-09-30 19:50:02,507 - controller.robot_controller - INFO - 速度比设置为 0.49
2025-09-30 19:50:05,029 - root - INFO - 关节运动完成
2025-09-30 19:50:05,029 - controller.robot_controller - INFO - 运动到指定姿态完成
2025-09-30 19:50:06,669 - root - INFO - 速度比设置成功
2025-09-30 19:50:06,669 - controller.robot_controller - INFO - 速度比设置为 0.49
2025-09-30 19:50:07,687 - root - INFO - 关节运动完成
2025-09-30 19:50:07,687 - controller.robot_controller - INFO - 运动到指定姿态完成
2025-09-30 19:50:09,336 - root - INFO - 速度比设置成功
2025-09-30 19:50:09,336 - controller.robot_controller - INFO - 速度比设置为 0.49
2025-09-30 19:50:10,855 - root - INFO - 关节运动完成
2025-09-30 19:50:10,856 - controller.robot_controller - INFO - 运动到指定姿态完成
2025-09-30 19:50:12,511 - root - INFO - 速度比设置成功
2025-09-30 19:50:12,511 - controller.robot_controller - INFO - 速度比设置为 0.49
2025-09-30 19:50:14,030 - root - INFO - 关节运动完成
2025-09-30 19:50:14,030 - controller.robot_controller - INFO - 运动到指定姿态完成
2025-09-30 19:50:15,673 - root - INFO - 速度比设置成功
2025-09-30 19:50:15,673 - controller.robot_controller - INFO - 速度比设置为 0.49
2025-09-30 19:50:18,195 - root - INFO - 关节运动完成
2025-09-30 19:50:18,195 - controller.robot_controller - INFO - 运动到指定姿态完成
2025-09-30 19:50:19,839 - root - INFO - 速度比设置成功
2025-09-30 19:50:19,840 - controller.robot_controller - INFO - 速度比设置为 0.49
2025-09-30 19:50:23,364 - root - INFO - 关节运动完成
2025-09-30 19:50:23,364 - controller.robot_controller - INFO - 运动到指定姿态完成
2025-09-30 19:50:25,014 - root - INFO - 速度比设置成功
2025-09-30 19:50:25,014 - controller.robot_controller - INFO - 速度比设置为 0.49
2025-09-30 19:50:27,540 - root - INFO - 关节运动完成
2025-09-30 19:50:27,540 - controller.robot_controller - INFO - 运动到指定姿态完成
2025-09-30 19:50:29,196 - root - INFO - 速度比设置成功
2025-09-30 19:50:29,196 - controller.robot_controller - INFO - 速度比设置为 0.49
2025-09-30 19:50:30,217 - root - INFO - 关节运动完成
2025-09-30 19:50:30,218 - controller.robot_controller - INFO - 运动到指定姿态完成
2025-09-30 19:50:31,871 - root - INFO - 速度比设置成功
2025-09-30 19:50:31,871 - controller.robot_controller - INFO - 速度比设置为 0.49
2025-09-30 19:50:32,892 - root - INFO - 关节运动完成
2025-09-30 19:50:32,893 - controller.robot_controller - INFO - 运动到指定姿态完成
2025-09-30 19:50:34,546 - root - INFO - 速度比设置成功
2025-09-30 19:50:34,546 - controller.robot_controller - INFO - 速度比设置为 0.49
2025-09-30 19:50:35,567 - root - INFO - 关节运动完成
2025-09-30 19:50:35,568 - controller.robot_controller - INFO - 运动到指定姿态完成
2025-09-30 19:50:37,225 - root - INFO - 速度比设置成功
2025-09-30 19:50:37,225 - controller.robot_controller - INFO - 速度比设置为 0.49
2025-09-30 19:50:38,748 - root - INFO - 关节运动完成
2025-09-30 19:50:38,748 - controller.robot_controller - INFO - 运动到指定姿态完成
2025-09-30 19:50:40,383 - root - INFO - 速度比设置成功
2025-09-30 19:50:40,383 - controller.robot_controller - INFO - 速度比设置为 0.49
2025-09-30 19:50:42,404 - root - INFO - 关节运动完成
2025-09-30 19:50:42,404 - controller.robot_controller - INFO - 运动到指定姿态完成
2025-09-30 19:50:44,058 - root - INFO - 速度比设置成功
2025-09-30 19:50:44,058 - controller.robot_controller - INFO - 速度比设置为 0.49
2025-09-30 19:50:46,578 - root - INFO - 关节运动完成
2025-09-30 19:50:46,578 - controller.robot_controller - INFO - 运动到指定姿态完成
2025-09-30 19:50:48,220 - root - INFO - 速度比设置成功
2025-09-30 19:50:48,220 - controller.robot_controller - INFO - 速度比设置为 0.49
2025-09-30 19:50:50,241 - root - INFO - 关节运动完成
2025-09-30 19:50:50,241 - controller.robot_controller - INFO - 运动到指定姿态完成
2025-09-30 19:50:51,879 - root - INFO - 速度比设置成功
2025-09-30 19:50:51,879 - controller.robot_controller - INFO - 速度比设置为 0.49
2025-09-30 19:50:53,398 - root - INFO - 关节运动完成
2025-09-30 19:50:53,398 - controller.robot_controller - INFO - 运动到指定姿态完成
2025-09-30 19:50:55,061 - root - INFO - 速度比设置成功
2025-09-30 19:50:55,061 - controller.robot_controller - INFO - 速度比设置为 0.49
2025-09-30 19:50:56,079 - root - INFO - 关节运动完成
2025-09-30 19:50:56,079 - controller.robot_controller - INFO - 运动到指定姿态完成
2025-09-30 19:50:57,724 - root - INFO - 速度比设置成功
2025-09-30 19:50:57,724 - controller.robot_controller - INFO - 速度比设置为 0.49
2025-09-30 19:50:59,244 - root - INFO - 关节运动完成
2025-09-30 19:50:59,244 - controller.robot_controller - INFO - 运动到指定姿态完成
2025-09-30 19:51:00,879 - root - INFO - 速度比设置成功
2025-09-30 19:51:00,879 - controller.robot_controller - INFO - 速度比设置为 0.49
2025-09-30 19:51:02,398 - root - INFO - 关节运动完成
2025-09-30 19:51:02,399 - controller.robot_controller - INFO - 运动到指定姿态完成
2025-09-30 19:51:04,053 - root - INFO - 速度比设置成功
2025-09-30 19:51:04,054 - controller.robot_controller - INFO - 速度比设置为 0.49
2025-09-30 19:51:06,075 - root - INFO - 关节运动完成
2025-09-30 19:51:06,075 - controller.robot_controller - INFO - 运动到指定姿态完成
2025-09-30 19:51:07,720 - root - INFO - 速度比设置成功
2025-09-30 19:51:07,720 - controller.robot_controller - INFO - 速度比设置为 0.49
2025-09-30 19:51:10,744 - root - INFO - 关节运动完成
2025-09-30 19:51:10,744 - controller.robot_controller - INFO - 运动到指定姿态完成
2025-09-30 19:51:12,378 - root - INFO - 速度比设置成功
2025-09-30 19:51:12,378 - controller.robot_controller - INFO - 速度比设置为 0.49
2025-09-30 19:51:14,900 - root - INFO - 关节运动完成
2025-09-30 19:51:14,900 - controller.robot_controller - INFO - 运动到指定姿态完成
2025-09-30 19:51:16,549 - root - INFO - 速度比设置成功
2025-09-30 19:51:16,549 - controller.robot_controller - INFO - 速度比设置为 0.49
2025-09-30 19:51:18,067 - root - INFO - 关节运动完成
2025-09-30 19:51:18,068 - controller.robot_controller - INFO - 运动到指定姿态完成
2025-09-30 19:51:19,707 - root - INFO - 速度比设置成功
2025-09-30 19:51:19,707 - controller.robot_controller - INFO - 速度比设置为 0.49
2025-09-30 19:51:20,729 - root - INFO - 关节运动完成
2025-09-30 19:51:20,729 - controller.robot_controller - INFO - 运动到指定姿态完成
2025-09-30 19:51:22,378 - root - INFO - 速度比设置成功
2025-09-30 19:51:22,379 - controller.robot_controller - INFO - 速度比设置为 0.49
2025-09-30 19:51:23,898 - root - INFO - 关节运动完成
2025-09-30 19:51:23,898 - controller.robot_controller - INFO - 运动到指定姿态完成
2025-09-30 19:51:25,541 - root - INFO - 速度比设置成功
2025-09-30 19:51:25,541 - controller.robot_controller - INFO - 速度比设置为 0.49
2025-09-30 19:51:27,060 - root - INFO - 关节运动完成
2025-09-30 19:51:27,061 - controller.robot_controller - INFO - 运动到指定姿态完成
2025-09-30 19:51:28,696 - root - INFO - 速度比设置成功
2025-09-30 19:51:28,696 - controller.robot_controller - INFO - 速度比设置为 0.49
2025-09-30 19:51:30,716 - root - INFO - 关节运动完成
2025-09-30 19:51:30,717 - controller.robot_controller - INFO - 运动到指定姿态完成
2025-09-30 19:51:32,366 - root - INFO - 速度比设置成功
2025-09-30 19:51:32,366 - controller.robot_controller - INFO - 速度比设置为 0.49
2025-09-30 19:51:34,387 - root - INFO - 关节运动完成
2025-09-30 19:51:34,387 - controller.robot_controller - INFO - 运动到指定姿态完成
2025-09-30 19:51:36,037 - root - INFO - 速度比设置成功
2025-09-30 19:51:36,037 - controller.robot_controller - INFO - 速度比设置为 0.49
2025-09-30 19:51:39,061 - root - INFO - 关节运动完成
2025-09-30 19:51:39,061 - controller.robot_controller - INFO - 运动到指定姿态完成
2025-09-30 19:51:40,699 - root - INFO - 速度比设置成功
2025-09-30 19:51:40,699 - controller.robot_controller - INFO - 速度比设置为 0.49
2025-09-30 19:51:43,722 - root - INFO - 关节运动完成
2025-09-30 19:51:43,722 - controller.robot_controller - INFO - 运动到指定姿态完成
2025-09-30 19:51:45,373 - root - INFO - 速度比设置成功
2025-09-30 19:51:45,373 - controller.robot_controller - INFO - 速度比设置为 0.49
2025-09-30 19:51:46,390 - root - INFO - 关节运动完成
2025-09-30 19:51:46,391 - controller.robot_controller - INFO - 运动到指定姿态完成
2025-09-30 19:51:48,048 - root - INFO - 速度比设置成功
2025-09-30 19:51:48,048 - controller.robot_controller - INFO - 速度比设置为 0.49
2025-09-30 19:51:49,566 - root - INFO - 关节运动完成
2025-09-30 19:51:49,567 - controller.robot_controller - INFO - 运动到指定姿态完成
2025-09-30 19:51:51,206 - root - INFO - 速度比设置成功
2025-09-30 19:51:51,207 - controller.robot_controller - INFO - 速度比设置为 0.49
2025-09-30 19:51:52,725 - root - INFO - 关节运动完成
2025-09-30 19:51:52,725 - controller.robot_controller - INFO - 运动到指定姿态完成
2025-09-30 19:51:54,365 - root - INFO - 速度比设置成功
2025-09-30 19:51:54,365 - controller.robot_controller - INFO - 速度比设置为 0.49
2025-09-30 19:51:56,887 - root - INFO - 关节运动完成
2025-09-30 19:51:56,887 - controller.robot_controller - INFO - 运动到指定姿态完成
2025-09-30 19:51:58,544 - root - INFO - 速度比设置成功
2025-09-30 19:51:58,544 - controller.robot_controller - INFO - 速度比设置为 0.49
2025-09-30 19:52:01,065 - root - INFO - 关节运动完成
2025-09-30 19:52:01,065 - controller.robot_controller - INFO - 运动到指定姿态完成
2025-09-30 19:52:02,706 - root - INFO - 速度比设置成功
2025-09-30 19:52:02,707 - controller.robot_controller - INFO - 速度比设置为 0.49
2025-09-30 19:52:05,731 - root - INFO - 关节运动完成
2025-09-30 19:52:05,731 - controller.robot_controller - INFO - 运动到指定姿态完成
2025-09-30 19:52:07,368 - root - INFO - 速度比设置成功
2025-09-30 19:52:07,368 - controller.robot_controller - INFO - 速度比设置为 0.49
2025-09-30 19:52:08,385 - root - INFO - 关节运动完成
2025-09-30 19:52:08,385 - controller.robot_controller - INFO - 运动到指定姿态完成
2025-09-30 19:52:10,035 - root - INFO - 速度比设置成功
2025-09-30 19:52:10,035 - controller.robot_controller - INFO - 速度比设置为 0.49
2025-09-30 19:52:11,052 - root - INFO - 关节运动完成
2025-09-30 19:52:11,052 - controller.robot_controller - INFO - 运动到指定姿态完成
2025-09-30 19:52:12,686 - root - INFO - 速度比设置成功
2025-09-30 19:52:12,686 - controller.robot_controller - INFO - 速度比设置为 0.49
2025-09-30 19:52:14,204 - root - INFO - 关节运动完成
2025-09-30 19:52:14,205 - controller.robot_controller - INFO - 运动到指定姿态完成
2025-09-30 19:52:15,848 - root - INFO - 速度比设置成功
2025-09-30 19:52:15,849 - controller.robot_controller - INFO - 速度比设置为 0.49
2025-09-30 19:52:17,368 - root - INFO - 关节运动完成
2025-09-30 19:52:17,368 - controller.robot_controller - INFO - 运动到指定姿态完成
2025-09-30 19:52:19,003 - root - INFO - 速度比设置成功
2025-09-30 19:52:19,003 - controller.robot_controller - INFO - 速度比设置为 0.49
2025-09-30 19:52:23,530 - root - INFO - 关节运动完成
2025-09-30 19:52:23,531 - controller.robot_controller - INFO - 运动到指定姿态完成
2025-09-30 19:52:25,177 - root - INFO - 速度比设置成功
2025-09-30 19:52:25,177 - controller.robot_controller - INFO - 速度比设置为 0.49
2025-09-30 19:52:27,703 - root - INFO - 关节运动完成
2025-09-30 19:52:27,703 - controller.robot_controller - INFO - 运动到指定姿态完成
2025-09-30 19:52:29,351 - root - INFO - 速度比设置成功
2025-09-30 19:52:29,351 - controller.robot_controller - INFO - 速度比设置为 0.49
2025-09-30 19:52:31,873 - root - INFO - 关节运动完成
2025-09-30 19:52:31,873 - controller.robot_controller - INFO - 运动到指定姿态完成
2025-09-30 19:52:33,990 - controller.realsense_controller - INFO - RealSense相机连接已断开
2025-09-30 19:52:33,995 - server.tcp_server - INFO - 客户端 client_104 资源已清理
2025-09-30 19:52:34,027 - root - INFO - 去使能指令发送成功，等待机器人进入去使能状态
2025-09-30 19:52:34,529 - root - INFO - 机器人已成功去使能
2025-09-30 19:52:34,529 - controller.robot_controller - INFO - 机器人已去使能
2025-09-30 19:52:34,531 - controller.robot_controller - INFO - 机器人连接已断开
2025-09-30 19:52:34,531 - server.tcp_server - INFO - 客户端 client_103 资源已清理
2025-09-30 19:54:58,623 - server.tcp_server - INFO - 新客户端连接: ('192.168.31.254', 38824)
2025-09-30 19:54:58,623 - server.tcp_server - INFO - 开始处理连接RealSense相机命令，客户端ID: client_105
2025-09-30 19:54:58,771 - controller.realsense_controller - INFO - 相机内参读取成功
2025-09-30 19:54:58,771 - controller.realsense_controller - INFO - RealSense相机连接成功
2025-09-30 19:54:58,771 - server.tcp_server - INFO - 返回成功响应: {"type": "response", "status": "success", "message": "RealSense相机连接成功", "data": {"connected": true}, "message_id": "msg_1_1759233298"}
2025-09-30 19:54:59,480 - controller.realsense_controller - INFO - RealSense相机连接已断开
2025-09-30 19:54:59,480 - server.tcp_server - INFO - 客户端 client_105 资源已清理
2025-09-30 19:55:25,093 - server.tcp_server - INFO - 新客户端连接: ('192.168.31.254', 43670)
2025-09-30 19:55:25,093 - server.tcp_server - INFO - 开始处理连接RealSense相机命令，客户端ID: client_106
2025-09-30 19:55:25,242 - controller.realsense_controller - INFO - 相机内参读取成功
2025-09-30 19:55:25,242 - controller.realsense_controller - INFO - RealSense相机连接成功
2025-09-30 19:55:25,243 - server.tcp_server - INFO - 返回成功响应: {"type": "response", "status": "success", "message": "RealSense相机连接成功", "data": {"connected": true}, "message_id": "msg_1_1759233325"}
2025-09-30 19:55:25,965 - controller.realsense_controller - INFO - RealSense相机连接已断开
2025-09-30 19:55:25,966 - server.tcp_server - INFO - 客户端 client_106 资源已清理
2025-09-30 19:55:47,329 - server.tcp_server - INFO - 新客户端连接: ('192.168.31.254', 42252)
2025-09-30 19:55:47,329 - server.tcp_server - INFO - 开始处理连接RealSense相机命令，客户端ID: client_107
2025-09-30 19:55:47,467 - controller.realsense_controller - INFO - 相机内参读取成功
2025-09-30 19:55:47,468 - controller.realsense_controller - INFO - RealSense相机连接成功
2025-09-30 19:55:47,468 - server.tcp_server - INFO - 返回成功响应: {"type": "response", "status": "success", "message": "RealSense相机连接成功", "data": {"connected": true}, "message_id": "msg_1_1759233347"}
2025-09-30 19:55:52,469 - controller.realsense_controller - ERROR - 获取深度帧失败: Frame didn't arrive within 5000
2025-09-30 19:55:52,470 - server.tcp_server - INFO - 客户端 client_107 资源已清理
2025-09-30 19:57:01,772 - server.tcp_server - INFO - 新客户端连接: ('192.168.31.254', 49060)
2025-09-30 19:57:01,772 - server.tcp_server - INFO - 开始处理连接RealSense相机命令，客户端ID: client_108
2025-09-30 19:57:01,947 - controller.realsense_controller - INFO - 相机内参读取成功
2025-09-30 19:57:01,948 - controller.realsense_controller - INFO - RealSense相机连接成功
2025-09-30 19:57:01,948 - server.tcp_server - INFO - 返回成功响应: {"type": "response", "status": "success", "message": "RealSense相机连接成功", "data": {"connected": true}, "message_id": "msg_1_1759233421"}
2025-09-30 19:57:02,743 - controller.realsense_controller - INFO - RealSense相机连接已断开
2025-09-30 19:57:02,744 - server.tcp_server - INFO - 客户端 client_108 资源已清理
2025-09-30 19:58:54,035 - server.tcp_server - INFO - 新客户端连接: ('192.168.31.254', 43022)
2025-09-30 19:58:54,036 - server.tcp_server - INFO - 开始处理连接机器人命令，客户端ID: client_109
2025-09-30 19:58:54,036 - controller.robot_controller - INFO - 正在连接机器人 192.168.0.10:10003
2025-09-30 19:58:54,036 - controller.robot_controller - INFO - 机器人连接成功
2025-09-30 19:58:54,036 - server.tcp_server - INFO - 机器人连接结果: True
2025-09-30 19:58:54,036 - server.tcp_server - INFO - 返回成功响应: {"type": "response", "status": "success", "message": "机器人连接成功", "data": {"connected": true}, "message_id": "msg_1_1759233534"}
2025-09-30 19:58:54,037 - root - INFO - 机器人已处于使能状态
2025-09-30 19:58:54,037 - controller.robot_controller - INFO - 机器人已使能
2025-09-30 19:58:59,569 - root - INFO - 关节运动完成
2025-09-30 19:58:59,569 - controller.robot_controller - INFO - 运动到指定关节位置完成
2025-09-30 19:58:59,602 - root - INFO - 去使能指令发送成功，等待机器人进入去使能状态
2025-09-30 19:59:00,104 - root - INFO - 机器人已成功去使能
2025-09-30 19:59:00,104 - controller.robot_controller - INFO - 机器人已去使能
2025-09-30 19:59:00,106 - controller.robot_controller - INFO - 机器人连接已断开
2025-09-30 19:59:00,106 - server.tcp_server - INFO - 客户端 client_109 资源已清理
2025-09-30 19:59:19,868 - server.tcp_server - INFO - 新客户端连接: ('192.168.31.254', 59164)
2025-09-30 19:59:19,868 - server.tcp_server - INFO - 开始处理连接机器人命令，客户端ID: client_110
2025-09-30 19:59:19,868 - controller.robot_controller - INFO - 正在连接机器人 192.168.0.10:10003
2025-09-30 19:59:19,868 - controller.robot_controller - INFO - 机器人连接成功
2025-09-30 19:59:19,868 - server.tcp_server - INFO - 机器人连接结果: True
2025-09-30 19:59:19,868 - server.tcp_server - INFO - 返回成功响应: {"type": "response", "status": "success", "message": "机器人连接成功", "data": {"connected": true}, "message_id": "msg_1_1759233559"}
2025-09-30 19:59:21,422 - root - INFO - 机器人已成功使能
2025-09-30 19:59:21,423 - controller.robot_controller - INFO - 机器人已使能
2025-09-30 19:59:21,940 - root - INFO - 关节运动完成
2025-09-30 19:59:21,940 - controller.robot_controller - INFO - 运动到指定关节位置完成
2025-09-30 19:59:21,949 - controller.robot_controller - ERROR - 运动到指定姿态失败: 逆运动学解算失败: 运动学逆解失败，错误码: 20031
2025-09-30 19:59:21,977 - root - INFO - 去使能指令发送成功，等待机器人进入去使能状态
2025-09-30 19:59:22,479 - root - INFO - 机器人已成功去使能
2025-09-30 19:59:22,479 - controller.robot_controller - INFO - 机器人已去使能
2025-09-30 19:59:22,480 - controller.robot_controller - INFO - 机器人连接已断开
2025-09-30 19:59:22,481 - server.tcp_server - INFO - 客户端 client_110 资源已清理
2025-09-30 19:59:28,884 - server.tcp_server - INFO - 新客户端连接: ('192.168.31.254', 49744)
2025-09-30 19:59:28,884 - server.tcp_server - INFO - 开始处理连接机器人命令，客户端ID: client_111
2025-09-30 19:59:28,884 - controller.robot_controller - INFO - 正在连接机器人 192.168.0.10:10003
2025-09-30 19:59:28,885 - controller.robot_controller - INFO - 机器人连接成功
2025-09-30 19:59:28,885 - server.tcp_server - INFO - 机器人连接结果: True
2025-09-30 19:59:28,885 - server.tcp_server - INFO - 返回成功响应: {"type": "response", "status": "success", "message": "机器人连接成功", "data": {"connected": true}, "message_id": "msg_1_1759233568"}
2025-09-30 19:59:30,440 - root - INFO - 机器人已成功使能
2025-09-30 19:59:30,440 - controller.robot_controller - INFO - 机器人已使能
2025-09-30 19:59:30,960 - root - INFO - 关节运动完成
2025-09-30 19:59:30,961 - controller.robot_controller - INFO - 运动到指定关节位置完成
2025-09-30 19:59:30,971 - controller.robot_controller - ERROR - 运动到指定姿态失败: 逆运动学解算失败: 运动学逆解失败，错误码: 20031
2025-09-30 19:59:30,998 - root - INFO - 去使能指令发送成功，等待机器人进入去使能状态
2025-09-30 19:59:31,500 - root - INFO - 机器人已成功去使能
2025-09-30 19:59:31,501 - controller.robot_controller - INFO - 机器人已去使能
2025-09-30 19:59:31,502 - controller.robot_controller - INFO - 机器人连接已断开
2025-09-30 19:59:31,503 - server.tcp_server - INFO - 客户端 client_111 资源已清理
2025-09-30 20:02:45,770 - server.tcp_server - INFO - 新客户端连接: ('192.168.31.254', 34584)
2025-09-30 20:02:45,770 - server.tcp_server - INFO - 开始处理连接机器人命令，客户端ID: client_112
2025-09-30 20:02:45,770 - controller.robot_controller - INFO - 正在连接机器人 192.168.0.10:10003
2025-09-30 20:02:45,771 - controller.robot_controller - INFO - 机器人连接成功
2025-09-30 20:02:45,771 - server.tcp_server - INFO - 机器人连接结果: True
2025-09-30 20:02:45,771 - server.tcp_server - INFO - 返回成功响应: {"type": "response", "status": "success", "message": "机器人连接成功", "data": {"connected": true}, "message_id": "msg_1_1759233765"}
2025-09-30 20:02:47,330 - root - INFO - 机器人已成功使能
2025-09-30 20:02:47,330 - controller.robot_controller - INFO - 机器人已使能
2025-09-30 20:02:50,356 - root - INFO - 关节运动完成
2025-09-30 20:02:50,356 - controller.robot_controller - INFO - 运动到指定关节位置完成
2025-09-30 20:02:50,366 - controller.robot_controller - ERROR - 运动到指定姿态失败: 逆运动学解算失败: 运动学逆解失败，错误码: 20031
2025-09-30 20:02:50,392 - root - INFO - 去使能指令发送成功，等待机器人进入去使能状态
2025-09-30 20:02:50,894 - root - INFO - 机器人已成功去使能
2025-09-30 20:02:50,894 - controller.robot_controller - INFO - 机器人已去使能
2025-09-30 20:02:50,896 - controller.robot_controller - INFO - 机器人连接已断开
2025-09-30 20:02:50,897 - server.tcp_server - INFO - 客户端 client_112 资源已清理
2025-09-30 20:03:26,855 - server.tcp_server - INFO - 新客户端连接: ('192.168.31.254', 55918)
2025-09-30 20:03:26,859 - server.tcp_server - INFO - 开始处理连接机器人命令，客户端ID: client_113
2025-09-30 20:03:26,859 - controller.robot_controller - INFO - 正在连接机器人 192.168.0.10:10003
2025-09-30 20:03:26,859 - controller.robot_controller - INFO - 机器人连接成功
2025-09-30 20:03:26,859 - server.tcp_server - INFO - 机器人连接结果: True
2025-09-30 20:03:26,859 - server.tcp_server - INFO - 返回成功响应: {"type": "response", "status": "success", "message": "机器人连接成功", "data": {"connected": true}, "message_id": "msg_1_1759233806"}
2025-09-30 20:03:28,410 - root - INFO - 机器人已成功使能
2025-09-30 20:03:28,410 - controller.robot_controller - INFO - 机器人已使能
2025-09-30 20:03:28,927 - root - INFO - 关节运动完成
2025-09-30 20:03:28,927 - controller.robot_controller - INFO - 运动到指定关节位置完成
2025-09-30 20:03:28,961 - root - INFO - 去使能指令发送成功，等待机器人进入去使能状态
2025-09-30 20:03:29,464 - root - INFO - 机器人已成功去使能
2025-09-30 20:03:29,464 - controller.robot_controller - INFO - 机器人已去使能
2025-09-30 20:03:29,465 - controller.robot_controller - INFO - 机器人连接已断开
2025-09-30 20:03:29,466 - server.tcp_server - INFO - 客户端 client_113 资源已清理
2025-09-30 20:07:34,999 - server.tcp_server - INFO - 新客户端连接: ('192.168.31.254', 44282)
2025-09-30 20:07:34,999 - server.tcp_server - INFO - 开始处理连接机器人命令，客户端ID: client_114
2025-09-30 20:07:34,999 - controller.robot_controller - INFO - 正在连接机器人 192.168.0.10:10003
2025-09-30 20:07:34,999 - controller.robot_controller - INFO - 机器人连接成功
2025-09-30 20:07:35,000 - server.tcp_server - INFO - 机器人连接结果: True
2025-09-30 20:07:35,000 - server.tcp_server - INFO - 返回成功响应: {"type": "response", "status": "success", "message": "机器人连接成功", "data": {"connected": true}, "message_id": "msg_1_1759234054"}
2025-09-30 20:07:36,551 - root - INFO - 机器人已成功使能
2025-09-30 20:07:36,551 - controller.robot_controller - INFO - 机器人已使能
2025-09-30 20:07:37,069 - root - INFO - 关节运动完成
2025-09-30 20:07:37,069 - controller.robot_controller - INFO - 运动到指定关节位置完成
2025-09-30 20:07:37,101 - root - INFO - 去使能指令发送成功，等待机器人进入去使能状态
2025-09-30 20:07:37,604 - root - INFO - 机器人已成功去使能
2025-09-30 20:07:37,604 - controller.robot_controller - INFO - 机器人已去使能
2025-09-30 20:07:37,605 - controller.robot_controller - INFO - 机器人连接已断开
2025-09-30 20:07:37,606 - server.tcp_server - INFO - 客户端 client_114 资源已清理
2025-09-30 20:08:02,275 - server.tcp_server - INFO - 新客户端连接: ('192.168.31.254', 48322)
2025-09-30 20:08:02,276 - server.tcp_server - INFO - 开始处理连接RealSense相机命令，客户端ID: client_115
2025-09-30 20:08:02,434 - controller.realsense_controller - INFO - 相机内参读取成功
2025-09-30 20:08:02,434 - controller.realsense_controller - INFO - RealSense相机连接成功
2025-09-30 20:08:02,435 - server.tcp_server - INFO - 返回成功响应: {"type": "response", "status": "success", "message": "RealSense相机连接成功", "data": {"connected": true}, "message_id": "msg_1_1759234082"}
2025-09-30 20:08:03,165 - controller.realsense_controller - INFO - RealSense相机连接已断开
2025-09-30 20:08:03,166 - server.tcp_server - INFO - 客户端 client_115 资源已清理
2025-09-30 20:08:46,663 - server.tcp_server - INFO - 新客户端连接: ('192.168.31.254', 58634)
2025-09-30 20:08:46,664 - server.tcp_server - INFO - 开始处理连接机器人命令，客户端ID: client_116
2025-09-30 20:08:46,664 - controller.robot_controller - INFO - 正在连接机器人 192.168.0.10:10003
2025-09-30 20:08:46,664 - controller.robot_controller - INFO - 机器人连接成功
2025-09-30 20:08:46,664 - server.tcp_server - INFO - 机器人连接结果: True
2025-09-30 20:08:46,664 - server.tcp_server - INFO - 返回成功响应: {"type": "response", "status": "success", "message": "机器人连接成功", "data": {"connected": true}, "message_id": "msg_1_1759234126"}
2025-09-30 20:08:48,217 - root - INFO - 机器人已成功使能
2025-09-30 20:08:48,217 - controller.robot_controller - INFO - 机器人已使能
2025-09-30 20:08:48,735 - root - INFO - 关节运动完成
2025-09-30 20:08:48,735 - controller.robot_controller - INFO - 运动到指定关节位置完成
2025-09-30 20:08:48,767 - root - INFO - 去使能指令发送成功，等待机器人进入去使能状态
2025-09-30 20:08:49,270 - root - INFO - 机器人已成功去使能
2025-09-30 20:08:49,270 - controller.robot_controller - INFO - 机器人已去使能
2025-09-30 20:08:49,271 - controller.robot_controller - INFO - 机器人连接已断开
2025-09-30 20:08:49,272 - server.tcp_server - INFO - 客户端 client_116 资源已清理
2025-09-30 20:09:05,945 - server.tcp_server - INFO - 新客户端连接: ('192.168.31.254', 41240)
2025-09-30 20:09:05,946 - server.tcp_server - INFO - 开始处理连接机器人命令，客户端ID: client_117
2025-09-30 20:09:05,946 - controller.robot_controller - INFO - 正在连接机器人 192.168.0.10:10003
2025-09-30 20:09:05,946 - controller.robot_controller - INFO - 机器人连接成功
2025-09-30 20:09:05,946 - server.tcp_server - INFO - 机器人连接结果: True
2025-09-30 20:09:05,946 - server.tcp_server - INFO - 返回成功响应: {"type": "response", "status": "success", "message": "机器人连接成功", "data": {"connected": true}, "message_id": "msg_1_1759234145"}
2025-09-30 20:09:07,498 - root - INFO - 机器人已成功使能
2025-09-30 20:09:07,498 - controller.robot_controller - INFO - 机器人已使能
2025-09-30 20:09:08,016 - root - INFO - 关节运动完成
2025-09-30 20:09:08,016 - controller.robot_controller - INFO - 运动到指定关节位置完成
2025-09-30 20:09:14,880 - root - INFO - 关节运动完成
2025-09-30 20:09:14,880 - controller.robot_controller - INFO - 运动到指定姿态完成
2025-09-30 20:09:44,976 - controller.robot_controller - ERROR - 机器人去使能失败: 机器人错误 -1: 去使能失败，当前状态不允许去使能: 5 (急停)
2025-09-30 20:09:44,976 - controller.robot_controller - INFO - 机器人连接已断开
2025-09-30 20:09:44,977 - server.tcp_server - INFO - 客户端 client_117 资源已清理
2025-10-09 11:45:27,329 - server.tcp_server - INFO - 启动控制器服务器 0.0.0.0:8888
2025-10-09 11:45:27,329 - server.tcp_server - INFO - 控制器服务器已启动
2025-10-09 11:45:33,662 - server.tcp_server - INFO - 新客户端连接: ('192.168.31.254', 37186)
2025-10-09 11:45:33,663 - server.tcp_server - INFO - 开始处理连接机器人命令，客户端ID: client_1
2025-10-09 11:45:33,663 - controller.robot_controller - INFO - 正在连接机器人 192.168.0.10:10003
2025-10-09 11:45:33,666 - controller.robot_controller - INFO - 机器人连接成功
2025-10-09 11:45:33,666 - server.tcp_server - INFO - 机器人连接结果: True
2025-10-09 11:45:33,666 - server.tcp_server - INFO - 返回成功响应: {"type": "response", "status": "success", "message": "机器人连接成功", "data": {"connected": true}, "message_id": "msg_1_1759981533"}
2025-10-09 11:45:35,217 - root - INFO - 机器人已成功使能
2025-10-09 11:45:35,217 - controller.robot_controller - INFO - 机器人已使能
2025-10-09 11:46:05,321 - controller.robot_controller - ERROR - 运动到指定关节位置失败: 关节运动执行失败: 机器人错误 -1: 等待运动完成超时
2025-10-09 11:46:12,258 - server.tcp_server - INFO - 新客户端连接: ('192.168.31.254', 39102)
2025-10-09 11:46:12,258 - server.tcp_server - INFO - 开始处理连接机器人命令，客户端ID: client_2
2025-10-09 11:46:12,258 - controller.robot_controller - INFO - 正在连接机器人 192.168.0.10:10003
2025-10-09 11:46:12,258 - controller.robot_controller - INFO - 机器人连接成功
2025-10-09 11:46:12,258 - server.tcp_server - INFO - 机器人连接结果: True
2025-10-09 11:46:12,258 - server.tcp_server - INFO - 返回成功响应: {"type": "response", "status": "success", "message": "机器人连接成功", "data": {"connected": true}, "message_id": "msg_1_1759981572"}
2025-10-09 11:46:12,259 - root - INFO - 机器人已处于使能状态
2025-10-09 11:46:12,259 - controller.robot_controller - INFO - 机器人已使能
2025-10-09 11:46:19,285 - root - INFO - 关节运动完成
2025-10-09 11:46:19,286 - controller.robot_controller - INFO - 运动到指定关节位置完成
2025-10-09 11:46:19,318 - root - INFO - 去使能指令发送成功，等待机器人进入去使能状态
2025-10-09 11:46:19,821 - root - INFO - 机器人已成功去使能
2025-10-09 11:46:19,821 - controller.robot_controller - INFO - 机器人已去使能
2025-10-09 11:46:19,822 - controller.robot_controller - INFO - 机器人连接已断开
2025-10-09 11:46:19,823 - server.tcp_server - INFO - 客户端 client_2 资源已清理
2025-10-09 11:46:19,867 - controller.robot_controller - ERROR - 机器人去使能失败: 机器人错误 -1: 获取状态失败: 机器人错误 39503: 获取状态失败，错误码: 39503
2025-10-09 11:46:19,867 - server.tcp_server - ERROR - 发送完整消息时发生错误: [Errno 32] Broken pipe
2025-10-09 11:46:19,868 - server.tcp_server - INFO - 客户端 client_1 资源已清理
2025-10-09 11:48:54,620 - server.tcp_server - INFO - 新客户端连接: ('192.168.31.254', 44552)
2025-10-09 11:48:54,620 - server.tcp_server - INFO - 开始处理连接机器人命令，客户端ID: client_3
2025-10-09 11:48:54,620 - controller.robot_controller - INFO - 正在连接机器人 192.168.0.10:10003
2025-10-09 11:48:54,621 - controller.robot_controller - INFO - 机器人连接成功
2025-10-09 11:48:54,621 - server.tcp_server - INFO - 机器人连接结果: True
2025-10-09 11:48:54,621 - server.tcp_server - INFO - 返回成功响应: {"type": "response", "status": "success", "message": "机器人连接成功", "data": {"connected": true}, "message_id": "msg_1_1759981734"}
2025-10-09 11:48:56,173 - root - INFO - 机器人已成功使能
2025-10-09 11:48:56,174 - controller.robot_controller - INFO - 机器人已使能
2025-10-09 11:48:56,694 - root - INFO - 关节运动完成
2025-10-09 11:48:56,694 - controller.robot_controller - INFO - 运动到指定关节位置完成
2025-10-09 11:48:56,723 - root - INFO - 去使能指令发送成功，等待机器人进入去使能状态
2025-10-09 11:48:57,226 - root - INFO - 机器人已成功去使能
2025-10-09 11:48:57,226 - controller.robot_controller - INFO - 机器人已去使能
2025-10-09 11:48:57,227 - controller.robot_controller - INFO - 机器人连接已断开
2025-10-09 11:48:57,228 - server.tcp_server - INFO - 客户端 client_3 资源已清理
2025-10-09 11:49:20,338 - server.tcp_server - INFO - 新客户端连接: ('192.168.31.254', 56782)
2025-10-09 11:49:20,338 - server.tcp_server - INFO - 开始处理连接机器人命令，客户端ID: client_4
2025-10-09 11:49:20,338 - controller.robot_controller - INFO - 正在连接机器人 192.168.0.10:10003
2025-10-09 11:49:20,338 - controller.robot_controller - INFO - 机器人连接成功
2025-10-09 11:49:20,338 - server.tcp_server - INFO - 机器人连接结果: True
2025-10-09 11:49:20,338 - server.tcp_server - INFO - 返回成功响应: {"type": "response", "status": "success", "message": "机器人连接成功", "data": {"connected": true}, "message_id": "msg_1_1759981760"}
2025-10-09 11:49:21,890 - root - INFO - 机器人已成功使能
2025-10-09 11:49:21,891 - controller.robot_controller - INFO - 机器人已使能
2025-10-09 11:49:22,408 - root - INFO - 关节运动完成
2025-10-09 11:49:22,408 - controller.robot_controller - INFO - 运动到指定关节位置完成
2025-10-09 11:49:22,441 - root - INFO - 去使能指令发送成功，等待机器人进入去使能状态
2025-10-09 11:49:22,944 - root - INFO - 机器人已成功去使能
2025-10-09 11:49:22,944 - controller.robot_controller - INFO - 机器人已去使能
2025-10-09 11:49:22,945 - controller.robot_controller - INFO - 机器人连接已断开
2025-10-09 11:49:22,946 - server.tcp_server - INFO - 客户端 client_4 资源已清理
2025-10-09 11:50:51,963 - server.tcp_server - INFO - 正在停止控制器服务器...
2025-10-09 11:50:51,964 - server.tcp_server - INFO - 控制器服务器已停止
2025-10-09 11:50:53,663 - server.tcp_server - INFO - 启动控制器服务器 0.0.0.0:8888
2025-10-09 11:50:53,663 - server.tcp_server - INFO - 控制器服务器已启动
2025-10-09 11:51:09,098 - server.tcp_server - INFO - 新客户端连接: ('192.168.31.254', 59108)
2025-10-09 11:51:09,099 - server.tcp_server - INFO - 开始处理连接机器人命令，客户端ID: client_1
2025-10-09 11:51:09,099 - controller.robot_controller - INFO - 正在连接机器人 192.168.0.10:10003
2025-10-09 11:51:09,099 - controller.robot_controller - INFO - 机器人连接成功
2025-10-09 11:51:09,099 - server.tcp_server - INFO - 机器人连接结果: True
2025-10-09 11:51:09,099 - server.tcp_server - INFO - 返回成功响应: {"type": "response", "status": "success", "message": "机器人连接成功", "data": {"connected": true}, "message_id": "msg_1_1759981869"}
2025-10-09 11:51:10,652 - root - INFO - 机器人已成功使能
2025-10-09 11:51:10,652 - controller.robot_controller - INFO - 机器人已使能
2025-10-09 11:51:11,173 - root - INFO - 关节运动完成
2025-10-09 11:51:11,173 - controller.robot_controller - INFO - 运动到指定关节位置完成
2025-10-09 11:51:11,209 - root - INFO - 去使能指令发送成功，等待机器人进入去使能状态
2025-10-09 11:51:11,712 - root - INFO - 机器人已成功去使能
2025-10-09 11:51:11,712 - controller.robot_controller - INFO - 机器人已去使能
2025-10-09 11:51:11,713 - controller.robot_controller - INFO - 机器人连接已断开
2025-10-09 11:51:11,714 - server.tcp_server - INFO - 客户端 client_1 资源已清理
2025-10-09 12:43:35,995 - server.tcp_server - INFO - 新客户端连接: ('192.168.31.254', 40190)
2025-10-09 12:43:35,996 - server.tcp_server - INFO - 开始处理连接机器人命令，客户端ID: client_2
2025-10-09 12:43:35,996 - controller.robot_controller - INFO - 正在连接机器人 192.168.0.10:10003
2025-10-09 12:43:35,996 - controller.robot_controller - INFO - 机器人连接成功
2025-10-09 12:43:35,996 - server.tcp_server - INFO - 机器人连接结果: True
2025-10-09 12:43:35,996 - server.tcp_server - INFO - 返回成功响应: {"type": "response", "status": "success", "message": "机器人连接成功", "data": {"connected": true}, "message_id": "msg_1_1759985015"}
2025-10-09 12:43:37,548 - root - INFO - 机器人已成功使能
2025-10-09 12:43:37,549 - controller.robot_controller - INFO - 机器人已使能
2025-10-09 12:43:38,066 - root - INFO - 关节运动完成
2025-10-09 12:43:38,066 - controller.robot_controller - INFO - 运动到指定关节位置完成
2025-10-09 12:43:38,100 - root - INFO - 去使能指令发送成功，等待机器人进入去使能状态
2025-10-09 12:43:38,603 - root - INFO - 机器人已成功去使能
2025-10-09 12:43:38,603 - controller.robot_controller - INFO - 机器人已去使能
2025-10-09 12:43:38,604 - controller.robot_controller - INFO - 机器人连接已断开
2025-10-09 12:43:38,604 - server.tcp_server - INFO - 客户端 client_2 资源已清理
2025-10-09 12:44:58,751 - server.tcp_server - INFO - 新客户端连接: ('192.168.31.254', 45776)
2025-10-09 12:44:58,751 - server.tcp_server - INFO - 开始处理连接机器人命令，客户端ID: client_3
2025-10-09 12:44:58,751 - controller.robot_controller - INFO - 正在连接机器人 192.168.0.10:10003
2025-10-09 12:44:58,751 - controller.robot_controller - INFO - 机器人连接成功
2025-10-09 12:44:58,751 - server.tcp_server - INFO - 机器人连接结果: True
2025-10-09 12:44:58,751 - server.tcp_server - INFO - 返回成功响应: {"type": "response", "status": "success", "message": "机器人连接成功", "data": {"connected": true}, "message_id": "msg_1_1759985098"}
2025-10-09 12:45:00,304 - root - INFO - 机器人已成功使能
2025-10-09 12:45:00,304 - controller.robot_controller - INFO - 机器人已使能
2025-10-09 12:45:00,825 - root - INFO - 关节运动完成
2025-10-09 12:45:00,825 - controller.robot_controller - INFO - 运动到指定关节位置完成
2025-10-09 12:45:30,940 - controller.robot_controller - ERROR - 运动到指定姿态失败: 关节运动执行失败: 机器人错误 -1: 等待运动完成超时
2025-10-09 12:46:01,036 - controller.robot_controller - ERROR - 机器人去使能失败: 机器人错误 -1: 去使能失败，当前状态不允许去使能: 25 (机器人运动中)
2025-10-09 12:46:01,037 - controller.robot_controller - INFO - 机器人连接已断开
2025-10-09 12:46:01,037 - server.tcp_server - ERROR - 发送完整消息时发生错误: [Errno 32] Broken pipe
2025-10-09 12:46:01,037 - server.tcp_server - INFO - 客户端 client_3 资源已清理
2025-10-09 14:09:07,474 - server.tcp_server - INFO - 新客户端连接: ('192.168.31.254', 40594)
2025-10-09 14:09:07,475 - server.tcp_server - INFO - 开始处理连接机器人命令，客户端ID: client_4
2025-10-09 14:09:07,475 - controller.robot_controller - INFO - 正在连接机器人 192.168.0.10:10003
2025-10-09 14:09:07,475 - controller.robot_controller - INFO - 机器人连接成功
2025-10-09 14:09:07,475 - server.tcp_server - INFO - 机器人连接结果: True
2025-10-09 14:09:07,475 - server.tcp_server - INFO - 返回成功响应: {"type": "response", "status": "success", "message": "机器人连接成功", "data": {"connected": true}, "message_id": "msg_1_1759990147"}
2025-10-09 14:09:07,480 - controller.robot_controller - ERROR - 机器人使能失败: 机器人错误 20018: 使能机器人失败: command forbidden in this state{5---EmergencyStop}
2025-10-09 14:09:23,076 - server.tcp_server - INFO - 新客户端连接: ('192.168.31.254', 50912)
2025-10-09 14:09:23,077 - server.tcp_server - INFO - 开始处理连接机器人命令，客户端ID: client_5
2025-10-09 14:09:23,077 - controller.robot_controller - INFO - 正在连接机器人 192.168.0.10:10003
2025-10-09 14:09:23,077 - controller.robot_controller - INFO - 机器人连接成功
2025-10-09 14:09:23,077 - server.tcp_server - INFO - 机器人连接结果: True
2025-10-09 14:09:23,077 - server.tcp_server - INFO - 返回成功响应: {"type": "response", "status": "success", "message": "机器人连接成功", "data": {"connected": true}, "message_id": "msg_1_1759990163"}
2025-10-09 14:09:23,080 - controller.robot_controller - ERROR - 机器人使能失败: 机器人错误 20018: 使能机器人失败: command forbidden in this state{14---ControllerDisconnect}
2025-10-09 14:09:33,550 - server.tcp_server - INFO - 新客户端连接: ('192.168.31.254', 54960)
2025-10-09 14:09:33,550 - server.tcp_server - INFO - 开始处理连接机器人命令，客户端ID: client_6
2025-10-09 14:09:33,550 - controller.robot_controller - INFO - 正在连接机器人 192.168.0.10:10003
2025-10-09 14:09:33,550 - controller.robot_controller - INFO - 机器人连接成功
2025-10-09 14:09:33,550 - server.tcp_server - INFO - 机器人连接结果: True
2025-10-09 14:09:33,550 - server.tcp_server - INFO - 返回成功响应: {"type": "response", "status": "success", "message": "机器人连接成功", "data": {"connected": true}, "message_id": "msg_1_1759990173"}
2025-10-09 14:09:33,553 - controller.robot_controller - ERROR - 机器人使能失败: 机器人错误 20018: 使能机器人失败: command forbidden in this state{15---ControllerConnecting}
2025-10-09 14:09:37,972 - controller.robot_controller - ERROR - 机器人去使能失败: 机器人错误 -1: 去使能失败，当前状态不允许去使能: 24 (机器人去使能)
2025-10-09 14:09:37,974 - root - INFO - 机器人已处于去使能状态
2025-10-09 14:09:37,974 - controller.robot_controller - INFO - 机器人已去使能
2025-10-09 14:09:37,974 - server.tcp_server - INFO - 客户端 client_4 的机器人已去使能
2025-10-09 14:09:37,974 - controller.robot_controller - INFO - 机器人连接已断开
2025-10-09 14:09:37,974 - server.tcp_server - INFO - 客户端 client_4 的机器人连接已断开
2025-10-09 14:09:37,974 - server.tcp_server - INFO - 客户端 client_4 资源已清理
2025-10-09 14:09:38,472 - controller.robot_controller - ERROR - 机器人去使能失败: 机器人错误 -1: 获取状态失败: 机器人错误 39503: 获取状态失败，错误码: 39503
2025-10-09 14:09:38,472 - controller.robot_controller - ERROR - 机器人未连接，无法去使能
2025-10-09 14:09:38,473 - server.tcp_server - INFO - 客户端 client_5 的机器人已去使能
2025-10-09 14:09:38,473 - server.tcp_server - INFO - 客户端 client_5 的机器人连接已断开
2025-10-09 14:09:38,473 - server.tcp_server - INFO - 客户端 client_5 资源已清理
2025-10-09 14:09:38,474 - controller.robot_controller - ERROR - 机器人去使能失败: 机器人错误 -1: 获取状态失败: 机器人错误 39503: 获取状态失败，错误码: 39503
2025-10-09 14:09:38,475 - controller.robot_controller - ERROR - 机器人未连接，无法去使能
2025-10-09 14:09:38,475 - server.tcp_server - INFO - 客户端 client_6 的机器人已去使能
2025-10-09 14:09:38,475 - server.tcp_server - INFO - 客户端 client_6 的机器人连接已断开
2025-10-09 14:09:38,475 - server.tcp_server - INFO - 客户端 client_6 资源已清理
2025-10-09 14:09:40,301 - server.tcp_server - INFO - 新客户端连接: ('192.168.31.254', 55310)
2025-10-09 14:09:40,302 - server.tcp_server - INFO - 开始处理连接机器人命令，客户端ID: client_7
2025-10-09 14:09:40,302 - controller.robot_controller - INFO - 正在连接机器人 192.168.0.10:10003
2025-10-09 14:09:40,302 - controller.robot_controller - INFO - 机器人连接成功
2025-10-09 14:09:40,302 - server.tcp_server - INFO - 机器人连接结果: True
2025-10-09 14:09:40,302 - server.tcp_server - INFO - 返回成功响应: {"type": "response", "status": "success", "message": "机器人连接成功", "data": {"connected": true}, "message_id": "msg_1_1759990180"}
2025-10-09 14:09:41,852 - root - INFO - 机器人已成功使能
2025-10-09 14:09:41,852 - controller.robot_controller - INFO - 机器人已使能
2025-10-09 14:10:11,959 - controller.robot_controller - ERROR - 运动到指定关节位置失败: 关节运动执行失败: 机器人错误 -1: 等待运动完成超时
2025-10-09 14:10:27,033 - root - INFO - 去使能指令发送成功，等待机器人进入去使能状态
2025-10-09 14:10:27,535 - root - INFO - 机器人已成功去使能
2025-10-09 14:10:27,535 - controller.robot_controller - INFO - 机器人已去使能
2025-10-09 14:10:27,536 - controller.robot_controller - INFO - 机器人连接已断开
2025-10-09 14:10:27,536 - server.tcp_server - INFO - 客户端 client_7 资源已清理
2025-10-09 14:10:45,928 - server.tcp_server - INFO - 新客户端连接: ('192.168.31.254', 43678)
2025-10-09 14:10:45,929 - server.tcp_server - INFO - 开始处理连接RealSense相机命令，客户端ID: client_8
2025-10-09 14:10:46,054 - controller.realsense_controller - INFO - 相机内参读取成功
2025-10-09 14:10:46,054 - controller.realsense_controller - INFO - RealSense相机连接成功
2025-10-09 14:10:46,054 - server.tcp_server - INFO - 返回成功响应: {"type": "response", "status": "success", "message": "RealSense相机连接成功", "data": {"connected": true}, "message_id": "msg_1_1759990245"}
2025-10-09 14:10:46,689 - controller.realsense_controller - INFO - RealSense相机连接已断开
2025-10-09 14:10:46,690 - server.tcp_server - INFO - 客户端 client_8 资源已清理
2025-10-09 14:15:44,310 - server.tcp_server - INFO - 新客户端连接: ('192.168.31.254', 60448)
2025-10-09 14:15:44,310 - server.tcp_server - INFO - 开始处理连接机器人命令，客户端ID: client_9
2025-10-09 14:15:44,310 - controller.robot_controller - INFO - 正在连接机器人 192.168.0.10:10003
2025-10-09 14:15:44,311 - controller.robot_controller - INFO - 机器人连接成功
2025-10-09 14:15:44,311 - server.tcp_server - INFO - 机器人连接结果: True
2025-10-09 14:15:44,311 - server.tcp_server - INFO - 返回成功响应: {"type": "response", "status": "success", "message": "机器人连接成功", "data": {"connected": true}, "message_id": "msg_1_1759990544"}
2025-10-09 14:15:45,866 - root - INFO - 机器人已成功使能
2025-10-09 14:15:45,866 - controller.robot_controller - INFO - 机器人已使能
2025-10-09 14:15:46,387 - root - INFO - 关节运动完成
2025-10-09 14:15:46,387 - controller.robot_controller - INFO - 运动到指定关节位置完成
2025-10-09 14:15:46,419 - root - INFO - 去使能指令发送成功，等待机器人进入去使能状态
2025-10-09 14:15:46,922 - root - INFO - 机器人已成功去使能
2025-10-09 14:15:46,922 - controller.robot_controller - INFO - 机器人已去使能
2025-10-09 14:15:46,923 - controller.robot_controller - INFO - 机器人连接已断开
2025-10-09 14:15:46,924 - server.tcp_server - INFO - 客户端 client_9 资源已清理
2025-10-09 14:18:12,435 - server.tcp_server - INFO - 新客户端连接: ('192.168.31.254', 46138)
2025-10-09 14:18:12,436 - server.tcp_server - INFO - 开始处理连接RealSense相机命令，客户端ID: client_10
2025-10-09 14:18:12,603 - controller.realsense_controller - INFO - 相机内参读取成功
2025-10-09 14:18:12,603 - controller.realsense_controller - INFO - RealSense相机连接成功
2025-10-09 14:18:12,604 - server.tcp_server - INFO - 返回成功响应: {"type": "response", "status": "success", "message": "RealSense相机连接成功", "data": {"connected": true}, "message_id": "msg_1_1759990692"}
2025-10-09 14:21:40,602 - controller.realsense_controller - INFO - RealSense相机连接已断开
2025-10-09 14:21:40,607 - server.tcp_server - INFO - 客户端 client_10 资源已清理
2025-10-09 14:26:13,437 - server.tcp_server - INFO - 新客户端连接: ('192.168.31.254', 35584)
2025-10-09 14:26:13,438 - server.tcp_server - INFO - 开始处理连接机器人命令，客户端ID: client_11
2025-10-09 14:26:13,438 - controller.robot_controller - INFO - 正在连接机器人 192.168.0.10:10003
2025-10-09 14:26:13,438 - controller.robot_controller - INFO - 机器人连接成功
2025-10-09 14:26:13,438 - server.tcp_server - INFO - 机器人连接结果: True
2025-10-09 14:26:13,438 - server.tcp_server - INFO - 返回成功响应: {"type": "response", "status": "success", "message": "机器人连接成功", "data": {"connected": true}, "message_id": "msg_1_1759991173"}
2025-10-09 14:26:13,440 - root - INFO - 机器人已处于使能状态
2025-10-09 14:26:13,440 - controller.robot_controller - INFO - 机器人已使能
2025-10-09 14:26:13,444 - controller.robot_controller - ERROR - 设置速度比失败: 机器人错误 20018: 设置速度比失败: command forbidden in this state{31---FreeDriver}
2025-10-09 14:26:15,447 - server.tcp_server - INFO - 新客户端连接: ('192.168.31.254', 35594)
2025-10-09 14:26:15,448 - server.tcp_server - INFO - 开始处理连接RealSense相机命令，客户端ID: client_12
2025-10-09 14:26:15,608 - controller.realsense_controller - INFO - 相机内参读取成功
2025-10-09 14:26:15,608 - controller.realsense_controller - INFO - RealSense相机连接成功
2025-10-09 14:26:15,608 - server.tcp_server - INFO - 返回成功响应: {"type": "response", "status": "success", "message": "RealSense相机连接成功", "data": {"connected": true}, "message_id": "msg_1_1759991175"}
2025-10-09 14:26:16,256 - controller.robot_controller - ERROR - 设置速度比失败: 机器人错误 20018: 设置速度比失败: command forbidden in this state{31---FreeDriver}
2025-10-09 14:26:17,906 - root - INFO - 速度比设置成功
2025-10-09 14:26:17,907 - controller.robot_controller - INFO - 速度比设置为 0.49
2025-10-09 14:26:18,929 - root - INFO - 关节运动完成
2025-10-09 14:26:18,929 - controller.robot_controller - INFO - 运动到指定姿态完成
2025-10-09 14:26:20,477 - root - INFO - 速度比设置成功
2025-10-09 14:26:20,478 - controller.robot_controller - INFO - 速度比设置为 0.49
2025-10-09 14:26:21,996 - root - INFO - 关节运动完成
2025-10-09 14:26:21,996 - controller.robot_controller - INFO - 运动到指定姿态完成
2025-10-09 14:26:23,544 - root - INFO - 速度比设置成功
2025-10-09 14:26:23,544 - controller.robot_controller - INFO - 速度比设置为 0.49
2025-10-09 14:26:24,883 - server.tcp_server - INFO - 客户端 client_12 资源已清理
2025-10-09 14:26:25,564 - root - INFO - 关节运动完成
2025-10-09 14:26:25,564 - controller.robot_controller - INFO - 运动到指定姿态完成
2025-10-09 14:26:25,589 - root - INFO - 去使能指令发送成功，等待机器人进入去使能状态
2025-10-09 14:26:26,091 - root - INFO - 机器人已成功去使能
2025-10-09 14:26:26,091 - controller.robot_controller - INFO - 机器人已去使能
2025-10-09 14:26:26,091 - server.tcp_server - INFO - 客户端 client_11 的机器人已去使能
2025-10-09 14:26:26,091 - controller.robot_controller - INFO - 机器人连接已断开
2025-10-09 14:26:26,092 - server.tcp_server - INFO - 客户端 client_11 的机器人连接已断开
2025-10-09 14:26:26,092 - server.tcp_server - INFO - 客户端 client_11 资源已清理
2025-10-09 14:26:34,171 - server.tcp_server - INFO - 新客户端连接: ('192.168.31.254', 47254)
2025-10-09 14:26:34,171 - server.tcp_server - INFO - 开始处理连接机器人命令，客户端ID: client_13
2025-10-09 14:26:34,171 - controller.robot_controller - INFO - 正在连接机器人 192.168.0.10:10003
2025-10-09 14:26:34,171 - controller.robot_controller - INFO - 机器人连接成功
2025-10-09 14:26:34,171 - server.tcp_server - INFO - 机器人连接结果: True
2025-10-09 14:26:34,171 - server.tcp_server - INFO - 返回成功响应: {"type": "response", "status": "success", "message": "机器人连接成功", "data": {"connected": true}, "message_id": "msg_1_1759991194"}
2025-10-09 14:26:35,722 - root - INFO - 机器人已成功使能
2025-10-09 14:26:35,723 - controller.robot_controller - INFO - 机器人已使能
2025-10-09 14:26:35,727 - root - INFO - 速度比设置成功
2025-10-09 14:26:35,728 - controller.robot_controller - INFO - 速度比设置为 0.49
2025-10-09 14:26:37,751 - root - INFO - 关节运动完成
2025-10-09 14:26:37,752 - controller.robot_controller - INFO - 运动到指定姿态完成
2025-10-09 14:26:39,756 - server.tcp_server - INFO - 新客户端连接: ('192.168.31.254', 38024)
2025-10-09 14:26:39,757 - server.tcp_server - INFO - 开始处理连接RealSense相机命令，客户端ID: client_14
2025-10-09 14:26:40,119 - controller.realsense_controller - INFO - 相机内参读取成功
2025-10-09 14:26:40,119 - controller.realsense_controller - INFO - RealSense相机连接成功
2025-10-09 14:26:40,119 - server.tcp_server - INFO - 返回成功响应: {"type": "response", "status": "success", "message": "RealSense相机连接成功", "data": {"connected": true}, "message_id": "msg_1_1759991199"}
2025-10-09 14:26:40,855 - root - INFO - 速度比设置成功
2025-10-09 14:26:40,855 - controller.robot_controller - INFO - 速度比设置为 0.49
2025-10-09 14:26:41,875 - root - INFO - 关节运动完成
2025-10-09 14:26:41,875 - controller.robot_controller - INFO - 运动到指定姿态完成
2025-10-09 14:26:43,532 - root - INFO - 速度比设置成功
2025-10-09 14:26:43,532 - controller.robot_controller - INFO - 速度比设置为 0.49
2025-10-09 14:26:44,554 - root - INFO - 关节运动完成
2025-10-09 14:26:44,554 - controller.robot_controller - INFO - 运动到指定姿态完成
2025-10-09 14:26:46,215 - root - INFO - 速度比设置成功
2025-10-09 14:26:46,215 - controller.robot_controller - INFO - 速度比设置为 0.49
2025-10-09 14:26:47,738 - root - INFO - 关节运动完成
2025-10-09 14:26:47,738 - controller.robot_controller - INFO - 运动到指定姿态完成
2025-10-09 14:26:49,398 - root - INFO - 速度比设置成功
2025-10-09 14:26:49,398 - controller.robot_controller - INFO - 速度比设置为 0.49
2025-10-09 14:26:51,425 - root - INFO - 关节运动完成
2025-10-09 14:26:51,425 - controller.robot_controller - INFO - 运动到指定姿态完成
2025-10-09 14:26:53,072 - root - INFO - 速度比设置成功
2025-10-09 14:26:53,073 - controller.robot_controller - INFO - 速度比设置为 0.49
2025-10-09 14:26:56,099 - root - INFO - 关节运动完成
2025-10-09 14:26:56,099 - controller.robot_controller - INFO - 运动到指定姿态完成
2025-10-09 14:26:57,747 - root - INFO - 速度比设置成功
2025-10-09 14:26:57,747 - controller.robot_controller - INFO - 速度比设置为 0.49
2025-10-09 14:27:00,273 - root - INFO - 关节运动完成
2025-10-09 14:27:00,273 - controller.robot_controller - INFO - 运动到指定姿态完成
2025-10-09 14:27:01,926 - root - INFO - 速度比设置成功
2025-10-09 14:27:01,926 - controller.robot_controller - INFO - 速度比设置为 0.49
2025-10-09 14:27:03,447 - root - INFO - 关节运动完成
2025-10-09 14:27:03,447 - controller.robot_controller - INFO - 运动到指定姿态完成
2025-10-09 14:27:05,103 - root - INFO - 速度比设置成功
2025-10-09 14:27:05,104 - controller.robot_controller - INFO - 速度比设置为 0.49
2025-10-09 14:27:06,121 - root - INFO - 关节运动完成
2025-10-09 14:27:06,121 - controller.robot_controller - INFO - 运动到指定姿态完成
2025-10-09 14:27:07,767 - root - INFO - 速度比设置成功
2025-10-09 14:27:07,767 - controller.robot_controller - INFO - 速度比设置为 0.49
2025-10-09 14:27:08,787 - root - INFO - 关节运动完成
2025-10-09 14:27:08,787 - controller.robot_controller - INFO - 运动到指定姿态完成
2025-10-09 14:27:10,429 - root - INFO - 速度比设置成功
2025-10-09 14:27:10,429 - controller.robot_controller - INFO - 速度比设置为 0.49
2025-10-09 14:27:11,952 - root - INFO - 关节运动完成
2025-10-09 14:27:11,953 - controller.robot_controller - INFO - 运动到指定姿态完成
2025-10-09 14:27:13,612 - root - INFO - 速度比设置成功
2025-10-09 14:27:13,612 - controller.robot_controller - INFO - 速度比设置为 0.49
2025-10-09 14:27:15,632 - root - INFO - 关节运动完成
2025-10-09 14:27:15,632 - controller.robot_controller - INFO - 运动到指定姿态完成
2025-10-09 14:27:17,283 - root - INFO - 速度比设置成功
2025-10-09 14:27:17,283 - controller.robot_controller - INFO - 速度比设置为 0.49
2025-10-09 14:27:19,808 - root - INFO - 关节运动完成
2025-10-09 14:27:19,808 - controller.robot_controller - INFO - 运动到指定姿态完成
2025-10-09 14:27:21,449 - root - INFO - 速度比设置成功
2025-10-09 14:27:21,449 - controller.robot_controller - INFO - 速度比设置为 0.49
2025-10-09 14:27:23,977 - root - INFO - 关节运动完成
2025-10-09 14:27:23,977 - controller.robot_controller - INFO - 运动到指定姿态完成
2025-10-09 14:27:25,623 - root - INFO - 速度比设置成功
2025-10-09 14:27:25,624 - controller.robot_controller - INFO - 速度比设置为 0.49
2025-10-09 14:27:27,147 - root - INFO - 关节运动完成
2025-10-09 14:27:27,147 - controller.robot_controller - INFO - 运动到指定姿态完成
2025-10-09 14:27:28,806 - root - INFO - 速度比设置成功
2025-10-09 14:27:28,806 - controller.robot_controller - INFO - 速度比设置为 0.49
2025-10-09 14:27:29,828 - root - INFO - 关节运动完成
2025-10-09 14:27:29,828 - controller.robot_controller - INFO - 运动到指定姿态完成
2025-10-09 14:27:31,465 - root - INFO - 速度比设置成功
2025-10-09 14:27:31,465 - controller.robot_controller - INFO - 速度比设置为 0.49
2025-10-09 14:27:32,987 - root - INFO - 关节运动完成
2025-10-09 14:27:32,987 - controller.robot_controller - INFO - 运动到指定姿态完成
2025-10-09 14:27:34,632 - root - INFO - 速度比设置成功
2025-10-09 14:27:34,632 - controller.robot_controller - INFO - 速度比设置为 0.49
2025-10-09 14:27:36,155 - root - INFO - 关节运动完成
2025-10-09 14:27:36,155 - controller.robot_controller - INFO - 运动到指定姿态完成
2025-10-09 14:27:37,802 - root - INFO - 速度比设置成功
2025-10-09 14:27:37,802 - controller.robot_controller - INFO - 速度比设置为 0.49
2025-10-09 14:27:39,323 - root - INFO - 关节运动完成
2025-10-09 14:27:39,323 - controller.robot_controller - INFO - 运动到指定姿态完成
2025-10-09 14:27:40,957 - root - INFO - 速度比设置成功
2025-10-09 14:27:40,957 - controller.robot_controller - INFO - 速度比设置为 0.49
2025-10-09 14:27:42,977 - root - INFO - 关节运动完成
2025-10-09 14:27:42,977 - controller.robot_controller - INFO - 运动到指定姿态完成
2025-10-09 14:27:44,628 - root - INFO - 速度比设置成功
2025-10-09 14:27:44,628 - controller.robot_controller - INFO - 速度比设置为 0.49
2025-10-09 14:27:47,153 - root - INFO - 关节运动完成
2025-10-09 14:27:47,154 - controller.robot_controller - INFO - 运动到指定姿态完成
2025-10-09 14:27:48,802 - root - INFO - 速度比设置成功
2025-10-09 14:27:48,802 - controller.robot_controller - INFO - 速度比设置为 0.49
2025-10-09 14:27:51,327 - root - INFO - 关节运动完成
2025-10-09 14:27:51,327 - controller.robot_controller - INFO - 运动到指定姿态完成
2025-10-09 14:27:52,968 - root - INFO - 速度比设置成功
2025-10-09 14:27:52,968 - controller.robot_controller - INFO - 速度比设置为 0.49
2025-10-09 14:27:53,985 - root - INFO - 关节运动完成
2025-10-09 14:27:53,985 - controller.robot_controller - INFO - 运动到指定姿态完成
2025-10-09 14:27:55,627 - root - INFO - 速度比设置成功
2025-10-09 14:27:55,627 - controller.robot_controller - INFO - 速度比设置为 0.49
2025-10-09 14:27:57,151 - root - INFO - 关节运动完成
2025-10-09 14:27:57,151 - controller.robot_controller - INFO - 运动到指定姿态完成
2025-10-09 14:27:58,798 - root - INFO - 速度比设置成功
2025-10-09 14:27:58,798 - controller.robot_controller - INFO - 速度比设置为 0.49
2025-10-09 14:28:00,321 - root - INFO - 关节运动完成
2025-10-09 14:28:00,321 - controller.robot_controller - INFO - 运动到指定姿态完成
2025-10-09 14:28:01,964 - root - INFO - 速度比设置成功
2025-10-09 14:28:01,965 - controller.robot_controller - INFO - 速度比设置为 0.49
2025-10-09 14:28:04,490 - root - INFO - 关节运动完成
2025-10-09 14:28:04,490 - controller.robot_controller - INFO - 运动到指定姿态完成
2025-10-09 14:28:06,127 - root - INFO - 速度比设置成功
2025-10-09 14:28:06,128 - controller.robot_controller - INFO - 速度比设置为 0.49
2025-10-09 14:28:09,655 - root - INFO - 关节运动完成
2025-10-09 14:28:09,656 - controller.robot_controller - INFO - 运动到指定姿态完成
2025-10-09 14:28:11,305 - root - INFO - 速度比设置成功
2025-10-09 14:28:11,305 - controller.robot_controller - INFO - 速度比设置为 0.49
2025-10-09 14:28:13,831 - root - INFO - 关节运动完成
2025-10-09 14:28:13,831 - controller.robot_controller - INFO - 运动到指定姿态完成
2025-10-09 14:28:15,475 - root - INFO - 速度比设置成功
2025-10-09 14:28:15,475 - controller.robot_controller - INFO - 速度比设置为 0.49
2025-10-09 14:28:16,497 - root - INFO - 关节运动完成
2025-10-09 14:28:16,497 - controller.robot_controller - INFO - 运动到指定姿态完成
2025-10-09 14:28:18,138 - root - INFO - 速度比设置成功
2025-10-09 14:28:18,138 - controller.robot_controller - INFO - 速度比设置为 0.49
2025-10-09 14:28:19,159 - root - INFO - 关节运动完成
2025-10-09 14:28:19,160 - controller.robot_controller - INFO - 运动到指定姿态完成
2025-10-09 14:28:20,809 - root - INFO - 速度比设置成功
2025-10-09 14:28:20,809 - controller.robot_controller - INFO - 速度比设置为 0.49
2025-10-09 14:28:21,827 - root - INFO - 关节运动完成
2025-10-09 14:28:21,827 - controller.robot_controller - INFO - 运动到指定姿态完成
2025-10-09 14:28:23,472 - root - INFO - 速度比设置成功
2025-10-09 14:28:23,472 - controller.robot_controller - INFO - 速度比设置为 0.49
2025-10-09 14:28:24,996 - root - INFO - 关节运动完成
2025-10-09 14:28:24,996 - controller.robot_controller - INFO - 运动到指定姿态完成
2025-10-09 14:28:26,634 - root - INFO - 速度比设置成功
2025-10-09 14:28:26,635 - controller.robot_controller - INFO - 速度比设置为 0.49
2025-10-09 14:28:28,660 - root - INFO - 关节运动完成
2025-10-09 14:28:28,660 - controller.robot_controller - INFO - 运动到指定姿态完成
2025-10-09 14:28:30,309 - root - INFO - 速度比设置成功
2025-10-09 14:28:30,309 - controller.robot_controller - INFO - 速度比设置为 0.49
2025-10-09 14:28:33,336 - root - INFO - 关节运动完成
2025-10-09 14:28:33,336 - controller.robot_controller - INFO - 运动到指定姿态完成
2025-10-09 14:28:34,983 - root - INFO - 速度比设置成功
2025-10-09 14:28:34,983 - controller.robot_controller - INFO - 速度比设置为 0.49
2025-10-09 14:28:37,008 - root - INFO - 关节运动完成
2025-10-09 14:28:37,008 - controller.robot_controller - INFO - 运动到指定姿态完成
2025-10-09 14:28:38,646 - root - INFO - 速度比设置成功
2025-10-09 14:28:38,646 - controller.robot_controller - INFO - 速度比设置为 0.49
2025-10-09 14:28:39,667 - root - INFO - 关节运动完成
2025-10-09 14:28:39,667 - controller.robot_controller - INFO - 运动到指定姿态完成
2025-10-09 14:28:41,316 - root - INFO - 速度比设置成功
2025-10-09 14:28:41,317 - controller.robot_controller - INFO - 速度比设置为 0.49
2025-10-09 14:28:42,334 - root - INFO - 关节运动完成
2025-10-09 14:28:42,334 - controller.robot_controller - INFO - 运动到指定姿态完成
2025-10-09 14:28:43,991 - root - INFO - 速度比设置成功
2025-10-09 14:28:43,992 - controller.robot_controller - INFO - 速度比设置为 0.49
2025-10-09 14:28:45,515 - root - INFO - 关节运动完成
2025-10-09 14:28:45,515 - controller.robot_controller - INFO - 运动到指定姿态完成
2025-10-09 14:28:47,150 - root - INFO - 速度比设置成功
2025-10-09 14:28:47,150 - controller.robot_controller - INFO - 速度比设置为 0.49
2025-10-09 14:28:48,673 - root - INFO - 关节运动完成
2025-10-09 14:28:48,674 - controller.robot_controller - INFO - 运动到指定姿态完成
2025-10-09 14:28:50,325 - root - INFO - 速度比设置成功
2025-10-09 14:28:50,325 - controller.robot_controller - INFO - 速度比设置为 0.49
2025-10-09 14:28:52,349 - root - INFO - 关节运动完成
2025-10-09 14:28:52,349 - controller.robot_controller - INFO - 运动到指定姿态完成
2025-10-09 14:28:53,999 - root - INFO - 速度比设置成功
2025-10-09 14:28:54,000 - controller.robot_controller - INFO - 速度比设置为 0.49
2025-10-09 14:28:56,521 - root - INFO - 关节运动完成
2025-10-09 14:28:56,522 - controller.robot_controller - INFO - 运动到指定姿态完成
2025-10-09 14:28:58,170 - root - INFO - 速度比设置成功
2025-10-09 14:28:58,170 - controller.robot_controller - INFO - 速度比设置为 0.49
2025-10-09 14:29:00,194 - root - INFO - 关节运动完成
2025-10-09 14:29:00,194 - controller.robot_controller - INFO - 运动到指定姿态完成
2025-10-09 14:29:01,832 - root - INFO - 速度比设置成功
2025-10-09 14:29:01,832 - controller.robot_controller - INFO - 速度比设置为 0.49
2025-10-09 14:29:03,853 - root - INFO - 关节运动完成
2025-10-09 14:29:03,853 - controller.robot_controller - INFO - 运动到指定姿态完成
2025-10-09 14:29:05,503 - root - INFO - 速度比设置成功
2025-10-09 14:29:05,503 - controller.robot_controller - INFO - 速度比设置为 0.49
2025-10-09 14:29:06,524 - root - INFO - 关节运动完成
2025-10-09 14:29:06,524 - controller.robot_controller - INFO - 运动到指定姿态完成
2025-10-09 14:29:08,170 - root - INFO - 速度比设置成功
2025-10-09 14:29:08,170 - controller.robot_controller - INFO - 速度比设置为 0.49
2025-10-09 14:29:09,693 - root - INFO - 关节运动完成
2025-10-09 14:29:09,693 - controller.robot_controller - INFO - 运动到指定姿态完成
2025-10-09 14:29:11,340 - root - INFO - 速度比设置成功
2025-10-09 14:29:11,341 - controller.robot_controller - INFO - 速度比设置为 0.49
2025-10-09 14:29:12,863 - root - INFO - 关节运动完成
2025-10-09 14:29:12,863 - controller.robot_controller - INFO - 运动到指定姿态完成
2025-10-09 14:29:14,511 - root - INFO - 速度比设置成功
2025-10-09 14:29:14,512 - controller.robot_controller - INFO - 速度比设置为 0.49
2025-10-09 14:29:16,537 - root - INFO - 关节运动完成
2025-10-09 14:29:16,537 - controller.robot_controller - INFO - 运动到指定姿态完成
2025-10-09 14:29:18,190 - root - INFO - 速度比设置成功
2025-10-09 14:29:18,190 - controller.robot_controller - INFO - 速度比设置为 0.49
2025-10-09 14:29:21,216 - root - INFO - 关节运动完成
2025-10-09 14:29:21,217 - controller.robot_controller - INFO - 运动到指定姿态完成
2025-10-09 14:29:22,856 - root - INFO - 速度比设置成功
2025-10-09 14:29:22,856 - controller.robot_controller - INFO - 速度比设置为 0.49
2025-10-09 14:29:25,381 - root - INFO - 关节运动完成
2025-10-09 14:29:25,382 - controller.robot_controller - INFO - 运动到指定姿态完成
2025-10-09 14:29:27,026 - root - INFO - 速度比设置成功
2025-10-09 14:29:27,027 - controller.robot_controller - INFO - 速度比设置为 0.49
2025-10-09 14:29:28,550 - root - INFO - 关节运动完成
2025-10-09 14:29:28,550 - controller.robot_controller - INFO - 运动到指定姿态完成
2025-10-09 14:29:30,197 - root - INFO - 速度比设置成功
2025-10-09 14:29:30,197 - controller.robot_controller - INFO - 速度比设置为 0.49
2025-10-09 14:29:31,219 - root - INFO - 关节运动完成
2025-10-09 14:29:31,219 - controller.robot_controller - INFO - 运动到指定姿态完成
2025-10-09 14:29:32,856 - root - INFO - 速度比设置成功
2025-10-09 14:29:32,856 - controller.robot_controller - INFO - 速度比设置为 0.49
2025-10-09 14:29:34,379 - root - INFO - 关节运动完成
2025-10-09 14:29:34,379 - controller.robot_controller - INFO - 运动到指定姿态完成
2025-10-09 14:29:36,026 - root - INFO - 速度比设置成功
2025-10-09 14:29:36,027 - controller.robot_controller - INFO - 速度比设置为 0.49
2025-10-09 14:29:37,550 - root - INFO - 关节运动完成
2025-10-09 14:29:37,550 - controller.robot_controller - INFO - 运动到指定姿态完成
2025-10-09 14:29:39,197 - root - INFO - 速度比设置成功
2025-10-09 14:29:39,197 - controller.robot_controller - INFO - 速度比设置为 0.49
2025-10-09 14:29:41,221 - root - INFO - 关节运动完成
2025-10-09 14:29:41,221 - controller.robot_controller - INFO - 运动到指定姿态完成
2025-10-09 14:29:42,864 - root - INFO - 速度比设置成功
2025-10-09 14:29:42,864 - controller.robot_controller - INFO - 速度比设置为 0.49
2025-10-09 14:29:45,390 - root - INFO - 关节运动完成
2025-10-09 14:29:45,390 - controller.robot_controller - INFO - 运动到指定姿态完成
2025-10-09 14:29:47,034 - root - INFO - 速度比设置成功
2025-10-09 14:29:47,034 - controller.robot_controller - INFO - 速度比设置为 0.49
2025-10-09 14:29:49,560 - root - INFO - 关节运动完成
2025-10-09 14:29:49,560 - controller.robot_controller - INFO - 运动到指定姿态完成
2025-10-09 14:29:51,212 - root - INFO - 速度比设置成功
2025-10-09 14:29:51,213 - controller.robot_controller - INFO - 速度比设置为 0.49
2025-10-09 14:29:52,736 - root - INFO - 关节运动完成
2025-10-09 14:29:52,736 - controller.robot_controller - INFO - 运动到指定姿态完成
2025-10-09 14:29:54,383 - root - INFO - 速度比设置成功
2025-10-09 14:29:54,383 - controller.robot_controller - INFO - 速度比设置为 0.49
2025-10-09 14:29:55,404 - root - INFO - 关节运动完成
2025-10-09 14:29:55,405 - controller.robot_controller - INFO - 运动到指定姿态完成
2025-10-09 14:29:57,046 - root - INFO - 速度比设置成功
2025-10-09 14:29:57,046 - controller.robot_controller - INFO - 速度比设置为 0.49
2025-10-09 14:29:58,569 - root - INFO - 关节运动完成
2025-10-09 14:29:58,569 - controller.robot_controller - INFO - 运动到指定姿态完成
2025-10-09 14:30:00,217 - root - INFO - 速度比设置成功
2025-10-09 14:30:00,217 - controller.robot_controller - INFO - 速度比设置为 0.49
2025-10-09 14:30:01,740 - root - INFO - 关节运动完成
2025-10-09 14:30:01,740 - controller.robot_controller - INFO - 运动到指定姿态完成
2025-10-09 14:30:03,391 - root - INFO - 速度比设置成功
2025-10-09 14:30:03,392 - controller.robot_controller - INFO - 速度比设置为 0.49
2025-10-09 14:30:04,914 - root - INFO - 关节运动完成
2025-10-09 14:30:04,915 - controller.robot_controller - INFO - 运动到指定姿态完成
2025-10-09 14:30:06,554 - root - INFO - 速度比设置成功
2025-10-09 14:30:06,554 - controller.robot_controller - INFO - 速度比设置为 0.49
2025-10-09 14:30:08,578 - root - INFO - 关节运动完成
2025-10-09 14:30:08,579 - controller.robot_controller - INFO - 运动到指定姿态完成
2025-10-09 14:30:10,229 - root - INFO - 速度比设置成功
2025-10-09 14:30:10,229 - controller.robot_controller - INFO - 速度比设置为 0.49
2025-10-09 14:30:10,233 - controller.robot_controller - ERROR - 运动到指定姿态失败: 逆运动学解算失败: 运动学逆解失败，错误码: 20031
2025-10-09 14:30:11,888 - root - INFO - 速度比设置成功
2025-10-09 14:30:11,888 - controller.robot_controller - INFO - 速度比设置为 0.49
2025-10-09 14:30:13,420 - root - INFO - 关节运动完成
2025-10-09 14:30:13,420 - controller.robot_controller - INFO - 运动到指定姿态完成
2025-10-09 14:30:15,067 - root - INFO - 速度比设置成功
2025-10-09 14:30:15,067 - controller.robot_controller - INFO - 速度比设置为 0.49
2025-10-09 14:30:16,089 - root - INFO - 关节运动完成
2025-10-09 14:30:16,089 - controller.robot_controller - INFO - 运动到指定姿态完成
2025-10-09 14:30:17,742 - root - INFO - 速度比设置成功
2025-10-09 14:30:17,742 - controller.robot_controller - INFO - 速度比设置为 0.49
2025-10-09 14:30:19,269 - root - INFO - 关节运动完成
2025-10-09 14:30:19,269 - controller.robot_controller - INFO - 运动到指定姿态完成
2025-10-09 14:30:20,920 - root - INFO - 速度比设置成功
2025-10-09 14:30:20,921 - controller.robot_controller - INFO - 速度比设置为 0.49
2025-10-09 14:30:22,443 - root - INFO - 关节运动完成
2025-10-09 14:30:22,443 - controller.robot_controller - INFO - 运动到指定姿态完成
2025-10-09 14:30:24,095 - root - INFO - 速度比设置成功
2025-10-09 14:30:24,095 - controller.robot_controller - INFO - 速度比设置为 0.49
2025-10-09 14:30:26,622 - root - INFO - 关节运动完成
2025-10-09 14:30:26,622 - controller.robot_controller - INFO - 运动到指定姿态完成
2025-10-09 14:30:28,261 - root - INFO - 速度比设置成功
2025-10-09 14:30:28,262 - controller.robot_controller - INFO - 速度比设置为 0.49
2025-10-09 14:30:30,787 - root - INFO - 关节运动完成
2025-10-09 14:30:30,788 - controller.robot_controller - INFO - 运动到指定姿态完成
2025-10-09 14:30:32,428 - root - INFO - 速度比设置成功
2025-10-09 14:30:32,428 - controller.robot_controller - INFO - 速度比设置为 0.49
2025-10-09 14:30:35,455 - root - INFO - 关节运动完成
2025-10-09 14:30:35,455 - controller.robot_controller - INFO - 运动到指定姿态完成
2025-10-09 14:30:37,111 - root - INFO - 速度比设置成功
2025-10-09 14:30:37,111 - controller.robot_controller - INFO - 速度比设置为 0.49
2025-10-09 14:30:38,634 - root - INFO - 关节运动完成
2025-10-09 14:30:38,634 - controller.robot_controller - INFO - 运动到指定姿态完成
2025-10-09 14:30:40,284 - root - INFO - 速度比设置成功
2025-10-09 14:30:40,285 - controller.robot_controller - INFO - 速度比设置为 0.49
2025-10-09 14:30:41,307 - root - INFO - 关节运动完成
2025-10-09 14:30:41,307 - controller.robot_controller - INFO - 运动到指定姿态完成
2025-10-09 14:30:42,943 - root - INFO - 速度比设置成功
2025-10-09 14:30:42,943 - controller.robot_controller - INFO - 速度比设置为 0.49
2025-10-09 14:30:44,466 - root - INFO - 关节运动完成
2025-10-09 14:30:44,466 - controller.robot_controller - INFO - 运动到指定姿态完成
2025-10-09 14:30:46,126 - root - INFO - 速度比设置成功
2025-10-09 14:30:46,126 - controller.robot_controller - INFO - 速度比设置为 0.49
2025-10-09 14:30:47,649 - root - INFO - 关节运动完成
2025-10-09 14:30:47,649 - controller.robot_controller - INFO - 运动到指定姿态完成
2025-10-09 14:30:49,297 - root - INFO - 速度比设置成功
2025-10-09 14:30:49,297 - controller.robot_controller - INFO - 速度比设置为 0.49
2025-10-09 14:30:51,317 - root - INFO - 关节运动完成
2025-10-09 14:30:51,317 - controller.robot_controller - INFO - 运动到指定姿态完成
2025-10-09 14:30:52,955 - root - INFO - 速度比设置成功
2025-10-09 14:30:52,956 - controller.robot_controller - INFO - 速度比设置为 0.49
2025-10-09 14:30:55,983 - root - INFO - 关节运动完成
2025-10-09 14:30:55,983 - controller.robot_controller - INFO - 运动到指定姿态完成
2025-10-09 14:30:57,625 - root - INFO - 速度比设置成功
2025-10-09 14:30:57,626 - controller.robot_controller - INFO - 速度比设置为 0.49
2025-10-09 14:31:00,151 - root - INFO - 关节运动完成
2025-10-09 14:31:00,151 - controller.robot_controller - INFO - 运动到指定姿态完成
2025-10-09 14:31:01,808 - root - INFO - 速度比设置成功
2025-10-09 14:31:01,808 - controller.robot_controller - INFO - 速度比设置为 0.49
2025-10-09 14:31:03,331 - root - INFO - 关节运动完成
2025-10-09 14:31:03,331 - controller.robot_controller - INFO - 运动到指定姿态完成
2025-10-09 14:31:04,975 - root - INFO - 速度比设置成功
2025-10-09 14:31:04,975 - controller.robot_controller - INFO - 速度比设置为 0.49
2025-10-09 14:31:05,996 - root - INFO - 关节运动完成
2025-10-09 14:31:05,996 - controller.robot_controller - INFO - 运动到指定姿态完成
2025-10-09 14:31:07,634 - root - INFO - 速度比设置成功
2025-10-09 14:31:07,634 - controller.robot_controller - INFO - 速度比设置为 0.49
2025-10-09 14:31:09,156 - root - INFO - 关节运动完成
2025-10-09 14:31:09,156 - controller.robot_controller - INFO - 运动到指定姿态完成
2025-10-09 14:31:10,804 - root - INFO - 速度比设置成功
2025-10-09 14:31:10,804 - controller.robot_controller - INFO - 速度比设置为 0.49
2025-10-09 14:31:12,328 - root - INFO - 关节运动完成
2025-10-09 14:31:12,328 - controller.robot_controller - INFO - 运动到指定姿态完成
2025-10-09 14:31:13,987 - root - INFO - 速度比设置成功
2025-10-09 14:31:13,987 - controller.robot_controller - INFO - 速度比设置为 0.49
2025-10-09 14:31:16,011 - root - INFO - 关节运动完成
2025-10-09 14:31:16,011 - controller.robot_controller - INFO - 运动到指定姿态完成
2025-10-09 14:31:17,657 - root - INFO - 速度比设置成功
2025-10-09 14:31:17,657 - controller.robot_controller - INFO - 速度比设置为 0.49
2025-10-09 14:31:19,682 - root - INFO - 关节运动完成
2025-10-09 14:31:19,682 - controller.robot_controller - INFO - 运动到指定姿态完成
2025-10-09 14:31:21,332 - root - INFO - 速度比设置成功
2025-10-09 14:31:21,332 - controller.robot_controller - INFO - 速度比设置为 0.49
2025-10-09 14:31:23,858 - root - INFO - 关节运动完成
2025-10-09 14:31:23,858 - controller.robot_controller - INFO - 运动到指定姿态完成
2025-10-09 14:31:25,861 - controller.realsense_controller - INFO - RealSense相机连接已断开
2025-10-09 14:31:25,865 - server.tcp_server - INFO - 客户端 client_14 资源已清理
2025-10-09 14:31:25,896 - root - INFO - 去使能指令发送成功，等待机器人进入去使能状态
2025-10-09 14:31:26,398 - root - INFO - 机器人已成功去使能
2025-10-09 14:31:26,398 - controller.robot_controller - INFO - 机器人已去使能
2025-10-09 14:31:26,399 - controller.robot_controller - INFO - 机器人连接已断开
2025-10-09 14:31:26,400 - server.tcp_server - INFO - 客户端 client_13 资源已清理
2025-10-09 14:33:26,431 - server.tcp_server - INFO - 新客户端连接: ('192.168.31.254', 41632)
2025-10-09 14:33:26,431 - server.tcp_server - INFO - 开始处理连接RealSense相机命令，客户端ID: client_15
2025-10-09 14:33:26,581 - controller.realsense_controller - INFO - 相机内参读取成功
2025-10-09 14:33:26,582 - controller.realsense_controller - INFO - RealSense相机连接成功
2025-10-09 14:33:26,582 - server.tcp_server - INFO - 返回成功响应: {"type": "response", "status": "success", "message": "RealSense相机连接成功", "data": {"connected": true}, "message_id": "msg_1_1759991606"}
2025-10-09 14:33:27,217 - controller.realsense_controller - INFO - RealSense相机连接已断开
2025-10-09 14:33:27,217 - server.tcp_server - INFO - 客户端 client_15 资源已清理
2025-10-09 14:34:34,886 - server.tcp_server - INFO - 新客户端连接: ('192.168.31.254', 49598)
2025-10-09 14:34:34,887 - server.tcp_server - INFO - 开始处理连接机器人命令，客户端ID: client_16
2025-10-09 14:34:34,887 - controller.robot_controller - INFO - 正在连接机器人 192.168.0.10:10003
2025-10-09 14:34:34,887 - controller.robot_controller - INFO - 机器人连接成功
2025-10-09 14:34:34,887 - server.tcp_server - INFO - 机器人连接结果: True
2025-10-09 14:34:34,887 - server.tcp_server - INFO - 返回成功响应: {"type": "response", "status": "success", "message": "机器人连接成功", "data": {"connected": true}, "message_id": "msg_1_1759991674"}
2025-10-09 14:34:36,441 - root - INFO - 机器人已成功使能
2025-10-09 14:34:36,441 - controller.robot_controller - INFO - 机器人已使能
2025-10-09 14:34:42,980 - root - INFO - 关节运动完成
2025-10-09 14:34:42,980 - controller.robot_controller - INFO - 运动到指定关节位置完成
2025-10-09 14:34:43,015 - root - INFO - 去使能指令发送成功，等待机器人进入去使能状态
2025-10-09 14:34:43,518 - root - INFO - 机器人已成功去使能
2025-10-09 14:34:43,518 - controller.robot_controller - INFO - 机器人已去使能
2025-10-09 14:34:43,519 - controller.robot_controller - INFO - 机器人连接已断开
2025-10-09 14:34:43,520 - server.tcp_server - INFO - 客户端 client_16 资源已清理
2025-10-09 17:04:10,972 - server.tcp_server - INFO - 新客户端连接: ('192.168.31.254', 43284)
2025-10-09 17:04:10,973 - server.tcp_server - INFO - 开始处理连接机器人命令，客户端ID: client_17
2025-10-09 17:04:10,973 - controller.robot_controller - INFO - 正在连接机器人 192.168.0.10:10003
2025-10-09 17:04:10,973 - controller.robot_controller - INFO - 机器人连接成功
2025-10-09 17:04:10,973 - server.tcp_server - INFO - 机器人连接结果: True
2025-10-09 17:04:10,973 - server.tcp_server - INFO - 返回成功响应: {"type": "response", "status": "success", "message": "机器人连接成功", "data": {"connected": true}, "message_id": "msg_1_1760000650"}
2025-10-09 17:04:12,525 - root - INFO - 机器人已成功使能
2025-10-09 17:04:12,525 - controller.robot_controller - INFO - 机器人已使能
2025-10-09 17:04:13,041 - root - INFO - 关节运动完成
2025-10-09 17:04:13,041 - controller.robot_controller - INFO - 运动到指定关节位置完成
2025-10-09 17:04:13,075 - root - INFO - 去使能指令发送成功，等待机器人进入去使能状态
2025-10-09 17:04:13,577 - root - INFO - 机器人已成功去使能
2025-10-09 17:04:13,577 - controller.robot_controller - INFO - 机器人已去使能
2025-10-09 17:04:13,578 - controller.robot_controller - INFO - 机器人连接已断开
2025-10-09 17:04:13,579 - server.tcp_server - INFO - 客户端 client_17 资源已清理
2025-10-09 17:06:24,436 - server.tcp_server - INFO - 新客户端连接: ('192.168.31.254', 59530)
2025-10-09 17:06:24,436 - server.tcp_server - INFO - 开始处理连接机器人命令，客户端ID: client_18
2025-10-09 17:06:24,438 - controller.robot_controller - INFO - 正在连接机器人 192.168.0.10:10003
2025-10-09 17:06:24,438 - controller.robot_controller - INFO - 机器人连接成功
2025-10-09 17:06:24,438 - server.tcp_server - INFO - 机器人连接结果: True
2025-10-09 17:06:24,438 - server.tcp_server - INFO - 返回成功响应: {"type": "response", "status": "success", "message": "机器人连接成功", "data": {"connected": true}, "message_id": "msg_1_1760000784"}
2025-10-09 17:06:25,992 - root - INFO - 机器人已成功使能
2025-10-09 17:06:25,992 - controller.robot_controller - INFO - 机器人已使能
2025-10-09 17:06:26,510 - root - INFO - 关节运动完成
2025-10-09 17:06:26,510 - controller.robot_controller - INFO - 运动到指定关节位置完成
2025-10-09 17:06:26,547 - root - INFO - 去使能指令发送成功，等待机器人进入去使能状态
2025-10-09 17:06:27,049 - root - INFO - 机器人已成功去使能
2025-10-09 17:06:27,050 - controller.robot_controller - INFO - 机器人已去使能
2025-10-09 17:06:27,050 - controller.robot_controller - INFO - 机器人连接已断开
2025-10-09 17:06:27,051 - server.tcp_server - INFO - 客户端 client_18 资源已清理
2025-10-09 17:07:57,699 - server.tcp_server - INFO - 新客户端连接: ('192.168.31.254', 38330)
2025-10-09 17:07:57,700 - server.tcp_server - INFO - 开始处理连接机器人命令，客户端ID: client_19
2025-10-09 17:07:57,700 - controller.robot_controller - INFO - 正在连接机器人 192.168.0.10:10003
2025-10-09 17:07:57,701 - controller.robot_controller - INFO - 机器人连接成功
2025-10-09 17:07:57,701 - server.tcp_server - INFO - 机器人连接结果: True
2025-10-09 17:07:57,701 - server.tcp_server - INFO - 返回成功响应: {"type": "response", "status": "success", "message": "机器人连接成功", "data": {"connected": true}, "message_id": "msg_1_1760000877"}
2025-10-09 17:07:59,254 - root - INFO - 机器人已成功使能
2025-10-09 17:07:59,254 - controller.robot_controller - INFO - 机器人已使能
2025-10-09 17:07:59,775 - root - INFO - 关节运动完成
2025-10-09 17:07:59,775 - controller.robot_controller - INFO - 运动到指定关节位置完成
2025-10-09 17:07:59,837 - root - INFO - 去使能指令发送成功，等待机器人进入去使能状态
2025-10-09 17:08:00,339 - root - INFO - 机器人已成功去使能
2025-10-09 17:08:00,339 - controller.robot_controller - INFO - 机器人已去使能
2025-10-09 17:08:00,340 - controller.robot_controller - INFO - 机器人连接已断开
2025-10-09 17:08:00,340 - server.tcp_server - INFO - 客户端 client_19 资源已清理
2025-10-09 17:08:31,571 - server.tcp_server - INFO - 新客户端连接: ('192.168.31.254', 40334)
2025-10-09 17:08:31,573 - server.tcp_server - INFO - 开始处理连接机器人命令，客户端ID: client_20
2025-10-09 17:08:31,574 - controller.robot_controller - INFO - 正在连接机器人 192.168.0.10:10003
2025-10-09 17:08:31,574 - controller.robot_controller - INFO - 机器人连接成功
2025-10-09 17:08:31,574 - server.tcp_server - INFO - 机器人连接结果: True
2025-10-09 17:08:31,574 - server.tcp_server - INFO - 返回成功响应: {"type": "response", "status": "success", "message": "机器人连接成功", "data": {"connected": true}, "message_id": "msg_1_1760000911"}
2025-10-09 17:08:33,129 - root - INFO - 机器人已成功使能
2025-10-09 17:08:33,129 - controller.robot_controller - INFO - 机器人已使能
2025-10-09 17:08:33,646 - root - INFO - 关节运动完成
2025-10-09 17:08:33,647 - controller.robot_controller - INFO - 运动到指定关节位置完成
2025-10-09 17:08:33,722 - root - INFO - 去使能指令发送成功，等待机器人进入去使能状态
2025-10-09 17:08:34,224 - root - INFO - 机器人已成功去使能
2025-10-09 17:08:34,225 - controller.robot_controller - INFO - 机器人已去使能
2025-10-09 17:08:34,225 - controller.robot_controller - INFO - 机器人连接已断开
2025-10-09 17:08:34,226 - server.tcp_server - INFO - 客户端 client_20 资源已清理
2025-10-09 17:09:05,506 - server.tcp_server - INFO - 新客户端连接: ('192.168.31.254', 50950)
2025-10-09 17:09:05,506 - server.tcp_server - INFO - 开始处理连接机器人命令，客户端ID: client_21
2025-10-09 17:09:05,506 - controller.robot_controller - INFO - 正在连接机器人 192.168.0.10:10003
2025-10-09 17:09:05,507 - controller.robot_controller - INFO - 机器人连接成功
2025-10-09 17:09:05,507 - server.tcp_server - INFO - 机器人连接结果: True
2025-10-09 17:09:05,507 - server.tcp_server - INFO - 返回成功响应: {"type": "response", "status": "success", "message": "机器人连接成功", "data": {"connected": true}, "message_id": "msg_1_1760000945"}
2025-10-09 17:09:07,059 - root - INFO - 机器人已成功使能
2025-10-09 17:09:07,059 - controller.robot_controller - INFO - 机器人已使能
2025-10-09 17:09:07,577 - root - INFO - 关节运动完成
2025-10-09 17:09:07,577 - controller.robot_controller - INFO - 运动到指定关节位置完成
2025-10-09 17:09:07,625 - root - INFO - 去使能指令发送成功，等待机器人进入去使能状态
2025-10-09 17:09:08,127 - root - INFO - 机器人已成功去使能
2025-10-09 17:09:08,127 - controller.robot_controller - INFO - 机器人已去使能
2025-10-09 17:09:08,128 - controller.robot_controller - INFO - 机器人连接已断开
2025-10-09 17:09:08,128 - server.tcp_server - INFO - 客户端 client_21 资源已清理
2025-10-09 17:10:03,581 - server.tcp_server - INFO - 新客户端连接: ('192.168.31.254', 34702)
2025-10-09 17:10:03,581 - server.tcp_server - INFO - 开始处理连接机器人命令，客户端ID: client_22
2025-10-09 17:10:03,581 - controller.robot_controller - INFO - 正在连接机器人 192.168.0.10:10003
2025-10-09 17:10:03,582 - controller.robot_controller - INFO - 机器人连接成功
2025-10-09 17:10:03,582 - server.tcp_server - INFO - 机器人连接结果: True
2025-10-09 17:10:03,582 - server.tcp_server - INFO - 返回成功响应: {"type": "response", "status": "success", "message": "机器人连接成功", "data": {"connected": true}, "message_id": "msg_1_1760001003"}
2025-10-09 17:10:05,135 - root - INFO - 机器人已成功使能
2025-10-09 17:10:05,135 - controller.robot_controller - INFO - 机器人已使能
2025-10-09 17:10:05,652 - root - INFO - 关节运动完成
2025-10-09 17:10:05,652 - controller.robot_controller - INFO - 运动到指定关节位置完成
2025-10-09 17:10:05,710 - root - INFO - 去使能指令发送成功，等待机器人进入去使能状态
2025-10-09 17:10:06,212 - root - INFO - 机器人已成功去使能
2025-10-09 17:10:06,213 - controller.robot_controller - INFO - 机器人已去使能
2025-10-09 17:10:06,214 - controller.robot_controller - INFO - 机器人连接已断开
2025-10-09 17:10:06,214 - server.tcp_server - INFO - 客户端 client_22 资源已清理
2025-10-09 17:10:55,227 - server.tcp_server - INFO - 新客户端连接: ('192.168.31.254', 59958)
2025-10-09 17:10:55,227 - server.tcp_server - INFO - 开始处理连接机器人命令，客户端ID: client_23
2025-10-09 17:10:55,228 - controller.robot_controller - INFO - 正在连接机器人 192.168.0.10:10003
2025-10-09 17:10:55,228 - controller.robot_controller - INFO - 机器人连接成功
2025-10-09 17:10:55,228 - server.tcp_server - INFO - 机器人连接结果: True
2025-10-09 17:10:55,228 - server.tcp_server - INFO - 返回成功响应: {"type": "response", "status": "success", "message": "机器人连接成功", "data": {"connected": true}, "message_id": "msg_1_1760001055"}
2025-10-09 17:10:56,782 - root - INFO - 机器人已成功使能
2025-10-09 17:10:56,782 - controller.robot_controller - INFO - 机器人已使能
2025-10-09 17:10:57,298 - root - INFO - 关节运动完成
2025-10-09 17:10:57,298 - controller.robot_controller - INFO - 运动到指定关节位置完成
2025-10-09 17:10:57,333 - controller.robot_controller - ERROR - 运动到指定姿态失败: 逆运动学解算失败: 运动学逆解失败，错误码: 20031
2025-10-09 17:10:57,360 - root - INFO - 去使能指令发送成功，等待机器人进入去使能状态
2025-10-09 17:10:57,862 - root - INFO - 机器人已成功去使能
2025-10-09 17:10:57,862 - controller.robot_controller - INFO - 机器人已去使能
2025-10-09 17:10:57,865 - controller.robot_controller - INFO - 机器人连接已断开
2025-10-09 17:10:57,865 - server.tcp_server - INFO - 客户端 client_23 资源已清理
2025-10-09 17:11:13,315 - server.tcp_server - INFO - 新客户端连接: ('192.168.31.254', 45594)
2025-10-09 17:11:13,315 - server.tcp_server - INFO - 开始处理连接机器人命令，客户端ID: client_24
2025-10-09 17:11:13,315 - controller.robot_controller - INFO - 正在连接机器人 192.168.0.10:10003
2025-10-09 17:11:13,317 - controller.robot_controller - INFO - 机器人连接成功
2025-10-09 17:11:13,317 - server.tcp_server - INFO - 机器人连接结果: True
2025-10-09 17:11:13,317 - server.tcp_server - INFO - 返回成功响应: {"type": "response", "status": "success", "message": "机器人连接成功", "data": {"connected": true}, "message_id": "msg_1_1760001073"}
2025-10-09 17:11:14,870 - root - INFO - 机器人已成功使能
2025-10-09 17:11:14,870 - controller.robot_controller - INFO - 机器人已使能
2025-10-09 17:11:15,388 - root - INFO - 关节运动完成
2025-10-09 17:11:15,388 - controller.robot_controller - INFO - 运动到指定关节位置完成
2025-10-09 17:11:15,412 - controller.robot_controller - ERROR - 运动到指定姿态失败: 逆运动学解算失败: 运动学逆解失败，错误码: 20031
2025-10-09 17:11:15,440 - root - INFO - 去使能指令发送成功，等待机器人进入去使能状态
2025-10-09 17:11:15,942 - root - INFO - 机器人已成功去使能
2025-10-09 17:11:15,943 - controller.robot_controller - INFO - 机器人已去使能
2025-10-09 17:11:15,943 - controller.robot_controller - INFO - 机器人连接已断开
2025-10-09 17:11:15,944 - server.tcp_server - INFO - 客户端 client_24 资源已清理
2025-10-09 17:11:56,154 - server.tcp_server - INFO - 新客户端连接: ('192.168.31.254', 58346)
2025-10-09 17:11:56,154 - server.tcp_server - INFO - 开始处理连接机器人命令，客户端ID: client_25
2025-10-09 17:11:56,154 - controller.robot_controller - INFO - 正在连接机器人 192.168.0.10:10003
2025-10-09 17:11:56,155 - controller.robot_controller - INFO - 机器人连接成功
2025-10-09 17:11:56,155 - server.tcp_server - INFO - 机器人连接结果: True
2025-10-09 17:11:56,155 - server.tcp_server - INFO - 返回成功响应: {"type": "response", "status": "success", "message": "机器人连接成功", "data": {"connected": true}, "message_id": "msg_1_1760001116"}
2025-10-09 17:11:57,708 - root - INFO - 机器人已成功使能
2025-10-09 17:11:57,708 - controller.robot_controller - INFO - 机器人已使能
2025-10-09 17:11:58,226 - root - INFO - 关节运动完成
2025-10-09 17:11:58,226 - controller.robot_controller - INFO - 运动到指定关节位置完成
2025-10-09 17:11:58,261 - controller.robot_controller - ERROR - 运动到指定姿态失败: 逆运动学解算失败: 运动学逆解失败，错误码: 20031
2025-10-09 17:11:58,287 - root - INFO - 去使能指令发送成功，等待机器人进入去使能状态
2025-10-09 17:11:58,789 - root - INFO - 机器人已成功去使能
2025-10-09 17:11:58,789 - controller.robot_controller - INFO - 机器人已去使能
2025-10-09 17:11:58,790 - controller.robot_controller - INFO - 机器人连接已断开
2025-10-09 17:11:58,791 - server.tcp_server - INFO - 客户端 client_25 资源已清理
2025-10-09 17:12:17,075 - server.tcp_server - INFO - 新客户端连接: ('192.168.31.254', 47732)
2025-10-09 17:12:17,075 - server.tcp_server - INFO - 开始处理连接机器人命令，客户端ID: client_26
2025-10-09 17:12:17,076 - controller.robot_controller - INFO - 正在连接机器人 192.168.0.10:10003
2025-10-09 17:12:17,079 - controller.robot_controller - INFO - 机器人连接成功
2025-10-09 17:12:17,079 - server.tcp_server - INFO - 机器人连接结果: True
2025-10-09 17:12:17,079 - server.tcp_server - INFO - 返回成功响应: {"type": "response", "status": "success", "message": "机器人连接成功", "data": {"connected": true}, "message_id": "msg_1_1760001137"}
2025-10-09 17:12:18,635 - root - INFO - 机器人已成功使能
2025-10-09 17:12:18,635 - controller.robot_controller - INFO - 机器人已使能
2025-10-09 17:12:19,153 - root - INFO - 关节运动完成
2025-10-09 17:12:19,153 - controller.robot_controller - INFO - 运动到指定关节位置完成
2025-10-09 17:12:19,176 - controller.robot_controller - ERROR - 运动到指定姿态失败: 逆运动学解算失败: 运动学逆解失败，错误码: 20031
2025-10-09 17:12:19,203 - root - INFO - 去使能指令发送成功，等待机器人进入去使能状态
2025-10-09 17:12:19,704 - root - INFO - 机器人已成功去使能
2025-10-09 17:12:19,705 - controller.robot_controller - INFO - 机器人已去使能
2025-10-09 17:12:19,705 - controller.robot_controller - INFO - 机器人连接已断开
2025-10-09 17:12:19,706 - server.tcp_server - INFO - 客户端 client_26 资源已清理
2025-10-09 17:12:47,494 - server.tcp_server - INFO - 新客户端连接: ('192.168.31.254', 59720)
2025-10-09 17:12:47,495 - server.tcp_server - INFO - 开始处理连接机器人命令，客户端ID: client_27
2025-10-09 17:12:47,495 - controller.robot_controller - INFO - 正在连接机器人 192.168.0.10:10003
2025-10-09 17:12:47,498 - controller.robot_controller - INFO - 机器人连接成功
2025-10-09 17:12:47,498 - server.tcp_server - INFO - 机器人连接结果: True
2025-10-09 17:12:47,498 - server.tcp_server - INFO - 返回成功响应: {"type": "response", "status": "success", "message": "机器人连接成功", "data": {"connected": true}, "message_id": "msg_1_1760001167"}
2025-10-09 17:12:49,051 - root - INFO - 机器人已成功使能
2025-10-09 17:12:49,051 - controller.robot_controller - INFO - 机器人已使能
2025-10-09 17:12:49,568 - root - INFO - 关节运动完成
2025-10-09 17:12:49,568 - controller.robot_controller - INFO - 运动到指定关节位置完成
2025-10-09 17:12:49,600 - controller.robot_controller - ERROR - 运动到指定姿态失败: 逆运动学解算失败: 运动学逆解失败，错误码: 20031
2025-10-09 17:12:49,626 - root - INFO - 去使能指令发送成功，等待机器人进入去使能状态
2025-10-09 17:12:50,128 - root - INFO - 机器人已成功去使能
2025-10-09 17:12:50,128 - controller.robot_controller - INFO - 机器人已去使能
2025-10-09 17:12:50,129 - controller.robot_controller - INFO - 机器人连接已断开
2025-10-09 17:12:50,129 - server.tcp_server - INFO - 客户端 client_27 资源已清理
2025-10-09 17:15:14,520 - server.tcp_server - INFO - 新客户端连接: ('192.168.31.254', 49624)
2025-10-09 17:15:14,521 - server.tcp_server - INFO - 开始处理连接机器人命令，客户端ID: client_28
2025-10-09 17:15:14,521 - controller.robot_controller - INFO - 正在连接机器人 192.168.0.10:10003
2025-10-09 17:15:14,521 - controller.robot_controller - INFO - 机器人连接成功
2025-10-09 17:15:14,521 - server.tcp_server - INFO - 机器人连接结果: True
2025-10-09 17:15:14,521 - server.tcp_server - INFO - 返回成功响应: {"type": "response", "status": "success", "message": "机器人连接成功", "data": {"connected": true}, "message_id": "msg_1_1760001314"}
2025-10-09 17:15:14,524 - root - INFO - 机器人已处于使能状态
2025-10-09 17:15:14,524 - controller.robot_controller - INFO - 机器人已使能
2025-10-09 17:15:19,051 - root - INFO - 关节运动完成
2025-10-09 17:15:19,051 - controller.robot_controller - INFO - 运动到指定关节位置完成
2025-10-09 17:15:19,074 - controller.robot_controller - ERROR - 运动到指定姿态失败: 逆运动学解算失败: 运动学逆解失败，错误码: 20031
2025-10-09 17:15:19,101 - root - INFO - 去使能指令发送成功，等待机器人进入去使能状态
2025-10-09 17:15:19,603 - root - INFO - 机器人已成功去使能
2025-10-09 17:15:19,604 - controller.robot_controller - INFO - 机器人已去使能
2025-10-09 17:15:19,605 - controller.robot_controller - INFO - 机器人连接已断开
2025-10-09 17:15:19,605 - server.tcp_server - INFO - 客户端 client_28 资源已清理
2025-10-09 17:15:43,668 - server.tcp_server - INFO - 新客户端连接: ('192.168.31.254', 53114)
2025-10-09 17:15:43,668 - server.tcp_server - INFO - 开始处理连接RealSense相机命令，客户端ID: client_29
2025-10-09 17:15:43,824 - controller.realsense_controller - INFO - 相机内参读取成功
2025-10-09 17:15:43,824 - controller.realsense_controller - INFO - RealSense相机连接成功
2025-10-09 17:15:43,825 - server.tcp_server - INFO - 返回成功响应: {"type": "response", "status": "success", "message": "RealSense相机连接成功", "data": {"connected": true}, "message_id": "msg_1_1760001343"}
2025-10-09 17:15:44,553 - controller.realsense_controller - INFO - RealSense相机连接已断开
2025-10-09 17:15:44,554 - server.tcp_server - INFO - 客户端 client_29 资源已清理
2025-10-09 17:16:19,600 - server.tcp_server - INFO - 新客户端连接: ('192.168.31.254', 59378)
2025-10-09 17:16:19,601 - server.tcp_server - INFO - 开始处理连接机器人命令，客户端ID: client_30
2025-10-09 17:16:19,601 - controller.robot_controller - INFO - 正在连接机器人 192.168.0.10:10003
2025-10-09 17:16:19,601 - controller.robot_controller - INFO - 机器人连接成功
2025-10-09 17:16:19,601 - server.tcp_server - INFO - 机器人连接结果: True
2025-10-09 17:16:19,601 - server.tcp_server - INFO - 返回成功响应: {"type": "response", "status": "success", "message": "机器人连接成功", "data": {"connected": true}, "message_id": "msg_1_1760001379"}
2025-10-09 17:16:21,154 - root - INFO - 机器人已成功使能
2025-10-09 17:16:21,154 - controller.robot_controller - INFO - 机器人已使能
2025-10-09 17:16:21,675 - root - INFO - 关节运动完成
2025-10-09 17:16:21,675 - controller.robot_controller - INFO - 运动到指定关节位置完成
2025-10-09 17:16:26,615 - root - INFO - 关节运动完成
2025-10-09 17:16:26,616 - controller.robot_controller - INFO - 运动到指定姿态完成
2025-10-09 17:16:56,692 - controller.robot_controller - ERROR - 机器人去使能失败: 机器人错误 -1: 去使能失败，当前状态不允许去使能: 5 (急停)
2025-10-09 17:16:56,692 - controller.robot_controller - INFO - 机器人连接已断开
2025-10-09 17:16:56,693 - server.tcp_server - INFO - 客户端 client_30 资源已清理
2025-10-09 17:17:09,478 - server.tcp_server - INFO - 新客户端连接: ('192.168.31.254', 48762)
2025-10-09 17:17:09,479 - server.tcp_server - INFO - 开始处理连接机器人命令，客户端ID: client_31
2025-10-09 17:17:09,479 - controller.robot_controller - INFO - 正在连接机器人 192.168.0.10:10003
2025-10-09 17:17:09,479 - controller.robot_controller - INFO - 机器人连接成功
2025-10-09 17:17:09,479 - server.tcp_server - INFO - 机器人连接结果: True
2025-10-09 17:17:09,479 - server.tcp_server - INFO - 返回成功响应: {"type": "response", "status": "success", "message": "机器人连接成功", "data": {"connected": true}, "message_id": "msg_1_1760001429"}
2025-10-09 17:17:09,483 - controller.robot_controller - ERROR - 机器人使能失败: 机器人错误 20018: 使能机器人失败: command forbidden in this state{5---EmergencyStop}
2025-10-09 17:17:29,694 - server.tcp_server - INFO - 新客户端连接: ('192.168.31.254', 49140)
2025-10-09 17:17:29,694 - server.tcp_server - INFO - 开始处理连接机器人命令，客户端ID: client_32
2025-10-09 17:17:29,694 - controller.robot_controller - INFO - 正在连接机器人 192.168.0.10:10003
2025-10-09 17:17:29,694 - controller.robot_controller - INFO - 机器人连接成功
2025-10-09 17:17:29,694 - server.tcp_server - INFO - 机器人连接结果: True
2025-10-09 17:17:29,694 - server.tcp_server - INFO - 返回成功响应: {"type": "response", "status": "success", "message": "机器人连接成功", "data": {"connected": true}, "message_id": "msg_1_1760001449"}
2025-10-09 17:17:29,697 - controller.robot_controller - ERROR - 机器人使能失败: 机器人错误 20018: 使能机器人失败: command forbidden in this state{7---Blackout48V}
2025-10-09 17:17:39,582 - controller.robot_controller - ERROR - 机器人去使能失败: 机器人错误 -1: 去使能失败，当前状态不允许去使能: 15 (正在初始化控制器)
2025-10-09 17:18:00,185 - controller.robot_controller - ERROR - 机器人去使能失败: 机器人错误 -1: 去使能失败，当前状态不允许去使能: 24 (机器人去使能)
2025-10-09 17:18:00,186 - root - INFO - 机器人已处于去使能状态
2025-10-09 17:18:00,186 - controller.robot_controller - INFO - 机器人已去使能
2025-10-09 17:18:00,186 - server.tcp_server - INFO - 客户端 client_32 的机器人已去使能
2025-10-09 17:18:00,186 - controller.robot_controller - INFO - 机器人连接已断开
2025-10-09 17:18:00,186 - server.tcp_server - INFO - 客户端 client_32 的机器人连接已断开
2025-10-09 17:18:00,186 - server.tcp_server - INFO - 客户端 client_32 资源已清理
2025-10-09 17:18:00,684 - controller.robot_controller - ERROR - 机器人去使能失败: 机器人错误 -1: 获取状态失败: 机器人错误 39503: 获取状态失败，错误码: 39503
2025-10-09 17:18:00,684 - server.tcp_server - INFO - 客户端 client_31 的机器人已去使能
2025-10-09 17:18:00,685 - server.tcp_server - INFO - 客户端 client_31 的机器人连接已断开
2025-10-09 17:18:00,685 - server.tcp_server - INFO - 客户端 client_31 资源已清理
2025-10-09 17:18:02,145 - server.tcp_server - INFO - 新客户端连接: ('192.168.31.254', 43918)
2025-10-09 17:18:02,145 - server.tcp_server - INFO - 开始处理连接机器人命令，客户端ID: client_33
2025-10-09 17:18:02,145 - controller.robot_controller - INFO - 正在连接机器人 192.168.0.10:10003
2025-10-09 17:18:02,146 - controller.robot_controller - INFO - 机器人连接成功
2025-10-09 17:18:02,146 - server.tcp_server - INFO - 机器人连接结果: True
2025-10-09 17:18:02,146 - server.tcp_server - INFO - 返回成功响应: {"type": "response", "status": "success", "message": "机器人连接成功", "data": {"connected": true}, "message_id": "msg_1_1760001482"}
2025-10-09 17:18:03,699 - root - INFO - 机器人已成功使能
2025-10-09 17:18:03,699 - controller.robot_controller - INFO - 机器人已使能
2025-10-09 17:18:33,781 - controller.robot_controller - ERROR - 运动到指定关节位置失败: 关节运动执行失败: 机器人错误 -1: 等待运动完成超时
2025-10-09 17:18:45,333 - root - INFO - 去使能指令发送成功，等待机器人进入去使能状态
2025-10-09 17:18:45,835 - root - INFO - 机器人已成功去使能
2025-10-09 17:18:45,835 - controller.robot_controller - INFO - 机器人已去使能
2025-10-09 17:18:45,835 - controller.robot_controller - INFO - 机器人连接已断开
2025-10-09 17:18:45,836 - server.tcp_server - INFO - 客户端 client_33 资源已清理
2025-10-09 17:19:00,434 - server.tcp_server - INFO - 新客户端连接: ('192.168.31.254', 58576)
2025-10-09 17:19:00,434 - server.tcp_server - INFO - 开始处理连接机器人命令，客户端ID: client_34
2025-10-09 17:19:00,434 - controller.robot_controller - INFO - 正在连接机器人 192.168.0.10:10003
2025-10-09 17:19:00,435 - controller.robot_controller - INFO - 机器人连接成功
2025-10-09 17:19:00,435 - server.tcp_server - INFO - 机器人连接结果: True
2025-10-09 17:19:00,435 - server.tcp_server - INFO - 返回成功响应: {"type": "response", "status": "success", "message": "机器人连接成功", "data": {"connected": true}, "message_id": "msg_1_1760001540"}
2025-10-09 17:19:01,987 - root - INFO - 机器人已成功使能
2025-10-09 17:19:01,987 - controller.robot_controller - INFO - 机器人已使能
2025-10-09 17:19:02,505 - root - INFO - 关节运动完成
2025-10-09 17:19:02,506 - controller.robot_controller - INFO - 运动到指定关节位置完成
2025-10-09 17:19:02,563 - root - INFO - 去使能指令发送成功，等待机器人进入去使能状态
2025-10-09 17:19:03,065 - root - INFO - 机器人已成功去使能
2025-10-09 17:19:03,065 - controller.robot_controller - INFO - 机器人已去使能
2025-10-09 17:19:03,066 - controller.robot_controller - INFO - 机器人连接已断开
2025-10-09 17:19:03,067 - server.tcp_server - INFO - 客户端 client_34 资源已清理
2025-10-09 17:19:25,094 - server.tcp_server - INFO - 新客户端连接: ('192.168.31.254', 59096)
2025-10-09 17:19:25,094 - server.tcp_server - INFO - 开始处理连接机器人命令，客户端ID: client_35
2025-10-09 17:19:25,094 - controller.robot_controller - INFO - 正在连接机器人 192.168.0.10:10003
2025-10-09 17:19:25,095 - controller.robot_controller - INFO - 机器人连接成功
2025-10-09 17:19:25,095 - server.tcp_server - INFO - 机器人连接结果: True
2025-10-09 17:19:25,095 - server.tcp_server - INFO - 返回成功响应: {"type": "response", "status": "success", "message": "机器人连接成功", "data": {"connected": true}, "message_id": "msg_1_1760001565"}
2025-10-09 17:19:26,649 - root - INFO - 机器人已成功使能
2025-10-09 17:19:26,649 - controller.robot_controller - INFO - 机器人已使能
2025-10-09 17:19:27,166 - root - INFO - 关节运动完成
2025-10-09 17:19:27,166 - controller.robot_controller - INFO - 运动到指定关节位置完成
2025-10-09 17:19:57,280 - controller.robot_controller - ERROR - 运动到指定姿态失败: 关节运动执行失败: 机器人错误 -1: 等待运动完成超时
2025-10-09 17:20:27,666 - controller.robot_controller - ERROR - 机器人去使能失败: 机器人错误 -1: 去使能失败，当前状态不允许去使能: 8 (正在准备给本体供电)
2025-10-09 17:20:27,666 - controller.robot_controller - INFO - 机器人连接已断开
2025-10-09 17:20:27,667 - server.tcp_server - ERROR - 发送完整消息时发生错误: [Errno 32] Broken pipe
2025-10-09 17:20:27,667 - server.tcp_server - INFO - 客户端 client_35 资源已清理
2025-10-09 17:24:44,079 - server.tcp_server - INFO - 新客户端连接: ('192.168.31.254', 49894)
2025-10-09 17:24:44,080 - server.tcp_server - INFO - 开始处理连接机器人命令，客户端ID: client_36
2025-10-09 17:24:44,080 - controller.robot_controller - INFO - 正在连接机器人 192.168.0.10:10003
2025-10-09 17:24:44,080 - controller.robot_controller - INFO - 机器人连接成功
2025-10-09 17:24:44,080 - server.tcp_server - INFO - 机器人连接结果: True
2025-10-09 17:24:44,080 - server.tcp_server - INFO - 返回成功响应: {"type": "response", "status": "success", "message": "机器人连接成功", "data": {"connected": true}, "message_id": "msg_1_1760001884"}
2025-10-09 17:24:45,631 - root - INFO - 机器人已成功使能
2025-10-09 17:24:45,631 - controller.robot_controller - INFO - 机器人已使能
2025-10-09 17:25:15,709 - controller.robot_controller - ERROR - 运动到指定关节位置失败: 关节运动执行失败: 机器人错误 -1: 等待运动完成超时
2025-10-09 17:25:36,280 - root - INFO - 去使能指令发送成功，等待机器人进入去使能状态
2025-10-09 17:25:36,782 - root - INFO - 机器人已成功去使能
2025-10-09 17:25:36,782 - controller.robot_controller - INFO - 机器人已去使能
2025-10-09 17:25:36,782 - controller.robot_controller - INFO - 机器人连接已断开
2025-10-09 17:25:36,783 - server.tcp_server - INFO - 客户端 client_36 资源已清理
2025-10-09 17:25:38,643 - server.tcp_server - INFO - 新客户端连接: ('192.168.31.254', 37686)
2025-10-09 17:25:38,644 - server.tcp_server - INFO - 开始处理连接机器人命令，客户端ID: client_37
2025-10-09 17:25:38,644 - controller.robot_controller - INFO - 正在连接机器人 192.168.0.10:10003
2025-10-09 17:25:38,644 - controller.robot_controller - INFO - 机器人连接成功
2025-10-09 17:25:38,644 - server.tcp_server - INFO - 机器人连接结果: True
2025-10-09 17:25:38,644 - server.tcp_server - INFO - 返回成功响应: {"type": "response", "status": "success", "message": "机器人连接成功", "data": {"connected": true}, "message_id": "msg_1_1760001938"}
2025-10-09 17:25:40,194 - root - INFO - 机器人已成功使能
2025-10-09 17:25:40,194 - controller.robot_controller - INFO - 机器人已使能
2025-10-09 17:25:40,712 - root - INFO - 关节运动完成
2025-10-09 17:25:40,712 - controller.robot_controller - INFO - 运动到指定关节位置完成
2025-10-09 17:26:10,836 - controller.robot_controller - ERROR - 运动到指定姿态失败: 关节运动执行失败: 机器人错误 -1: 等待运动完成超时
2025-10-09 17:26:41,323 - controller.robot_controller - ERROR - 机器人去使能失败: 机器人错误 -1: 去使能失败，当前状态不允许去使能: 15 (正在初始化控制器)
2025-10-09 17:26:41,323 - controller.robot_controller - INFO - 机器人连接已断开
2025-10-09 17:26:41,323 - server.tcp_server - ERROR - 发送完整消息时发生错误: [Errno 32] Broken pipe
2025-10-09 17:26:41,324 - server.tcp_server - INFO - 客户端 client_37 资源已清理
2025-10-10 15:22:39,681 - server.tcp_server - INFO - 启动控制器服务器 0.0.0.0:8888
2025-10-10 15:22:39,682 - server.tcp_server - INFO - 控制器服务器已启动
2025-10-10 15:22:46,021 - server.tcp_server - INFO - 新客户端连接: ('192.168.31.254', 46120)
2025-10-10 15:22:46,021 - server.tcp_server - INFO - 开始处理连接机器人命令，客户端ID: client_1
2025-10-10 15:22:46,021 - controller.robot_controller - INFO - 正在连接机器人 192.168.0.10:10003
2025-10-10 15:22:46,022 - controller.robot_controller - INFO - 机器人连接成功
2025-10-10 15:22:46,022 - server.tcp_server - INFO - 机器人连接结果: True
2025-10-10 15:22:46,022 - server.tcp_server - INFO - 返回成功响应: {"type": "response", "status": "success", "message": "机器人连接成功", "data": {"connected": true}, "message_id": "msg_1_1760080966"}
2025-10-10 15:22:47,576 - root - INFO - 机器人已成功使能
2025-10-10 15:22:47,576 - controller.robot_controller - INFO - 机器人已使能
2025-10-10 15:23:17,659 - controller.robot_controller - ERROR - 运动到指定关节位置失败: 关节运动执行失败: 机器人错误 -1: 等待运动完成超时
2025-10-10 15:23:33,722 - root - INFO - 去使能指令发送成功，等待机器人进入去使能状态
2025-10-10 15:23:34,224 - root - INFO - 机器人已成功去使能
2025-10-10 15:23:34,224 - controller.robot_controller - INFO - 机器人已去使能
2025-10-10 15:23:34,225 - controller.robot_controller - INFO - 机器人连接已断开
2025-10-10 15:23:34,225 - server.tcp_server - INFO - 客户端 client_1 资源已清理
2025-10-10 15:31:14,532 - server.tcp_server - INFO - 新客户端连接: ('192.168.31.254', 47902)
2025-10-10 15:31:14,533 - server.tcp_server - INFO - 开始处理连接机器人命令，客户端ID: client_2
2025-10-10 15:31:14,533 - controller.robot_controller - INFO - 正在连接机器人 192.168.0.10:10003
2025-10-10 15:31:14,533 - controller.robot_controller - INFO - 机器人连接成功
2025-10-10 15:31:14,533 - server.tcp_server - INFO - 机器人连接结果: True
2025-10-10 15:31:14,533 - server.tcp_server - INFO - 返回成功响应: {"type": "response", "status": "success", "message": "机器人连接成功", "data": {"connected": true}, "message_id": "msg_1_1760081474"}
2025-10-10 15:31:16,084 - root - INFO - 机器人已成功使能
2025-10-10 15:31:16,084 - controller.robot_controller - INFO - 机器人已使能
2025-10-10 15:31:16,601 - root - INFO - 关节运动完成
2025-10-10 15:31:16,601 - controller.robot_controller - INFO - 运动到指定关节位置完成
2025-10-10 15:31:46,697 - controller.robot_controller - ERROR - 运动到指定姿态失败: 关节运动执行失败: 机器人错误 -1: 等待运动完成超时
2025-10-10 15:32:17,046 - controller.robot_controller - ERROR - 机器人去使能失败: 机器人错误 -1: 去使能失败，当前状态不允许去使能: 24 (机器人去使能)
2025-10-10 15:32:17,046 - controller.robot_controller - INFO - 机器人连接已断开
2025-10-10 15:32:17,047 - server.tcp_server - ERROR - 发送完整消息时发生错误: [Errno 32] Broken pipe
2025-10-10 15:32:17,047 - server.tcp_server - INFO - 客户端 client_2 资源已清理
2025-10-10 18:30:00,818 - server.tcp_server - INFO - 新客户端连接: ('192.168.31.254', 41450)
2025-10-10 18:30:00,818 - server.tcp_server - INFO - 开始处理连接机器人命令，客户端ID: client_3
2025-10-10 18:30:00,818 - controller.robot_controller - INFO - 正在连接机器人 192.168.0.10:10003
2025-10-10 18:30:00,819 - controller.robot_controller - INFO - 机器人连接成功
2025-10-10 18:30:00,819 - server.tcp_server - INFO - 机器人连接结果: True
2025-10-10 18:30:00,819 - server.tcp_server - INFO - 返回成功响应: {"type": "response", "status": "success", "message": "机器人连接成功", "data": {"connected": true}, "message_id": "msg_1_1760092200"}
2025-10-10 18:30:02,373 - root - INFO - 机器人已成功使能
2025-10-10 18:30:02,373 - controller.robot_controller - INFO - 机器人已使能
2025-10-10 18:30:32,474 - controller.robot_controller - ERROR - 运动到指定关节位置失败: 关节运动执行失败: 机器人错误 -1: 等待运动完成超时
2025-10-10 18:30:36,009 - root - INFO - 去使能指令发送成功，等待机器人进入去使能状态
2025-10-10 18:30:36,511 - root - INFO - 机器人已成功去使能
2025-10-10 18:30:36,511 - controller.robot_controller - INFO - 机器人已去使能
2025-10-10 18:30:36,511 - controller.robot_controller - INFO - 机器人连接已断开
2025-10-10 18:30:36,512 - server.tcp_server - INFO - 客户端 client_3 资源已清理
2025-10-10 18:30:46,460 - server.tcp_server - INFO - 新客户端连接: ('192.168.31.254', 37772)
2025-10-10 18:30:46,461 - server.tcp_server - INFO - 开始处理连接机器人命令，客户端ID: client_4
2025-10-10 18:30:46,462 - controller.robot_controller - INFO - 正在连接机器人 192.168.0.10:10003
2025-10-10 18:30:46,462 - controller.robot_controller - INFO - 机器人连接成功
2025-10-10 18:30:46,462 - server.tcp_server - INFO - 机器人连接结果: True
2025-10-10 18:30:46,462 - server.tcp_server - INFO - 返回成功响应: {"type": "response", "status": "success", "message": "机器人连接成功", "data": {"connected": true}, "message_id": "msg_1_1760092246"}
2025-10-10 18:30:48,013 - root - INFO - 机器人已成功使能
2025-10-10 18:30:48,013 - controller.robot_controller - INFO - 机器人已使能
2025-10-10 18:30:48,530 - root - INFO - 关节运动完成
2025-10-10 18:30:48,531 - controller.robot_controller - INFO - 运动到指定关节位置完成
2025-10-10 18:31:06,095 - root - INFO - 关节运动完成
2025-10-10 18:31:06,095 - controller.robot_controller - INFO - 运动到指定姿态完成
2025-10-10 18:31:06,100 - controller.robot_controller - ERROR - 运动到指定姿态失败: 关节运动执行失败: 机器人错误 -1: 机器人未使能，无法执行运动
2025-10-10 18:31:36,432 - controller.robot_controller - ERROR - 机器人去使能失败: 机器人错误 -1: 去使能失败，当前状态不允许去使能: 7 (本体供电已切断)
2025-10-10 18:31:36,432 - controller.robot_controller - INFO - 机器人连接已断开
2025-10-10 18:31:36,433 - server.tcp_server - INFO - 客户端 client_4 资源已清理
2025-10-10 18:40:40,818 - server.tcp_server - INFO - 新客户端连接: ('192.168.31.254', 48516)
2025-10-10 18:40:40,818 - server.tcp_server - INFO - 开始处理连接机器人命令，客户端ID: client_5
2025-10-10 18:40:40,818 - controller.robot_controller - INFO - 正在连接机器人 192.168.0.10:10003
2025-10-10 18:40:40,818 - controller.robot_controller - INFO - 机器人连接成功
2025-10-10 18:40:40,818 - server.tcp_server - INFO - 机器人连接结果: True
2025-10-10 18:40:40,818 - server.tcp_server - INFO - 返回成功响应: {"type": "response", "status": "success", "message": "机器人连接成功", "data": {"connected": true}, "message_id": "msg_1_1760092840"}
2025-10-10 18:40:42,371 - root - INFO - 机器人已成功使能
2025-10-10 18:40:42,371 - controller.robot_controller - INFO - 机器人已使能
2025-10-10 18:40:57,929 - root - INFO - 关节运动完成
2025-10-10 18:40:57,929 - controller.robot_controller - INFO - 运动到指定关节位置完成
2025-10-10 18:41:21,262 - root - INFO - 关节运动完成
2025-10-10 18:41:21,262 - controller.robot_controller - INFO - 运动到指定姿态完成
2025-10-10 18:41:21,267 - controller.robot_controller - ERROR - 运动到指定姿态失败: 关节运动执行失败: 机器人错误 -1: 机器人未使能，无法执行运动
2025-10-10 18:41:51,619 - controller.robot_controller - ERROR - 机器人去使能失败: 机器人错误 -1: 去使能失败，当前状态不允许去使能: 7 (本体供电已切断)
2025-10-10 18:41:51,620 - controller.robot_controller - INFO - 机器人连接已断开
2025-10-10 18:41:51,621 - server.tcp_server - INFO - 客户端 client_5 资源已清理
2025-10-10 18:43:22,580 - server.tcp_server - INFO - 新客户端连接: ('192.168.31.254', 43926)
2025-10-10 18:43:22,581 - server.tcp_server - INFO - 开始处理连接机器人命令，客户端ID: client_6
2025-10-10 18:43:22,582 - controller.robot_controller - INFO - 正在连接机器人 192.168.0.10:10003
2025-10-10 18:43:22,583 - controller.robot_controller - INFO - 机器人连接成功
2025-10-10 18:43:22,583 - server.tcp_server - INFO - 机器人连接结果: True
2025-10-10 18:43:22,583 - server.tcp_server - INFO - 返回成功响应: {"type": "response", "status": "success", "message": "机器人连接成功", "data": {"connected": true}, "message_id": "msg_1_1760093002"}
2025-10-10 18:43:24,135 - root - INFO - 机器人已成功使能
2025-10-10 18:43:24,135 - controller.robot_controller - INFO - 机器人已使能
2025-10-10 18:43:45,212 - root - INFO - 关节运动完成
2025-10-10 18:43:45,212 - controller.robot_controller - INFO - 运动到指定关节位置完成
2025-10-10 18:44:15,319 - controller.robot_controller - ERROR - 运动到指定姿态失败: 关节运动执行失败: 机器人错误 -1: 等待运动完成超时
2025-10-10 18:44:36,405 - root - INFO - 去使能指令发送成功，等待机器人进入去使能状态
2025-10-10 18:44:36,907 - root - INFO - 机器人已成功去使能
2025-10-10 18:44:36,908 - controller.robot_controller - INFO - 机器人已去使能
2025-10-10 18:44:36,908 - controller.robot_controller - INFO - 机器人连接已断开
2025-10-10 18:44:36,908 - server.tcp_server - INFO - 客户端 client_6 资源已清理
2025-10-10 18:45:13,481 - server.tcp_server - INFO - 新客户端连接: ('192.168.31.254', 38798)
2025-10-10 18:45:13,483 - server.tcp_server - INFO - 开始处理连接机器人命令，客户端ID: client_7
2025-10-10 18:45:13,483 - controller.robot_controller - INFO - 正在连接机器人 192.168.0.10:10003
2025-10-10 18:45:13,483 - controller.robot_controller - INFO - 机器人连接成功
2025-10-10 18:45:13,483 - server.tcp_server - INFO - 机器人连接结果: True
2025-10-10 18:45:13,484 - server.tcp_server - INFO - 返回成功响应: {"type": "response", "status": "success", "message": "机器人连接成功", "data": {"connected": true}, "message_id": "msg_1_1760093113"}
2025-10-10 18:45:15,038 - root - INFO - 机器人已成功使能
2025-10-10 18:45:15,038 - controller.robot_controller - INFO - 机器人已使能
2025-10-10 18:45:45,134 - controller.robot_controller - ERROR - 运动到指定关节位置失败: 关节运动执行失败: 机器人错误 -1: 等待运动完成超时
2025-10-10 18:46:06,212 - root - INFO - 去使能指令发送成功，等待机器人进入去使能状态
2025-10-10 18:46:06,714 - root - INFO - 机器人已成功去使能
2025-10-10 18:46:06,714 - controller.robot_controller - INFO - 机器人已去使能
2025-10-10 18:46:06,714 - controller.robot_controller - INFO - 机器人连接已断开
2025-10-10 18:46:06,715 - server.tcp_server - ERROR - 发送完整消息时发生错误: [Errno 32] Broken pipe
2025-10-10 18:46:06,715 - server.tcp_server - INFO - 客户端 client_7 资源已清理
2025-10-10 18:46:25,446 - server.tcp_server - INFO - 新客户端连接: ('192.168.31.254', 56644)
2025-10-10 18:46:25,448 - server.tcp_server - INFO - 开始处理连接机器人命令，客户端ID: client_8
2025-10-10 18:46:25,448 - controller.robot_controller - INFO - 正在连接机器人 192.168.0.10:10003
2025-10-10 18:46:25,448 - controller.robot_controller - INFO - 机器人连接成功
2025-10-10 18:46:25,449 - server.tcp_server - INFO - 机器人连接结果: True
2025-10-10 18:46:25,449 - server.tcp_server - INFO - 返回成功响应: {"type": "response", "status": "success", "message": "机器人连接成功", "data": {"connected": true}, "message_id": "msg_1_1760093185"}
2025-10-10 18:46:27,000 - root - INFO - 机器人已成功使能
2025-10-10 18:46:27,000 - controller.robot_controller - INFO - 机器人已使能
2025-10-10 18:46:27,518 - root - INFO - 关节运动完成
2025-10-10 18:46:27,518 - controller.robot_controller - INFO - 运动到指定关节位置完成
2025-10-10 18:46:57,616 - controller.robot_controller - ERROR - 运动到指定姿态失败: 关节运动执行失败: 机器人错误 -1: 等待运动完成超时
2025-10-10 18:47:18,202 - root - INFO - 去使能指令发送成功，等待机器人进入去使能状态
2025-10-10 18:47:18,704 - root - INFO - 机器人已成功去使能
2025-10-10 18:47:18,704 - controller.robot_controller - INFO - 机器人已去使能
2025-10-10 18:47:18,704 - controller.robot_controller - INFO - 机器人连接已断开
2025-10-10 18:47:18,705 - server.tcp_server - INFO - 客户端 client_8 资源已清理
2025-10-10 18:47:46,516 - server.tcp_server - INFO - 新客户端连接: ('192.168.31.254', 53016)
2025-10-10 18:47:46,517 - server.tcp_server - INFO - 开始处理连接机器人命令，客户端ID: client_9
2025-10-10 18:47:46,518 - controller.robot_controller - INFO - 正在连接机器人 192.168.0.10:10003
2025-10-10 18:47:46,518 - controller.robot_controller - INFO - 机器人连接成功
2025-10-10 18:47:46,518 - server.tcp_server - INFO - 机器人连接结果: True
2025-10-10 18:47:46,518 - server.tcp_server - INFO - 返回成功响应: {"type": "response", "status": "success", "message": "机器人连接成功", "data": {"connected": true}, "message_id": "msg_1_1760093266"}
2025-10-10 18:47:48,071 - root - INFO - 机器人已成功使能
2025-10-10 18:47:48,071 - controller.robot_controller - INFO - 机器人已使能
2025-10-10 18:47:48,595 - root - INFO - 关节运动完成
2025-10-10 18:47:48,595 - controller.robot_controller - INFO - 运动到指定姿态完成
2025-10-10 18:47:54,461 - root - INFO - 关节运动完成
2025-10-10 18:47:54,461 - controller.robot_controller - INFO - 运动到指定姿态完成
2025-10-10 18:48:24,699 - controller.robot_controller - ERROR - 机器人去使能失败: 机器人错误 -1: 去使能失败，当前状态不允许去使能: 24 (机器人去使能)
2025-10-10 18:48:24,699 - controller.robot_controller - INFO - 机器人连接已断开
2025-10-10 18:48:24,699 - server.tcp_server - ERROR - 发送完整消息时发生错误: [Errno 32] Broken pipe
2025-10-10 18:48:24,699 - server.tcp_server - INFO - 客户端 client_9 资源已清理
2025-10-10 18:52:44,360 - server.tcp_server - INFO - 新客户端连接: ('192.168.31.254', 46216)
2025-10-10 18:52:44,361 - server.tcp_server - INFO - 开始处理连接机器人命令，客户端ID: client_10
2025-10-10 18:52:44,361 - controller.robot_controller - INFO - 正在连接机器人 192.168.0.10:10003
2025-10-10 18:52:44,362 - controller.robot_controller - INFO - 机器人连接成功
2025-10-10 18:52:44,362 - server.tcp_server - INFO - 机器人连接结果: True
2025-10-10 18:52:44,362 - server.tcp_server - INFO - 返回成功响应: {"type": "response", "status": "success", "message": "机器人连接成功", "data": {"connected": true}, "message_id": "msg_1_1760093564"}
2025-10-10 18:52:45,918 - root - INFO - 机器人已成功使能
2025-10-10 18:52:45,918 - controller.robot_controller - INFO - 机器人已使能
2025-10-10 18:52:49,952 - root - INFO - 关节运动完成
2025-10-10 18:52:49,953 - controller.robot_controller - INFO - 运动到指定姿态完成
2025-10-10 18:52:54,264 - root - INFO - 关节运动完成
2025-10-10 18:52:54,264 - controller.robot_controller - INFO - 运动到指定姿态完成
2025-10-10 18:53:22,630 - server.tcp_server - INFO - 新客户端连接: ('192.168.31.254', 42910)
2025-10-10 18:53:22,631 - server.tcp_server - INFO - 开始处理连接机器人命令，客户端ID: client_11
2025-10-10 18:53:22,632 - controller.robot_controller - INFO - 正在连接机器人 192.168.0.10:10003
2025-10-10 18:53:22,632 - controller.robot_controller - INFO - 机器人连接成功
2025-10-10 18:53:22,632 - server.tcp_server - INFO - 机器人连接结果: True
2025-10-10 18:53:22,632 - server.tcp_server - INFO - 返回成功响应: {"type": "response", "status": "success", "message": "机器人连接成功", "data": {"connected": true}, "message_id": "msg_1_1760093602"}
2025-10-10 18:53:22,637 - controller.robot_controller - ERROR - 机器人使能失败: 机器人错误 20018: 使能机器人失败: command forbidden in this state{15---ControllerConnecting}
2025-10-10 18:53:27,317 - controller.robot_controller - ERROR - 机器人去使能失败: 机器人错误 -1: 去使能失败，当前状态不允许去使能: 24 (机器人去使能)
2025-10-10 18:53:27,319 - root - INFO - 机器人已处于去使能状态
2025-10-10 18:53:27,319 - controller.robot_controller - INFO - 机器人已去使能
2025-10-10 18:53:27,319 - server.tcp_server - INFO - 客户端 client_10 的机器人已去使能
2025-10-10 18:53:27,320 - controller.robot_controller - INFO - 机器人连接已断开
2025-10-10 18:53:27,320 - server.tcp_server - INFO - 客户端 client_10 的机器人连接已断开
2025-10-10 18:53:27,320 - server.tcp_server - INFO - 客户端 client_10 资源已清理
2025-10-10 18:53:27,819 - controller.robot_controller - ERROR - 机器人去使能失败: 机器人错误 -1: 获取状态失败: 机器人错误 39503: 获取状态失败，错误码: 39503
2025-10-10 18:53:27,822 - server.tcp_server - INFO - 客户端 client_11 资源已清理
2025-10-10 18:53:31,746 - server.tcp_server - INFO - 新客户端连接: ('192.168.31.254', 33716)
2025-10-10 18:53:31,748 - server.tcp_server - INFO - 开始处理连接机器人命令，客户端ID: client_12
2025-10-10 18:53:31,748 - controller.robot_controller - INFO - 正在连接机器人 192.168.0.10:10003
2025-10-10 18:53:31,748 - controller.robot_controller - INFO - 机器人连接成功
2025-10-10 18:53:31,748 - server.tcp_server - INFO - 机器人连接结果: True
2025-10-10 18:53:31,749 - server.tcp_server - INFO - 返回成功响应: {"type": "response", "status": "success", "message": "机器人连接成功", "data": {"connected": true}, "message_id": "msg_1_1760093611"}
2025-10-10 18:53:33,301 - root - INFO - 机器人已成功使能
2025-10-10 18:53:33,301 - controller.robot_controller - INFO - 机器人已使能
2025-10-10 18:53:36,326 - root - INFO - 关节运动完成
2025-10-10 18:53:36,326 - controller.robot_controller - INFO - 运动到指定姿态完成
2025-10-10 18:53:44,933 - root - INFO - 关节运动完成
2025-10-10 18:53:44,933 - controller.robot_controller - INFO - 运动到指定姿态完成
2025-10-10 18:54:17,549 - controller.robot_controller - ERROR - 机器人去使能失败: 机器人错误 -1: 去使能失败，当前状态不允许去使能: 24 (机器人去使能)
2025-10-10 18:54:17,549 - controller.robot_controller - INFO - 机器人连接已断开
2025-10-10 18:54:17,549 - server.tcp_server - ERROR - 处理客户端消息失败 client_12: [Errno 104] Connection reset by peer
2025-10-10 18:54:17,549 - server.tcp_server - ERROR - 客户端处理线程异常 client_12: [Errno 32] Broken pipe
2025-10-10 18:54:17,549 - server.tcp_server - INFO - 客户端 client_12 资源已清理
2025-10-10 18:54:24,370 - server.tcp_server - INFO - 新客户端连接: ('192.168.31.254', 50434)
2025-10-10 18:54:24,372 - server.tcp_server - INFO - 开始处理连接机器人命令，客户端ID: client_13
2025-10-10 18:54:24,372 - controller.robot_controller - INFO - 正在连接机器人 192.168.0.10:10003
2025-10-10 18:54:24,372 - controller.robot_controller - INFO - 机器人连接成功
2025-10-10 18:54:24,372 - server.tcp_server - INFO - 机器人连接结果: True
2025-10-10 18:54:24,373 - server.tcp_server - INFO - 返回成功响应: {"type": "response", "status": "success", "message": "机器人连接成功", "data": {"connected": true}, "message_id": "msg_1_1760093664"}
2025-10-10 18:54:25,923 - root - INFO - 机器人已成功使能
2025-10-10 18:54:25,923 - controller.robot_controller - INFO - 机器人已使能
2025-10-10 18:54:31,961 - root - INFO - 关节运动完成
2025-10-10 18:54:31,961 - controller.robot_controller - INFO - 运动到指定姿态完成
2025-10-10 18:54:33,991 - root - INFO - 去使能指令发送成功，等待机器人进入去使能状态
2025-10-10 18:54:34,493 - root - INFO - 机器人已成功去使能
2025-10-10 18:54:34,493 - controller.robot_controller - INFO - 机器人已去使能
2025-10-10 18:54:34,493 - controller.robot_controller - INFO - 机器人连接已断开
2025-10-10 18:54:34,493 - server.tcp_server - INFO - 客户端 client_13 资源已清理
2025-10-10 18:55:30,463 - server.tcp_server - INFO - 新客户端连接: ('192.168.31.254', 57902)
2025-10-10 18:55:30,464 - server.tcp_server - INFO - 开始处理连接机器人命令，客户端ID: client_14
2025-10-10 18:55:30,464 - controller.robot_controller - INFO - 正在连接机器人 192.168.0.10:10003
2025-10-10 18:55:30,465 - controller.robot_controller - INFO - 机器人连接成功
2025-10-10 18:55:30,465 - server.tcp_server - INFO - 机器人连接结果: True
2025-10-10 18:55:30,465 - server.tcp_server - INFO - 返回成功响应: {"type": "response", "status": "success", "message": "机器人连接成功", "data": {"connected": true}, "message_id": "msg_1_1760093730"}
2025-10-10 18:55:32,016 - root - INFO - 机器人已成功使能
2025-10-10 18:55:32,016 - controller.robot_controller - INFO - 机器人已使能
2025-10-10 18:55:32,538 - root - INFO - 关节运动完成
2025-10-10 18:55:32,538 - controller.robot_controller - INFO - 运动到指定姿态完成
2025-10-10 18:55:34,570 - root - INFO - 去使能指令发送成功，等待机器人进入去使能状态
2025-10-10 18:55:35,073 - root - INFO - 机器人已成功去使能
2025-10-10 18:55:35,073 - controller.robot_controller - INFO - 机器人已去使能
2025-10-10 18:55:35,074 - controller.robot_controller - INFO - 机器人连接已断开
2025-10-10 18:55:35,075 - server.tcp_server - INFO - 客户端 client_14 资源已清理
2025-10-10 18:55:46,239 - server.tcp_server - INFO - 新客户端连接: ('192.168.31.254', 43226)
2025-10-10 18:55:46,241 - server.tcp_server - INFO - 开始处理连接机器人命令，客户端ID: client_15
2025-10-10 18:55:46,241 - controller.robot_controller - INFO - 正在连接机器人 192.168.0.10:10003
2025-10-10 18:55:46,241 - controller.robot_controller - INFO - 机器人连接成功
2025-10-10 18:55:46,242 - server.tcp_server - INFO - 机器人连接结果: True
2025-10-10 18:55:46,242 - server.tcp_server - INFO - 返回成功响应: {"type": "response", "status": "success", "message": "机器人连接成功", "data": {"connected": true}, "message_id": "msg_1_1760093746"}
2025-10-10 18:55:47,793 - root - INFO - 机器人已成功使能
2025-10-10 18:55:47,794 - controller.robot_controller - INFO - 机器人已使能
2025-10-10 18:55:48,315 - root - INFO - 关节运动完成
2025-10-10 18:55:48,315 - controller.robot_controller - INFO - 运动到指定姿态完成
2025-10-10 18:55:50,343 - root - INFO - 去使能指令发送成功，等待机器人进入去使能状态
2025-10-10 18:55:50,845 - root - INFO - 机器人已成功去使能
2025-10-10 18:55:50,845 - controller.robot_controller - INFO - 机器人已去使能
2025-10-10 18:55:50,846 - controller.robot_controller - INFO - 机器人连接已断开
2025-10-10 18:55:50,847 - server.tcp_server - INFO - 客户端 client_15 资源已清理
2025-10-10 19:24:29,826 - server.tcp_server - INFO - 新客户端连接: ('192.168.31.254', 44612)
2025-10-10 19:24:29,827 - server.tcp_server - INFO - 开始处理连接机器人命令，客户端ID: client_16
2025-10-10 19:24:29,828 - controller.robot_controller - INFO - 正在连接机器人 192.168.0.10:10003
2025-10-10 19:24:29,828 - controller.robot_controller - INFO - 机器人连接成功
2025-10-10 19:24:29,828 - server.tcp_server - INFO - 机器人连接结果: True
2025-10-10 19:24:29,828 - server.tcp_server - INFO - 返回成功响应: {"type": "response", "status": "success", "message": "机器人连接成功", "data": {"connected": true}, "message_id": "msg_1_1760095469"}
2025-10-10 19:24:31,379 - root - INFO - 机器人已成功使能
2025-10-10 19:24:31,379 - controller.robot_controller - INFO - 机器人已使能
2025-10-10 19:24:32,903 - root - INFO - 关节运动完成
2025-10-10 19:24:32,904 - controller.robot_controller - INFO - 运动到指定姿态完成
2025-10-10 19:24:34,937 - root - INFO - 去使能指令发送成功，等待机器人进入去使能状态
2025-10-10 19:24:35,439 - root - INFO - 机器人已成功去使能
2025-10-10 19:24:35,439 - controller.robot_controller - INFO - 机器人已去使能
2025-10-10 19:24:35,440 - controller.robot_controller - INFO - 机器人连接已断开
2025-10-10 19:24:35,441 - server.tcp_server - INFO - 客户端 client_16 资源已清理
2025-10-10 19:25:30,249 - server.tcp_server - INFO - 新客户端连接: ('192.168.31.254', 40406)
2025-10-10 19:25:30,250 - server.tcp_server - INFO - 开始处理连接机器人命令，客户端ID: client_17
2025-10-10 19:25:30,251 - controller.robot_controller - INFO - 正在连接机器人 192.168.0.10:10003
2025-10-10 19:25:30,251 - controller.robot_controller - INFO - 机器人连接成功
2025-10-10 19:25:30,251 - server.tcp_server - INFO - 机器人连接结果: True
2025-10-10 19:25:30,252 - server.tcp_server - INFO - 返回成功响应: {"type": "response", "status": "success", "message": "机器人连接成功", "data": {"connected": true}, "message_id": "msg_1_1760095530"}
2025-10-10 19:25:31,804 - root - INFO - 机器人已成功使能
2025-10-10 19:25:31,804 - controller.robot_controller - INFO - 机器人已使能
2025-10-10 19:25:32,826 - root - INFO - 关节运动完成
2025-10-10 19:25:32,826 - controller.robot_controller - INFO - 运动到指定姿态完成
2025-10-10 19:25:34,856 - root - INFO - 去使能指令发送成功，等待机器人进入去使能状态
2025-10-10 19:25:35,359 - root - INFO - 机器人已成功去使能
2025-10-10 19:25:35,359 - controller.robot_controller - INFO - 机器人已去使能
2025-10-10 19:25:35,360 - controller.robot_controller - INFO - 机器人连接已断开
2025-10-10 19:25:35,361 - server.tcp_server - INFO - 客户端 client_17 资源已清理
2025-10-10 19:25:46,084 - server.tcp_server - INFO - 新客户端连接: ('192.168.31.254', 49582)
2025-10-10 19:25:46,085 - server.tcp_server - INFO - 开始处理连接机器人命令，客户端ID: client_18
2025-10-10 19:25:46,085 - controller.robot_controller - INFO - 正在连接机器人 192.168.0.10:10003
2025-10-10 19:25:46,086 - controller.robot_controller - INFO - 机器人连接成功
2025-10-10 19:25:46,086 - server.tcp_server - INFO - 机器人连接结果: True
2025-10-10 19:25:46,086 - server.tcp_server - INFO - 返回成功响应: {"type": "response", "status": "success", "message": "机器人连接成功", "data": {"connected": true}, "message_id": "msg_1_1760095546"}
2025-10-10 19:25:47,641 - root - INFO - 机器人已成功使能
2025-10-10 19:25:47,641 - controller.robot_controller - INFO - 机器人已使能
2025-10-10 19:25:48,162 - root - INFO - 关节运动完成
2025-10-10 19:25:48,162 - controller.robot_controller - INFO - 运动到指定姿态完成
2025-10-10 19:25:50,194 - root - INFO - 去使能指令发送成功，等待机器人进入去使能状态
2025-10-10 19:25:50,697 - root - INFO - 机器人已成功去使能
2025-10-10 19:25:50,697 - controller.robot_controller - INFO - 机器人已去使能
2025-10-10 19:25:50,698 - controller.robot_controller - INFO - 机器人连接已断开
2025-10-10 19:25:50,699 - server.tcp_server - INFO - 客户端 client_18 资源已清理
2025-10-10 19:26:34,843 - server.tcp_server - INFO - 新客户端连接: ('192.168.31.254', 44318)
2025-10-10 19:26:34,845 - server.tcp_server - INFO - 开始处理连接机器人命令，客户端ID: client_19
2025-10-10 19:26:34,845 - controller.robot_controller - INFO - 正在连接机器人 192.168.0.10:10003
2025-10-10 19:26:34,846 - controller.robot_controller - INFO - 机器人连接成功
2025-10-10 19:26:34,846 - server.tcp_server - INFO - 机器人连接结果: True
2025-10-10 19:26:34,846 - server.tcp_server - INFO - 返回成功响应: {"type": "response", "status": "success", "message": "机器人连接成功", "data": {"connected": true}, "message_id": "msg_1_1760095594"}
2025-10-10 19:26:36,397 - root - INFO - 机器人已成功使能
2025-10-10 19:26:36,397 - controller.robot_controller - INFO - 机器人已使能
2025-10-10 19:26:37,420 - root - INFO - 关节运动完成
2025-10-10 19:26:37,421 - controller.robot_controller - INFO - 运动到指定姿态完成
2025-10-10 19:26:39,451 - root - INFO - 去使能指令发送成功，等待机器人进入去使能状态
2025-10-10 19:26:39,953 - root - INFO - 机器人已成功去使能
2025-10-10 19:26:39,953 - controller.robot_controller - INFO - 机器人已去使能
2025-10-10 19:26:39,954 - controller.robot_controller - INFO - 机器人连接已断开
2025-10-10 19:26:39,954 - server.tcp_server - INFO - 客户端 client_19 资源已清理
2025-10-10 19:26:52,820 - server.tcp_server - INFO - 新客户端连接: ('192.168.31.254', 36674)
2025-10-10 19:26:52,820 - server.tcp_server - INFO - 开始处理连接机器人命令，客户端ID: client_20
2025-10-10 19:26:52,820 - controller.robot_controller - INFO - 正在连接机器人 192.168.0.10:10003
2025-10-10 19:26:52,820 - controller.robot_controller - INFO - 机器人连接成功
2025-10-10 19:26:52,820 - server.tcp_server - INFO - 机器人连接结果: True
2025-10-10 19:26:52,820 - server.tcp_server - INFO - 返回成功响应: {"type": "response", "status": "success", "message": "机器人连接成功", "data": {"connected": true}, "message_id": "msg_1_1760095612"}
2025-10-10 19:26:54,375 - root - INFO - 机器人已成功使能
2025-10-10 19:26:54,375 - controller.robot_controller - INFO - 机器人已使能
2025-10-10 19:26:55,898 - root - INFO - 关节运动完成
2025-10-10 19:26:55,898 - controller.robot_controller - INFO - 运动到指定姿态完成
2025-10-10 19:26:57,927 - root - INFO - 去使能指令发送成功，等待机器人进入去使能状态
2025-10-10 19:26:58,429 - root - INFO - 机器人已成功去使能
2025-10-10 19:26:58,429 - controller.robot_controller - INFO - 机器人已去使能
2025-10-10 19:26:58,430 - controller.robot_controller - INFO - 机器人连接已断开
2025-10-10 19:26:58,430 - server.tcp_server - INFO - 客户端 client_20 资源已清理
2025-10-10 19:27:12,077 - server.tcp_server - INFO - 新客户端连接: ('192.168.31.254', 33860)
2025-10-10 19:27:12,078 - server.tcp_server - INFO - 开始处理连接机器人命令，客户端ID: client_21
2025-10-10 19:27:12,079 - controller.robot_controller - INFO - 正在连接机器人 192.168.0.10:10003
2025-10-10 19:27:12,079 - controller.robot_controller - INFO - 机器人连接成功
2025-10-10 19:27:12,079 - server.tcp_server - INFO - 机器人连接结果: True
2025-10-10 19:27:12,080 - server.tcp_server - INFO - 返回成功响应: {"type": "response", "status": "success", "message": "机器人连接成功", "data": {"connected": true}, "message_id": "msg_1_1760095632"}
2025-10-10 19:27:13,631 - root - INFO - 机器人已成功使能
2025-10-10 19:27:13,631 - controller.robot_controller - INFO - 机器人已使能
2025-10-10 19:27:15,155 - root - INFO - 关节运动完成
2025-10-10 19:27:15,155 - controller.robot_controller - INFO - 运动到指定姿态完成
2025-10-10 19:27:17,187 - root - INFO - 去使能指令发送成功，等待机器人进入去使能状态
2025-10-10 19:27:17,690 - root - INFO - 机器人已成功去使能
2025-10-10 19:27:17,690 - controller.robot_controller - INFO - 机器人已去使能
2025-10-10 19:27:17,691 - controller.robot_controller - INFO - 机器人连接已断开
2025-10-10 19:27:17,691 - server.tcp_server - INFO - 客户端 client_21 资源已清理
2025-10-10 19:27:45,746 - server.tcp_server - INFO - 新客户端连接: ('192.168.31.254', 39522)
2025-10-10 19:27:45,747 - server.tcp_server - INFO - 开始处理连接机器人命令，客户端ID: client_22
2025-10-10 19:27:45,747 - controller.robot_controller - INFO - 正在连接机器人 192.168.0.10:10003
2025-10-10 19:27:45,748 - controller.robot_controller - INFO - 机器人连接成功
2025-10-10 19:27:45,748 - server.tcp_server - INFO - 机器人连接结果: True
2025-10-10 19:27:45,748 - server.tcp_server - INFO - 返回成功响应: {"type": "response", "status": "success", "message": "机器人连接成功", "data": {"connected": true}, "message_id": "msg_1_1760095665"}
2025-10-10 19:27:47,301 - root - INFO - 机器人已成功使能
2025-10-10 19:27:47,301 - controller.robot_controller - INFO - 机器人已使能
2025-10-10 19:27:48,324 - root - INFO - 关节运动完成
2025-10-10 19:27:48,324 - controller.robot_controller - INFO - 运动到指定姿态完成
2025-10-10 19:27:50,354 - root - INFO - 去使能指令发送成功，等待机器人进入去使能状态
2025-10-10 19:27:50,856 - root - INFO - 机器人已成功去使能
2025-10-10 19:27:50,857 - controller.robot_controller - INFO - 机器人已去使能
2025-10-10 19:27:50,858 - controller.robot_controller - INFO - 机器人连接已断开
2025-10-10 19:27:50,859 - server.tcp_server - INFO - 客户端 client_22 资源已清理
2025-10-10 19:28:38,100 - server.tcp_server - INFO - 新客户端连接: ('192.168.31.254', 35216)
2025-10-10 19:28:38,102 - server.tcp_server - INFO - 开始处理连接机器人命令，客户端ID: client_23
2025-10-10 19:28:38,102 - controller.robot_controller - INFO - 正在连接机器人 192.168.0.10:10003
2025-10-10 19:28:38,102 - controller.robot_controller - INFO - 机器人连接成功
2025-10-10 19:28:38,102 - server.tcp_server - INFO - 机器人连接结果: True
2025-10-10 19:28:38,102 - server.tcp_server - INFO - 返回成功响应: {"type": "response", "status": "success", "message": "机器人连接成功", "data": {"connected": true}, "message_id": "msg_1_1760095718"}
2025-10-10 19:28:39,655 - root - INFO - 机器人已成功使能
2025-10-10 19:28:39,656 - controller.robot_controller - INFO - 机器人已使能
2025-10-10 19:28:40,178 - root - INFO - 关节运动完成
2025-10-10 19:28:40,178 - controller.robot_controller - INFO - 运动到指定姿态完成
2025-10-10 19:28:42,210 - root - INFO - 去使能指令发送成功，等待机器人进入去使能状态
2025-10-10 19:28:42,712 - root - INFO - 机器人已成功去使能
2025-10-10 19:28:42,712 - controller.robot_controller - INFO - 机器人已去使能
2025-10-10 19:28:42,713 - controller.robot_controller - INFO - 机器人连接已断开
2025-10-10 19:28:42,713 - server.tcp_server - INFO - 客户端 client_23 资源已清理
2025-10-10 19:28:56,971 - server.tcp_server - INFO - 新客户端连接: ('192.168.31.254', 46788)
2025-10-10 19:28:56,972 - server.tcp_server - INFO - 开始处理连接机器人命令，客户端ID: client_24
2025-10-10 19:28:56,972 - controller.robot_controller - INFO - 正在连接机器人 192.168.0.10:10003
2025-10-10 19:28:56,973 - controller.robot_controller - INFO - 机器人连接成功
2025-10-10 19:28:56,973 - server.tcp_server - INFO - 机器人连接结果: True
2025-10-10 19:28:56,973 - server.tcp_server - INFO - 返回成功响应: {"type": "response", "status": "success", "message": "机器人连接成功", "data": {"connected": true}, "message_id": "msg_1_1760095736"}
2025-10-10 19:28:58,524 - root - INFO - 机器人已成功使能
2025-10-10 19:28:58,524 - controller.robot_controller - INFO - 机器人已使能
2025-10-10 19:29:00,048 - root - INFO - 关节运动完成
2025-10-10 19:29:00,048 - controller.robot_controller - INFO - 运动到指定姿态完成
2025-10-10 19:29:02,077 - root - INFO - 去使能指令发送成功，等待机器人进入去使能状态
2025-10-10 19:29:02,579 - root - INFO - 机器人已成功去使能
2025-10-10 19:29:02,580 - controller.robot_controller - INFO - 机器人已去使能
2025-10-10 19:29:02,581 - controller.robot_controller - INFO - 机器人连接已断开
2025-10-10 19:29:02,582 - server.tcp_server - INFO - 客户端 client_24 资源已清理
2025-10-10 19:36:45,281 - server.tcp_server - INFO - 新客户端连接: ('192.168.31.254', 36276)
2025-10-10 19:36:45,282 - server.tcp_server - INFO - 开始处理连接机器人命令，客户端ID: client_25
2025-10-10 19:36:45,282 - controller.robot_controller - INFO - 正在连接机器人 192.168.0.10:10003
2025-10-10 19:36:45,283 - controller.robot_controller - INFO - 机器人连接成功
2025-10-10 19:36:45,283 - server.tcp_server - INFO - 机器人连接结果: True
2025-10-10 19:36:45,283 - server.tcp_server - INFO - 返回成功响应: {"type": "response", "status": "success", "message": "机器人连接成功", "data": {"connected": true}, "message_id": "msg_1_1760096205"}
2025-10-10 19:36:46,836 - root - INFO - 机器人已成功使能
2025-10-10 19:36:46,836 - controller.robot_controller - INFO - 机器人已使能
2025-10-10 19:36:46,863 - root - INFO - 去使能指令发送成功，等待机器人进入去使能状态
2025-10-10 19:36:47,365 - root - INFO - 机器人已成功去使能
2025-10-10 19:36:47,366 - controller.robot_controller - INFO - 机器人已去使能
2025-10-10 19:36:47,367 - controller.robot_controller - INFO - 机器人连接已断开
2025-10-10 19:36:47,368 - server.tcp_server - INFO - 客户端 client_25 资源已清理
2025-10-10 19:36:58,716 - server.tcp_server - INFO - 新客户端连接: ('192.168.31.254', 46892)
2025-10-10 19:36:58,717 - server.tcp_server - INFO - 开始处理连接机器人命令，客户端ID: client_26
2025-10-10 19:36:58,718 - controller.robot_controller - INFO - 正在连接机器人 192.168.0.10:10003
2025-10-10 19:36:58,718 - controller.robot_controller - INFO - 机器人连接成功
2025-10-10 19:36:58,718 - server.tcp_server - INFO - 机器人连接结果: True
2025-10-10 19:36:58,719 - server.tcp_server - INFO - 返回成功响应: {"type": "response", "status": "success", "message": "机器人连接成功", "data": {"connected": true}, "message_id": "msg_1_1760096218"}
2025-10-10 19:37:00,271 - root - INFO - 机器人已成功使能
2025-10-10 19:37:00,272 - controller.robot_controller - INFO - 机器人已使能
2025-10-10 19:37:00,301 - root - INFO - 去使能指令发送成功，等待机器人进入去使能状态
2025-10-10 19:37:00,804 - root - INFO - 机器人已成功去使能
2025-10-10 19:37:00,804 - controller.robot_controller - INFO - 机器人已去使能
2025-10-10 19:37:00,805 - controller.robot_controller - INFO - 机器人连接已断开
2025-10-10 19:37:00,806 - server.tcp_server - INFO - 客户端 client_26 资源已清理
2025-10-10 19:37:13,059 - server.tcp_server - INFO - 新客户端连接: ('192.168.31.254', 46304)
2025-10-10 19:37:13,060 - server.tcp_server - INFO - 开始处理连接机器人命令，客户端ID: client_27
2025-10-10 19:37:13,060 - controller.robot_controller - INFO - 正在连接机器人 192.168.0.10:10003
2025-10-10 19:37:13,060 - controller.robot_controller - INFO - 机器人连接成功
2025-10-10 19:37:13,061 - server.tcp_server - INFO - 机器人连接结果: True
2025-10-10 19:37:13,061 - server.tcp_server - INFO - 返回成功响应: {"type": "response", "status": "success", "message": "机器人连接成功", "data": {"connected": true}, "message_id": "msg_1_1760096233"}
2025-10-10 19:37:14,613 - root - INFO - 机器人已成功使能
2025-10-10 19:37:14,613 - controller.robot_controller - INFO - 机器人已使能
2025-10-10 19:37:14,645 - root - INFO - 去使能指令发送成功，等待机器人进入去使能状态
2025-10-10 19:37:15,147 - root - INFO - 机器人已成功去使能
2025-10-10 19:37:15,147 - controller.robot_controller - INFO - 机器人已去使能
2025-10-10 19:37:15,148 - controller.robot_controller - INFO - 机器人连接已断开
2025-10-10 19:37:15,149 - server.tcp_server - INFO - 客户端 client_27 资源已清理
2025-10-10 19:38:32,162 - server.tcp_server - INFO - 新客户端连接: ('192.168.31.254', 43892)
2025-10-10 19:38:32,163 - server.tcp_server - INFO - 开始处理连接机器人命令，客户端ID: client_28
2025-10-10 19:38:32,163 - controller.robot_controller - INFO - 正在连接机器人 192.168.0.10:10003
2025-10-10 19:38:32,164 - controller.robot_controller - INFO - 机器人连接成功
2025-10-10 19:38:32,164 - server.tcp_server - INFO - 机器人连接结果: True
2025-10-10 19:38:32,164 - server.tcp_server - INFO - 返回成功响应: {"type": "response", "status": "success", "message": "机器人连接成功", "data": {"connected": true}, "message_id": "msg_1_1760096312"}
2025-10-10 19:38:33,717 - root - INFO - 机器人已成功使能
2025-10-10 19:38:33,717 - controller.robot_controller - INFO - 机器人已使能
2025-10-10 19:38:33,748 - root - INFO - 去使能指令发送成功，等待机器人进入去使能状态
2025-10-10 19:38:34,251 - root - INFO - 机器人已成功去使能
2025-10-10 19:38:34,251 - controller.robot_controller - INFO - 机器人已去使能
2025-10-10 19:38:34,252 - controller.robot_controller - INFO - 机器人连接已断开
2025-10-10 19:38:34,253 - server.tcp_server - INFO - 客户端 client_28 资源已清理
2025-10-10 19:42:25,515 - server.tcp_server - INFO - 新客户端连接: ('192.168.31.254', 39782)
2025-10-10 19:42:25,517 - server.tcp_server - INFO - 开始处理连接机器人命令，客户端ID: client_29
2025-10-10 19:42:25,517 - controller.robot_controller - INFO - 正在连接机器人 192.168.0.10:10003
2025-10-10 19:42:25,517 - controller.robot_controller - INFO - 机器人连接成功
2025-10-10 19:42:25,517 - server.tcp_server - INFO - 机器人连接结果: True
2025-10-10 19:42:25,518 - server.tcp_server - INFO - 返回成功响应: {"type": "response", "status": "success", "message": "机器人连接成功", "data": {"connected": true}, "message_id": "msg_1_1760096545"}
2025-10-10 19:42:27,071 - root - INFO - 机器人已成功使能
2025-10-10 19:42:27,071 - controller.robot_controller - INFO - 机器人已使能
2025-10-10 19:42:32,607 - root - INFO - 关节运动完成
2025-10-10 19:42:32,607 - controller.robot_controller - INFO - 运动到指定姿态完成
2025-10-10 19:42:34,639 - root - INFO - 去使能指令发送成功，等待机器人进入去使能状态
2025-10-10 19:42:35,141 - root - INFO - 机器人已成功去使能
2025-10-10 19:42:35,141 - controller.robot_controller - INFO - 机器人已去使能
2025-10-10 19:42:35,142 - controller.robot_controller - INFO - 机器人连接已断开
2025-10-10 19:42:35,143 - server.tcp_server - INFO - 客户端 client_29 资源已清理
2025-10-10 19:49:27,782 - server.tcp_server - INFO - 新客户端连接: ('192.168.31.254', 36308)
2025-10-10 19:49:27,783 - server.tcp_server - INFO - 开始处理连接机器人命令，客户端ID: client_30
2025-10-10 19:49:27,783 - controller.robot_controller - INFO - 正在连接机器人 192.168.0.10:10003
2025-10-10 19:49:27,784 - controller.robot_controller - INFO - 机器人连接成功
2025-10-10 19:49:27,784 - server.tcp_server - INFO - 机器人连接结果: True
2025-10-10 19:49:27,784 - server.tcp_server - INFO - 返回成功响应: {"type": "response", "status": "success", "message": "机器人连接成功", "data": {"connected": true}, "message_id": "msg_1_1760096967"}
2025-10-10 19:49:29,336 - root - INFO - 机器人已成功使能
2025-10-10 19:49:29,336 - controller.robot_controller - INFO - 机器人已使能
2025-10-10 19:49:30,861 - root - INFO - 关节运动完成
2025-10-10 19:49:30,862 - controller.robot_controller - INFO - 运动到指定姿态完成
2025-10-10 19:49:32,895 - root - INFO - 去使能指令发送成功，等待机器人进入去使能状态
2025-10-10 19:49:33,397 - root - INFO - 机器人已成功去使能
2025-10-10 19:49:33,397 - controller.robot_controller - INFO - 机器人已去使能
2025-10-10 19:49:33,398 - controller.robot_controller - INFO - 机器人连接已断开
2025-10-10 19:49:33,399 - server.tcp_server - INFO - 客户端 client_30 资源已清理
2025-10-10 19:55:00,828 - server.tcp_server - INFO - 新客户端连接: ('192.168.31.254', 45606)
2025-10-10 19:55:00,829 - server.tcp_server - INFO - 开始处理连接机器人命令，客户端ID: client_31
2025-10-10 19:55:00,829 - controller.robot_controller - INFO - 正在连接机器人 192.168.0.10:10003
2025-10-10 19:55:00,830 - controller.robot_controller - INFO - 机器人连接成功
2025-10-10 19:55:00,830 - server.tcp_server - INFO - 机器人连接结果: True
2025-10-10 19:55:00,830 - server.tcp_server - INFO - 返回成功响应: {"type": "response", "status": "success", "message": "机器人连接成功", "data": {"connected": true}, "message_id": "msg_1_1760097300"}
2025-10-10 19:55:02,383 - root - INFO - 机器人已成功使能
2025-10-10 19:55:02,383 - controller.robot_controller - INFO - 机器人已使能
2025-10-10 19:55:02,905 - root - INFO - 关节运动完成
2025-10-10 19:55:02,905 - controller.robot_controller - INFO - 运动到指定姿态完成
2025-10-10 19:55:04,937 - root - INFO - 去使能指令发送成功，等待机器人进入去使能状态
2025-10-10 19:55:05,440 - root - INFO - 机器人已成功去使能
2025-10-10 19:55:05,440 - controller.robot_controller - INFO - 机器人已去使能
2025-10-10 19:55:05,441 - controller.robot_controller - INFO - 机器人连接已断开
2025-10-10 19:55:05,442 - server.tcp_server - INFO - 客户端 client_31 资源已清理
2025-10-10 19:56:53,877 - server.tcp_server - INFO - 正在停止控制器服务器...
2025-10-10 19:56:53,877 - server.tcp_server - INFO - 控制器服务器已停止
2025-10-10 19:57:16,771 - server.tcp_server - INFO - 启动控制器服务器 0.0.0.0:8888
2025-10-10 19:57:16,772 - server.tcp_server - INFO - 控制器服务器已启动
2025-10-10 19:57:28,455 - server.tcp_server - INFO - 新客户端连接: ('192.168.31.254', 59304)
2025-10-10 19:57:28,459 - server.tcp_server - INFO - 开始处理连接机器人命令，客户端ID: client_1
2025-10-10 19:57:28,459 - controller.robot_controller - INFO - 正在连接机器人 192.168.0.10:10003
2025-10-10 19:57:28,462 - controller.robot_controller - INFO - 机器人连接成功
2025-10-10 19:57:28,462 - server.tcp_server - INFO - 机器人连接结果: True
2025-10-10 19:57:28,462 - server.tcp_server - INFO - 返回成功响应: {"type": "response", "status": "success", "message": "机器人连接成功", "data": {"connected": true}, "message_id": "msg_1_1760097448"}
2025-10-10 19:57:30,017 - root - INFO - 机器人已成功使能
2025-10-10 19:57:30,017 - controller.robot_controller - INFO - 机器人已使能
2025-10-10 19:57:51,282 - root - INFO - 关节运动完成
2025-10-10 19:57:51,282 - controller.robot_controller - INFO - 运动到指定姿态完成
2025-10-10 19:57:53,313 - root - INFO - 去使能指令发送成功，等待机器人进入去使能状态
2025-10-10 19:57:53,816 - root - INFO - 机器人已成功去使能
2025-10-10 19:57:53,816 - controller.robot_controller - INFO - 机器人已去使能
2025-10-10 19:57:53,818 - controller.robot_controller - INFO - 机器人连接已断开
2025-10-10 19:57:53,819 - server.tcp_server - INFO - 客户端 client_1 资源已清理
2025-10-10 19:58:49,386 - server.tcp_server - INFO - 新客户端连接: ('192.168.31.254', 33010)
2025-10-10 19:58:49,391 - server.tcp_server - INFO - 开始处理连接机器人命令，客户端ID: client_2
2025-10-10 19:58:49,391 - controller.robot_controller - INFO - 正在连接机器人 192.168.0.10:10003
2025-10-10 19:58:49,392 - controller.robot_controller - INFO - 机器人连接成功
2025-10-10 19:58:49,392 - server.tcp_server - INFO - 机器人连接结果: True
2025-10-10 19:58:49,393 - server.tcp_server - INFO - 返回成功响应: {"type": "response", "status": "success", "message": "机器人连接成功", "data": {"connected": true}, "message_id": "msg_1_1760097529"}
2025-10-10 19:58:50,957 - root - INFO - 机器人已成功使能
2025-10-10 19:58:50,957 - controller.robot_controller - INFO - 机器人已使能
2025-10-10 19:59:31,909 - root - INFO - 关节运动完成
2025-10-10 19:59:31,910 - controller.robot_controller - INFO - 运动到指定姿态完成
2025-10-10 19:59:31,939 - root - INFO - 去使能指令发送成功，等待机器人进入去使能状态
2025-10-10 19:59:32,442 - root - INFO - 机器人已成功去使能
2025-10-10 19:59:32,442 - controller.robot_controller - INFO - 机器人已去使能
2025-10-10 19:59:32,443 - controller.robot_controller - INFO - 机器人连接已断开
2025-10-10 19:59:32,444 - server.tcp_server - INFO - 客户端 client_2 资源已清理
2025-10-10 20:00:03,274 - server.tcp_server - INFO - 新客户端连接: ('192.168.31.254', 55582)
2025-10-10 20:00:03,277 - server.tcp_server - INFO - 开始处理连接机器人命令，客户端ID: client_3
2025-10-10 20:00:03,277 - controller.robot_controller - INFO - 正在连接机器人 192.168.0.10:10003
2025-10-10 20:00:03,278 - controller.robot_controller - INFO - 机器人连接成功
2025-10-10 20:00:03,278 - server.tcp_server - INFO - 机器人连接结果: True
2025-10-10 20:00:03,278 - server.tcp_server - INFO - 返回成功响应: {"type": "response", "status": "success", "message": "机器人连接成功", "data": {"connected": true}, "message_id": "msg_1_1760097603"}
2025-10-10 20:00:04,830 - root - INFO - 机器人已成功使能
2025-10-10 20:00:04,831 - controller.robot_controller - INFO - 机器人已使能
2025-10-10 20:00:05,352 - root - INFO - 关节运动完成
2025-10-10 20:00:05,352 - controller.robot_controller - INFO - 运动到指定姿态完成
2025-10-10 20:00:07,384 - root - INFO - 去使能指令发送成功，等待机器人进入去使能状态
2025-10-10 20:00:07,886 - root - INFO - 机器人已成功去使能
2025-10-10 20:00:07,887 - controller.robot_controller - INFO - 机器人已去使能
2025-10-10 20:00:07,888 - controller.robot_controller - INFO - 机器人连接已断开
2025-10-10 20:00:07,890 - server.tcp_server - INFO - 客户端 client_3 资源已清理
2025-10-10 20:01:11,004 - server.tcp_server - INFO - 新客户端连接: ('192.168.31.254', 57446)
2025-10-10 20:01:11,007 - server.tcp_server - INFO - 开始处理连接机器人命令，客户端ID: client_4
2025-10-10 20:01:11,007 - controller.robot_controller - INFO - 正在连接机器人 192.168.0.10:10003
2025-10-10 20:01:11,008 - controller.robot_controller - INFO - 机器人连接成功
2025-10-10 20:01:11,008 - server.tcp_server - INFO - 机器人连接结果: True
2025-10-10 20:01:11,009 - server.tcp_server - INFO - 返回成功响应: {"type": "response", "status": "success", "message": "机器人连接成功", "data": {"connected": true}, "message_id": "msg_1_1760097671"}
2025-10-10 20:01:12,563 - root - INFO - 机器人已成功使能
2025-10-10 20:01:12,563 - controller.robot_controller - INFO - 机器人已使能
2025-10-10 20:01:13,085 - root - INFO - 关节运动完成
2025-10-10 20:01:13,086 - controller.robot_controller - INFO - 运动到指定姿态完成
2025-10-10 20:01:15,116 - root - INFO - 去使能指令发送成功，等待机器人进入去使能状态
2025-10-10 20:01:15,618 - root - INFO - 机器人已成功去使能
2025-10-10 20:01:15,619 - controller.robot_controller - INFO - 机器人已去使能
2025-10-10 20:01:15,620 - controller.robot_controller - INFO - 机器人连接已断开
2025-10-10 20:01:15,621 - server.tcp_server - INFO - 客户端 client_4 资源已清理
2025-10-10 20:02:56,739 - server.tcp_server - INFO - 新客户端连接: ('192.168.31.254', 53132)
2025-10-10 20:02:56,742 - server.tcp_server - INFO - 开始处理连接机器人命令，客户端ID: client_5
2025-10-10 20:02:56,742 - controller.robot_controller - INFO - 正在连接机器人 192.168.0.10:10003
2025-10-10 20:02:56,743 - controller.robot_controller - INFO - 机器人连接成功
2025-10-10 20:02:56,743 - server.tcp_server - INFO - 机器人连接结果: True
2025-10-10 20:02:56,744 - server.tcp_server - INFO - 返回成功响应: {"type": "response", "status": "success", "message": "机器人连接成功", "data": {"connected": true}, "message_id": "msg_1_1760097776"}
2025-10-10 20:02:58,302 - root - INFO - 机器人已成功使能
2025-10-10 20:02:58,302 - controller.robot_controller - INFO - 机器人已使能
2025-10-10 20:03:00,326 - root - INFO - 关节运动完成
2025-10-10 20:03:00,326 - controller.robot_controller - INFO - 运动到指定姿态完成
2025-10-10 20:03:02,357 - root - INFO - 去使能指令发送成功，等待机器人进入去使能状态
2025-10-10 20:03:02,860 - root - INFO - 机器人已成功去使能
2025-10-10 20:03:02,860 - controller.robot_controller - INFO - 机器人已去使能
2025-10-10 20:03:02,862 - controller.robot_controller - INFO - 机器人连接已断开
2025-10-10 20:03:02,863 - server.tcp_server - INFO - 客户端 client_5 资源已清理
2025-10-10 20:06:52,084 - server.tcp_server - INFO - 新客户端连接: ('192.168.31.254', 42224)
2025-10-10 20:06:52,087 - server.tcp_server - INFO - 开始处理连接机器人命令，客户端ID: client_6
2025-10-10 20:06:52,088 - controller.robot_controller - INFO - 正在连接机器人 192.168.0.10:10003
2025-10-10 20:06:52,088 - controller.robot_controller - INFO - 机器人连接成功
2025-10-10 20:06:52,089 - server.tcp_server - INFO - 机器人连接结果: True
2025-10-10 20:06:52,090 - server.tcp_server - INFO - 返回成功响应: {"type": "response", "status": "success", "message": "机器人连接成功", "data": {"connected": true}, "message_id": "msg_1_1760098012"}
2025-10-10 20:06:52,091 - root - INFO - 机器人已处于使能状态
2025-10-10 20:06:52,091 - controller.robot_controller - INFO - 机器人已使能
2025-10-10 20:06:52,121 - root - INFO - 去使能指令发送成功，等待机器人进入去使能状态
2025-10-10 20:06:52,623 - root - INFO - 机器人已成功去使能
2025-10-10 20:06:52,623 - controller.robot_controller - INFO - 机器人已去使能
2025-10-10 20:06:52,625 - controller.robot_controller - INFO - 机器人连接已断开
2025-10-10 20:06:52,626 - server.tcp_server - INFO - 客户端 client_6 资源已清理
2025-10-10 20:07:22,727 - server.tcp_server - INFO - 新客户端连接: ('192.168.31.254', 53880)
2025-10-10 20:07:22,730 - server.tcp_server - INFO - 开始处理连接机器人命令，客户端ID: client_7
2025-10-10 20:07:22,731 - controller.robot_controller - INFO - 正在连接机器人 192.168.0.10:10003
2025-10-10 20:07:22,731 - controller.robot_controller - INFO - 机器人连接成功
2025-10-10 20:07:22,732 - server.tcp_server - INFO - 机器人连接结果: True
2025-10-10 20:07:22,732 - server.tcp_server - INFO - 返回成功响应: {"type": "response", "status": "success", "message": "机器人连接成功", "data": {"connected": true}, "message_id": "msg_1_1760098042"}
2025-10-10 20:07:24,285 - root - INFO - 机器人已成功使能
2025-10-10 20:07:24,285 - controller.robot_controller - INFO - 机器人已使能
2025-10-10 20:07:24,316 - root - INFO - 去使能指令发送成功，等待机器人进入去使能状态
2025-10-10 20:07:24,818 - root - INFO - 机器人已成功去使能
2025-10-10 20:07:24,818 - controller.robot_controller - INFO - 机器人已去使能
2025-10-10 20:07:24,819 - controller.robot_controller - INFO - 机器人连接已断开
2025-10-10 20:07:24,821 - server.tcp_server - INFO - 客户端 client_7 资源已清理
2025-10-10 20:07:53,567 - server.tcp_server - INFO - 新客户端连接: ('192.168.31.254', 33430)
2025-10-10 20:07:53,570 - server.tcp_server - INFO - 开始处理连接机器人命令，客户端ID: client_8
2025-10-10 20:07:53,571 - controller.robot_controller - INFO - 正在连接机器人 192.168.0.10:10003
2025-10-10 20:07:53,571 - controller.robot_controller - INFO - 机器人连接成功
2025-10-10 20:07:53,572 - server.tcp_server - INFO - 机器人连接结果: True
2025-10-10 20:07:53,572 - server.tcp_server - INFO - 返回成功响应: {"type": "response", "status": "success", "message": "机器人连接成功", "data": {"connected": true}, "message_id": "msg_1_1760098073"}
2025-10-10 20:07:55,125 - root - INFO - 机器人已成功使能
2025-10-10 20:07:55,125 - controller.robot_controller - INFO - 机器人已使能
2025-10-10 20:08:00,283 - root - INFO - 关节运动完成
2025-10-10 20:08:00,284 - controller.robot_controller - INFO - 运动到指定姿态完成
2025-10-10 20:08:32,986 - controller.robot_controller - ERROR - 机器人去使能失败: 机器人错误 -1: 去使能失败，当前状态不允许去使能: 24 (机器人去使能)
2025-10-10 20:08:32,987 - controller.robot_controller - INFO - 机器人连接已断开
2025-10-10 20:08:32,988 - server.tcp_server - INFO - 客户端 client_8 资源已清理
2025-10-10 20:09:56,691 - server.tcp_server - INFO - 新客户端连接: ('192.168.31.254', 55814)
2025-10-10 20:09:56,694 - server.tcp_server - INFO - 开始处理连接机器人命令，客户端ID: client_9
2025-10-10 20:09:56,694 - controller.robot_controller - INFO - 正在连接机器人 192.168.0.10:10003
2025-10-10 20:09:56,695 - controller.robot_controller - INFO - 机器人连接成功
2025-10-10 20:09:56,695 - server.tcp_server - INFO - 机器人连接结果: True
2025-10-10 20:09:56,696 - server.tcp_server - INFO - 返回成功响应: {"type": "response", "status": "success", "message": "机器人连接成功", "data": {"connected": true}, "message_id": "msg_1_1760098196"}
2025-10-10 20:09:58,248 - root - INFO - 机器人已成功使能
2025-10-10 20:09:58,248 - controller.robot_controller - INFO - 机器人已使能
2025-10-10 20:10:20,220 - root - INFO - 关节运动完成
2025-10-10 20:10:20,221 - controller.robot_controller - INFO - 运动到指定姿态完成
2025-10-10 20:10:50,374 - controller.robot_controller - ERROR - 机器人去使能失败: 机器人错误 -1: 去使能失败，当前状态不允许去使能: 24 (机器人去使能)
2025-10-10 20:10:50,374 - controller.robot_controller - INFO - 机器人连接已断开
2025-10-10 20:10:50,374 - server.tcp_server - ERROR - 发送完整消息时发生错误: [Errno 32] Broken pipe
2025-10-10 20:10:50,375 - server.tcp_server - INFO - 客户端 client_9 资源已清理
2025-10-10 20:11:01,700 - server.tcp_server - INFO - 新客户端连接: ('192.168.31.254', 41186)
2025-10-10 20:11:01,703 - server.tcp_server - INFO - 开始处理连接机器人命令，客户端ID: client_10
2025-10-10 20:11:01,704 - controller.robot_controller - INFO - 正在连接机器人 192.168.0.10:10003
2025-10-10 20:11:01,704 - controller.robot_controller - INFO - 机器人连接成功
2025-10-10 20:11:01,705 - server.tcp_server - INFO - 机器人连接结果: True
2025-10-10 20:11:01,705 - server.tcp_server - INFO - 返回成功响应: {"type": "response", "status": "success", "message": "机器人连接成功", "data": {"connected": true}, "message_id": "msg_1_1760098261"}
2025-10-10 20:11:03,255 - root - INFO - 机器人已成功使能
2025-10-10 20:11:03,255 - controller.robot_controller - INFO - 机器人已使能
2025-10-10 20:11:04,279 - root - INFO - 关节运动完成
2025-10-10 20:11:04,279 - controller.robot_controller - INFO - 运动到指定姿态完成
2025-10-10 20:11:06,313 - root - INFO - 去使能指令发送成功，等待机器人进入去使能状态
2025-10-10 20:11:06,816 - root - INFO - 机器人已成功去使能
2025-10-10 20:11:06,816 - controller.robot_controller - INFO - 机器人已去使能
2025-10-10 20:11:06,818 - controller.robot_controller - INFO - 机器人连接已断开
2025-10-10 20:11:06,819 - server.tcp_server - INFO - 客户端 client_10 资源已清理
2025-10-10 20:11:21,508 - server.tcp_server - INFO - 新客户端连接: ('192.168.31.254', 32994)
2025-10-10 20:11:21,512 - server.tcp_server - INFO - 开始处理连接机器人命令，客户端ID: client_11
2025-10-10 20:11:21,512 - controller.robot_controller - INFO - 正在连接机器人 192.168.0.10:10003
2025-10-10 20:11:21,513 - controller.robot_controller - INFO - 机器人连接成功
2025-10-10 20:11:21,513 - server.tcp_server - INFO - 机器人连接结果: True
2025-10-10 20:11:21,514 - server.tcp_server - INFO - 返回成功响应: {"type": "response", "status": "success", "message": "机器人连接成功", "data": {"connected": true}, "message_id": "msg_1_1760098281"}
2025-10-10 20:11:23,067 - root - INFO - 机器人已成功使能
2025-10-10 20:11:23,067 - controller.robot_controller - INFO - 机器人已使能
2025-10-10 20:11:23,588 - root - INFO - 关节运动完成
2025-10-10 20:11:23,588 - controller.robot_controller - INFO - 运动到指定姿态完成
2025-10-10 20:11:29,622 - root - INFO - 关节运动完成
2025-10-10 20:11:29,623 - controller.robot_controller - INFO - 运动到指定姿态完成
2025-10-10 20:11:31,654 - root - INFO - 去使能指令发送成功，等待机器人进入去使能状态
2025-10-10 20:11:32,156 - root - INFO - 机器人已成功去使能
2025-10-10 20:11:32,156 - controller.robot_controller - INFO - 机器人已去使能
2025-10-10 20:11:32,157 - controller.robot_controller - INFO - 机器人连接已断开
2025-10-10 20:11:32,159 - server.tcp_server - INFO - 客户端 client_11 资源已清理
2025-10-10 20:12:47,039 - server.tcp_server - INFO - 新客户端连接: ('192.168.31.254', 53754)
2025-10-10 20:12:47,042 - server.tcp_server - INFO - 开始处理连接机器人命令，客户端ID: client_12
2025-10-10 20:12:47,042 - controller.robot_controller - INFO - 正在连接机器人 192.168.0.10:10003
2025-10-10 20:12:47,043 - controller.robot_controller - INFO - 机器人连接成功
2025-10-10 20:12:47,043 - server.tcp_server - INFO - 机器人连接结果: True
2025-10-10 20:12:47,044 - server.tcp_server - INFO - 返回成功响应: {"type": "response", "status": "success", "message": "机器人连接成功", "data": {"connected": true}, "message_id": "msg_1_1760098367"}
2025-10-10 20:12:48,597 - root - INFO - 机器人已成功使能
2025-10-10 20:12:48,597 - controller.robot_controller - INFO - 机器人已使能
2025-10-10 20:13:18,692 - controller.robot_controller - ERROR - 运动到指定关节位置失败: 关节运动执行失败: 机器人错误 -1: 等待运动完成超时
2025-10-10 20:13:19,223 - root - INFO - 去使能指令发送成功，等待机器人进入去使能状态
2025-10-10 20:13:19,725 - root - INFO - 机器人已成功去使能
2025-10-10 20:13:19,726 - controller.robot_controller - INFO - 机器人已去使能
2025-10-10 20:13:19,726 - controller.robot_controller - INFO - 机器人连接已断开
2025-10-10 20:13:19,727 - server.tcp_server - INFO - 客户端 client_12 资源已清理
2025-10-10 20:13:40,035 - server.tcp_server - INFO - 新客户端连接: ('192.168.31.254', 44736)
2025-10-10 20:13:40,038 - server.tcp_server - INFO - 开始处理连接机器人命令，客户端ID: client_13
2025-10-10 20:13:40,038 - controller.robot_controller - INFO - 正在连接机器人 192.168.0.10:10003
2025-10-10 20:13:40,039 - controller.robot_controller - INFO - 机器人连接成功
2025-10-10 20:13:40,039 - server.tcp_server - INFO - 机器人连接结果: True
2025-10-10 20:13:40,040 - server.tcp_server - INFO - 返回成功响应: {"type": "response", "status": "success", "message": "机器人连接成功", "data": {"connected": true}, "message_id": "msg_1_1760098420"}
2025-10-10 20:13:41,594 - root - INFO - 机器人已成功使能
2025-10-10 20:13:41,595 - controller.robot_controller - INFO - 机器人已使能
2025-10-10 20:13:42,116 - root - INFO - 关节运动完成
2025-10-10 20:13:42,116 - controller.robot_controller - INFO - 运动到指定关节位置完成
2025-10-10 20:14:11,223 - root - INFO - 关节运动完成
2025-10-10 20:14:11,224 - controller.robot_controller - INFO - 运动到指定姿态完成
2025-10-10 20:14:17,264 - root - INFO - 关节运动完成
2025-10-10 20:14:17,265 - controller.robot_controller - INFO - 运动到指定姿态完成
2025-10-10 20:14:19,297 - root - INFO - 去使能指令发送成功，等待机器人进入去使能状态
2025-10-10 20:14:19,799 - root - INFO - 机器人已成功去使能
2025-10-10 20:14:19,799 - controller.robot_controller - INFO - 机器人已去使能
2025-10-10 20:14:19,801 - controller.robot_controller - INFO - 机器人连接已断开
2025-10-10 20:14:19,802 - server.tcp_server - INFO - 客户端 client_13 资源已清理
2025-10-10 20:14:33,713 - server.tcp_server - INFO - 新客户端连接: ('192.168.31.254', 54108)
2025-10-10 20:14:33,714 - server.tcp_server - INFO - 开始处理连接RealSense相机命令，客户端ID: client_14
2025-10-10 20:14:33,853 - controller.realsense_controller - INFO - 相机内参读取成功
2025-10-10 20:14:33,853 - controller.realsense_controller - INFO - RealSense相机连接成功
2025-10-10 20:14:33,853 - server.tcp_server - INFO - 返回成功响应: {"type": "response", "status": "success", "message": "RealSense相机连接成功", "data": {"connected": true}, "message_id": "msg_1_1760098473"}
2025-10-10 20:14:34,441 - controller.realsense_controller - INFO - RealSense相机连接已断开
2025-10-10 20:14:34,442 - server.tcp_server - INFO - 客户端 client_14 资源已清理
2025-10-10 20:15:30,544 - server.tcp_server - INFO - 新客户端连接: ('192.168.31.254', 40354)
2025-10-10 20:15:30,545 - server.tcp_server - INFO - 开始处理连接RealSense相机命令，客户端ID: client_15
2025-10-10 20:15:30,685 - controller.realsense_controller - INFO - 相机内参读取成功
2025-10-10 20:15:30,686 - controller.realsense_controller - INFO - RealSense相机连接成功
2025-10-10 20:15:30,686 - server.tcp_server - INFO - 返回成功响应: {"type": "response", "status": "success", "message": "RealSense相机连接成功", "data": {"connected": true}, "message_id": "msg_1_1760098530"}
2025-10-10 20:15:31,319 - controller.realsense_controller - INFO - RealSense相机连接已断开
2025-10-10 20:15:31,320 - server.tcp_server - INFO - 客户端 client_15 资源已清理
2025-10-10 20:16:22,963 - server.tcp_server - INFO - 新客户端连接: ('192.168.31.254', 37380)
2025-10-10 20:16:22,966 - server.tcp_server - INFO - 开始处理连接机器人命令，客户端ID: client_16
2025-10-10 20:16:22,966 - controller.robot_controller - INFO - 正在连接机器人 192.168.0.10:10003
2025-10-10 20:16:22,967 - controller.robot_controller - INFO - 机器人连接成功
2025-10-10 20:16:22,967 - server.tcp_server - INFO - 机器人连接结果: True
2025-10-10 20:16:22,968 - server.tcp_server - INFO - 返回成功响应: {"type": "response", "status": "success", "message": "机器人连接成功", "data": {"connected": true}, "message_id": "msg_1_1760098582"}
2025-10-10 20:16:24,519 - root - INFO - 机器人已成功使能
2025-10-10 20:16:24,519 - controller.robot_controller - INFO - 机器人已使能
2025-10-10 20:16:28,548 - root - INFO - 关节运动完成
2025-10-10 20:16:28,548 - controller.robot_controller - INFO - 运动到指定关节位置完成
2025-10-10 20:16:31,579 - root - INFO - 关节运动完成
2025-10-10 20:16:31,580 - controller.robot_controller - INFO - 运动到指定姿态完成
2025-10-10 20:16:33,104 - root - INFO - 关节运动完成
2025-10-10 20:16:33,105 - controller.robot_controller - INFO - 运动到指定姿态完成
2025-10-10 20:16:35,138 - root - INFO - 去使能指令发送成功，等待机器人进入去使能状态
2025-10-10 20:16:35,640 - root - INFO - 机器人已成功去使能
2025-10-10 20:16:35,640 - controller.robot_controller - INFO - 机器人已去使能
2025-10-10 20:16:35,641 - controller.robot_controller - INFO - 机器人连接已断开
2025-10-10 20:16:35,642 - server.tcp_server - INFO - 客户端 client_16 资源已清理
2025-10-11 18:22:44,452 - server.tcp_server - INFO - 启动控制器服务器 0.0.0.0:8888
2025-10-11 18:22:44,452 - server.tcp_server - INFO - 控制器服务器已启动
2025-10-11 18:23:03,626 - server.tcp_server - INFO - 新客户端连接: ('192.168.31.254', 32818)
2025-10-11 18:23:10,641 - server.tcp_server - INFO - 客户端 client_1 资源已清理
2025-10-11 18:23:51,775 - server.tcp_server - INFO - 正在停止控制器服务器...
2025-10-11 18:23:51,775 - server.tcp_server - INFO - 控制器服务器已停止
2025-10-11 18:25:02,134 - server.tcp_server - INFO - 启动控制器服务器 0.0.0.0:8888
2025-10-11 18:25:02,134 - server.tcp_server - INFO - 控制器服务器已启动
2025-10-11 18:25:12,549 - server.tcp_server - INFO - 新客户端连接: ('192.168.31.254', 58340)
2025-10-11 18:25:19,563 - server.tcp_server - INFO - 客户端 client_1 资源已清理
2025-10-11 18:25:28,188 - server.tcp_server - INFO - 新客户端连接: ('127.0.0.1', 35354)
2025-10-11 18:25:31,771 - server.tcp_server - INFO - 客户端 client_2 资源已清理
2025-10-11 18:27:56,611 - server.tcp_server - INFO - 正在停止控制器服务器...
2025-10-11 18:27:56,611 - server.tcp_server - INFO - 控制器服务器已停止
